:10000000409A0020A93500004B650100953500009D
:100010009535000095350000953500000000000082
:10002000000000000000000000000000E1350000BA
:100030009535000000000000E9370000953500000C
:10004000653800005DF2000065380000653800008A
:10005000653800006538000065380000653800002C
:10006000653800006538000065380000653800001C
:10007000653800006538000065380000653800000C
:1000800065380000653800006538000065380000FC
:1000900065380000653800006538000065380000EC
:1000A00065380000653800006538000065380000DC
:1000B00065380000653800006538000065380000CC
:1000C00065380000653800006538000065380000BC
:1000D00065380000653800006538000065380000AC
:1000E000653800006538000065380000653800009C
:1000F000653800006538000065380000653800008C
:1001000080F0004002E000BF81F0004142001FBFCC
:100110005FEA410392EA030F7FEA226C7FEA236CD5
:100120006AD04FEA1262D2EB1363C1BFD2184140CA
:1001300048404140B8BF5B42192B88BF704710F060
:10014000004F40F4000020F07F4018BF404211F003
:10015000004F41F4000121F07F4118BF494292EA6B
:10016000030F3FD0A2F1010241FA03FC10EB0C0097
:10017000C3F1200301FA03F100F0004302D5494224
:1001800060EB4000B0F5000F13D3B0F1807F06D3D1
:1001900040084FEA310102F10102FE2A51D2B1F1C9
:1001A000004F40EBC25008BF20F0010040EA0300BE
:1001B0007047490040EB0000013A28BFB0F5000F3E
:1001C000EDD2B0FA80FCACF1080CB2EB0C0200FAF4
:1001D0000CF0AABF00EBC25052421843BCBFD04043
:1001E0001843704792F0000F81F4000106BF80F4BD
:1001F00000000132013BB5E74FEA41037FEA226C80
:1002000018BF7FEA236C21D092EA030F04D092F04A
:10021000000F08BF0846704790EA010F1CBF00207E
:10022000704712F07F4F04D1400028BF40F00040DB
:10023000704712F100723CBF00F50000704700F0FB
:10024000004343F0FE4040F4000070477FEA226222
:1002500016BF08467FEA23630146420206BF5FEAF3
:10026000412390EA010F40F4800070474FF00003F3
:1002700004E000BF10F0004348BF40425FEA000CBA
:1002800008BF704743F0964301464FF000001CE062
:1002900050EA010208BF70474FF000030AE000BFB8
:1002A00050EA010208BF704711F0004302D54042F6
:1002B00061EB41015FEA010C02BF84460146002068
:1002C00043F0B64308BFA3F18053A3F50003BCFA83
:1002D0008CF2083AA3EBC25310DB01FA02FC634430
:1002E00000FA02FCC2F12002BCF1004F20FA02F237
:1002F00043EB020008BF20F00100704702F120022A
:1003000001FA02FCC2F1200250EA4C0021FA02F28A
:1003100043EB020008BF20EADC7070474FEA40025E
:10032000B2F1FE4F0FD34FF09E03B3EB12620DD923
:100330004FEA002343F0004310F0004F23FA02F08D
:1003400018BF404270474FF00000704712F1610F34
:1003500001D1420205D110F0004008BF6FF000400B
:1003600070474FF0000070477BB972B90029BEBFDB
:1003700000204FF0004106E008BF00281CBF6FF0CE
:1003800000414FF0FF3000F057B8ADF1080C6DE9B7
:1003900004CE002909DB002B1ADB00F05FF8DDF842
:1003A00004E0DDE9022304B07047404261EB410103
:1003B000002B1BDB00F052F8DDF804E0DDE902233E
:1003C00004B0404261EB4101524263EB430370478A
:1003D000524263EB430300F041F8DDF804E0DDE94D
:1003E000022304B0404261EB41017047524263EB8B
:1003F000430300F033F8DDF804E0DDE9022304B044
:10040000524263EB4303704753B94AB9002908BF0E
:1004100000281CBF4FF0FF314FF0FF3000F00CB848
:10042000ADF1080C6DE904CE00F018F8DDF804E039
:10043000DDE9022304B07047704700BF034611F89E
:10044000012B03F8012B002AF9D17047034613F85A
:10045000012B002AFBD1181A013870472DE9F0470B
:100460008C468E46089E154604461946002B40F0E1
:10047000D080724547D9B2FA82F74FB1C7F1200355
:100480000EFA07FC20FA03F3BD4043EA0C0CBC4013
:100490004FEA154EA8B2BCFBFEF8230C0EFB18CC9D
:1004A00008FB00F943EA0C43994528D9EB1808F1F9
:1004B000FF3204D2994502D9A8F102022B44A3EBE2
:1004C0000903A4B2B3FBFEFC0EFB1C330CFB00F0D3
:1004D00044EA0344A04214D92C190CF1FF3304D28E
:1004E000A04202D9ACF102032C44241A43EA024090
:1004F0001EB1FC40002334607360BDE8F0874246C3
:10050000DDE76346F1E7002A79D0B2FA82F3002BE7
:100510003FD01946C1F1200302FA01F52EFA03F289
:100520000EFA01FE20FA03F343EA0E034FEA154EDA
:1005300000FA01F4B2FBFEFCAFB20EFB1C201A0C59
:100540000CFB07F842EA004290455AD9AA180CF170
:10055000FF3004D2904502D9ACF102002A44A2EB4C
:1005600008029BB2B2FBFEFC0EFB1C220CFB07F741
:1005700043EA02439F4246D9EB180CF1FF3204D202
:100580009F4202D9ACF102022B44DB1B42EA00423B
:1005900002E0AEEB020301224FEA154EAFB2B3FB0D
:1005A000FEFC200C0EFB1C330CFB07F840EA034357
:1005B00098452AD9EB180CF1FF3004D2984502D99E
:1005C000ACF102002B44A3EB0803A4B2B3FBFEFC86
:1005D0000EFB1C330CFB07F744EA0344A74216D971
:1005E0002C190CF1FF3304D2A74202D9ACF102035B
:1005F0002C44E41B43EA00400F46114678E71F21D4
:1006000088E76046ABE76246BFE76046DBE76346E4
:10061000EFE7734506D916B9002108466DE7C6E92C
:10062000000EF9E7B3FA83F787B9734501D3824225
:1006300007D8841A6EEB030301209C461EB90021E3
:100640005BE73846FAE7C6E9004CF8E7C7F1200C4B
:10065000BB4022FA0CF51D4320FA0CF12EFA0CF3E4
:100660000EFA07FE41EA0E014FEA154900FA07F4B7
:10067000B3FBF9F81FFA85FE09FB18300B0C08FBD9
:100680000EFA43EA00439A4502FA07F240D9EB1802
:1006900008F1FF3004D29A4502D9A8F102002B4498
:1006A000A3EB0A0389B2B3FBF9F809FB183308FB83
:1006B0000EFE41EA03418E452CD9691808F1FF333B
:1006C00004D28E4502D9A8F10203294443EA00402E
:1006D000A0FB0298A1EB0E014145CE46434602D352
:1006E00006D14C4504D2B9EB020E68EB0503013884
:1006F000002EA4D0B4EB0E0261EB030101FA0CFC56
:1007000022FA07F34CEA0303F940C6E9003196E701
:100710004046C5E74346D9E738B5194C9DF810E087
:1007200094F828C01CF0010521D163F3420C40016C
:10073000237DA1834FEACE0E0EF0180E00F02000AC
:1007400040EA0E0023F0380303430E48237591213D
:10075000A2FB000384F828C001FB023106A3D3E901
:100760000023FFF751FEC4E90800284638BD0C25D8
:10077000284638BDAFF300808D49FD1A0700000000
:10078000E0160020002AE7842DE9F043044600F13A
:10079000150190F82800237D3B4DC0F3400060F325
:1007A00086138DB023750DF077FA227DA38B374821
:1007B000246102F07902002722759121A3FB000237
:1007C000C4E90277277001FB03212DA3D3E900239D
:1007D000FFF71AFE626A2E4B651BA3FB053502F17B
:1007E000090398428EBF19463A460146226261606B
:1007F00006460DF017FA0694A38B00F1090723486B
:100800009121A3FB000201FB0321224B0793224B02
:1008100005936368049302234FF000080B930DF1D6
:100820002C0917A3D3E90023CDF82090CDF80C8034
:10083000FFF7EAFD104619464FF47A720023FFF7DE
:10084000E3FDC5F347150235EDB2CDE901600321A3
:10085000CDF800803B462A4640460DF093F94946C4
:100860000DF056FC40B994F8283043F0010384F8A9
:1008700028300DB0BDE8F0830C200DB0BDE8F0834A
:100880008D49FD1A07000000E0160020002AE784C9
:10089000A38B2EBAF1DC000089F0000000000000FC
:1008A0002DE9F041C468237923F001038CB0237152
:1008B0000F4605460FF08EFC00200FF0AFFC002124
:1008C00008460FF09DFC0820002225210FF004FDB2
:1008D00001200DF0A9FC002864D01C300FF026FD8B
:1008E000494B0B930BA80FF0E3FC484940F25B60C7
:1008F0000FF08AFD2079C0F3410025300EF08CFF07
:10090000434821460FF03AFC23799B062DD59620CB
:100910000FF0A4FE00231A46194618460FF0D6FD24
:10092000D4F800802E6840460EF064FF06446A68E2
:1009300006F1090100200FF09DFE0FF05BFF0FF0A4
:1009400035FE20460EF066FC811CC9B24046324698
:100950000EF052FF054648BB57B120460EF018FF77
:1009600010BB00200CB0BDE8F0810FF00FFED7E700
:100970002369002BF1D0274D0795274D059540F2AF
:10098000F3150093CDE90377CDE90177069433465B
:100990000122394608950DF0F5F810F0FD0FDCD076
:1009A00000DEDAE700DE98E700DEDAE71B4A1C49E2
:1009B0001C4840F2E51315F09DF81B4B0721A5FBE1
:1009C000030301FB05310EA3D3E90023FFF71CFD50
:1009D00016490246164815F08DF8002585F3118852
:1009E000BFF36F8F0323184602DF124821460FF032
:1009F000C5FB0FF0B5FC6FF08B00B3E7AFF30080E1
:100A000000CA9A3B00000000D6BE898E555555009D
:100A100079FD00000DFB00001DFB0000C8A70100D0
:100A200014A8010080A701008D49FD1A44A8010007
:100A300018A8010099FB000010B500F019F8044651
:100A400060B9094A0948012115F0A5FC00F058F8E1
:100A50002246022114F01FFE002010BD00F050F8C5
:100A600000220121F6E700BFDCA90100289F010058
:100A700013B51A4A1A48032115F08DFC00F066FBE5
:100A800020B9184A1648022115F085FC00F0FCFC3C
:100A90004FF40063144A154800930521144B00F0ED
:100AA0009DF900F099FC40B9124A0D48012115F05A
:100AB00072FC0024204602B010BD00F02FFF08B9E0
:100AC0000D4AF2E700F0DAFF044608B90B4AECE7FA
:100AD00000F074F800F03CF8ECE700BFF2A9010068
:100AE000289F010021AA01004BAA0100B80600209E
:100AF000405900204FAA010078AA01009BAA0100DA
:100B000000487047601A002008B5074814F08EFDB1
:100B10000549064800F010F8BDE80840044A0549B8
:100B2000024815F019BD00BFB8060020601A002069
:100B3000D4330020EF54010010B50122044600F028
:100B40006FF9024B2360204610BD00BFD0A001000A
:100B500000220249027114F0AFBD00BF580100200D
:100B600070B504460D46042912D8DFE801F00309E8
:100B70000B0D0F000A49204600F05AF9257170BD8F
:100B80000849F8E70849F6E70849F4E70849F2E7B1
:100B9000084A09480B46BDE87040012115F004BC25
:100BA0005801002054010020500100204C01002079
:100BB00048010020C3AA0100289F01000048704797
:100BC0006C1A002008B50F4A0F49104815F0C4FCF4
:100BD0000C4A0F490F4815F0BFFC0A4A0E490F484E
:100BE00015F0BAFC074A0E490E4815F0B5FC054A47
:100BF0000D490E4815F0B0FCBDE808400C4814F053
:100C00008EBC00BFD43300201555010058010020D0
:100C10001755010054010020195501005001002012
:100C20001B5501004C0100201D550100480100200A
:100C30006C1A002000487047E2AA010008B514F0C1
:100C400065FD0346064A0748032115F0ADFB00F099
:100C500089FEBDE808400022012114F01CBD00BF40
:100C6000EAAA0100289F0100032908B504D004293D
:100C700009D0022910D008BDFFF7A0FF0121BDE86F
:100C80000840FFF76DBF0221084A094815F083FBB1
:100C9000FFF794FF0321F2E70121064A044815F00B
:100CA0007AFBFFF78BFF0421E9E700BF03AB0100EC
:100CB000289F010017AB01000048704736AB0100C8
:100CC00008B500F0B9FB0022012114F0E4FC00F0AB
:100CD0004DFE034A0348BDE80840032115F05BBB05
:100CE00040AB0100289F01000048704766AB01003F
:100CF000024A0348032115F04EBB00BF72AB01004E
:100D0000289F01000048704785AB0100032908B502
:100D100002D008290AD008BD064B00221A70FFF73E
:100D20004DFF0121BDE80840FFF71ABFFFF746FF5E
:100D30000421F7E75251002013B5104C022000F0B7
:100D40004BFA23780133DBB22370052200920C4862
:100D50000C4A022115F032FB2378042B04D902B08F
:100D6000BDE8104014F03CBC00F0FCFD0022012165
:100D700002B0BDE8104014F08EBC00BF52510020FC
:100D8000289F010090AB010000487047A4AB010010
:100D900008B5094A0948012115F0FDFA022000F0C2
:100DA0001BFA00F049FB0022022114F074FCBDE89C
:100DB000084000F0E3BD00BFAFAB0100289F010079
:100DC00008B50346034A0448022115F0EDFA002055
:100DD00008BD00BFDCAB0100809F01002DE970431E
:100DE00088B00E46154604460E9A194600234FF069
:100DF00000084FF00009CDE90363CDE90133CDE9E7
:100E00000689064B009013F0E5F9C4F8B8002946AE
:100E100008B0BDE8704313F057B900BFF9550100A1
:100E200010B5024C0272C0E9004110BD84A101005E
:100E30002DE9F04182B005460068884200AF0C46BB
:100E400030D010B10368DB689847286800282DD09F
:100E500003685B6998470646236820465B699847A4
:100E6000E8468AB003466A46114905A814F01FFCFB
:100E7000314606A814F01BFC194607A80D4B14F0C8
:100E800016FC08930C4B42F8103F7B600B48002384
:100E90004FF4235101F010FEC5462C602368204614
:100EA0009B6898470837BD46BDE8F081044ED3E7FC
:100EB0000DAC01000002010304000002809F01004C
:100EC00006AC010070B504460E46154600213822D6
:100ED00018F095FDC4E90E6503490022204618F07C
:100EE0005DFC6463204670BDCF560100F0B51D4621
:100EF000134B1F688BB004460E46F7B11F2200212A
:100F00000DF1090018F07BFDAA88D4F80100B4F8AF
:100F1000053000901F2AADF8043028BF1F22237827
:100F200029688DF806300DF109008DF807608DF8FD
:100F3000082018F056FD6846B8470BB0F0BD00BF5A
:100F4000741A002008B500200BF0DAF8034630B11F
:100F50000648074A012115F027FA002008BD03487A
:100F6000044A032115F017FA0120F7E7889F0100D2
:100F70001DAC010033AC0100014B1860704700BF8D
:100F8000741A002030B5124D2C7885B0ECB960236E
:100F900001A801940F49ADF806303023C0E901449F
:100FA000ADF808300BF034FE034638B10A4A0B485E
:100FB000012115F0F9F9204605B030BD01232B7051
:100FC000074A0648032115F0E6F90124F3E700BFBC
:100FD00053510020ED0E000047AC0100889F010036
:100FE00064AC010010B50B4C237883B10BF060FEAC
:100FF000034630B10848094A012115F0D5F900200F
:1010000010BD2070064A0448032115F0C4F90120E0
:10101000F6E700BF53510020889F010079AC010022
:1010200095AC010010B50F4818F04CF830B90E48D7
:101030000E4A012115F0AFF9012010BD03F012F99D
:10104000044638B10A4A03460121074815F0ACF9B5
:101050000220F2E70448074A032115F09CF92046D4
:10106000EBE700BFD09C0100989F0100B2AC0100EB
:10107000F4AC01000EAD010008B5054A0548022197
:1010800015F089F9044B00221A70032008BD00BF37
:101090001FAD0100989F010054510020014B1878AA
:1010A000704700BF5451002007B50B4B1878002340
:1010B00070B10DF106000DF107018DF806308DF8C5
:1010C000073015F027FB9DF80600002808BF0B200D
:1010D00003B05DF804FB00BF5451002037B505464E
:1010E0000C46154817F0EEFF10B3144B1B780BB3EA
:1010F000FFF7DAFFA0420BD2FFF7D6FF104A0090AD
:1011000023461048012115F059F9042003B030BDE1
:101110000023E2B22946012003F018F80346002814
:10112000F4D00848084A012115F03EF90520EDE702
:101130000120EBE70320E9E7D09C01005451002097
:1011400064AD0100989F0100A4AD01002DE9F041BC
:1011500001251D4C04262F46013E02D12846BDE83C
:10116000F08154F8080C17F0ADFF38B9174A184849
:10117000012115F010F900250834EDE754F8080CAA
:1011800014F8041C34F8023CDA07D0F810C0D0F888
:10119000088054BF43F4B01383F4D01313F0010F4D
:1011A00023F48012DCF8003007FA01FE14BF4EEA87
:1011B000030323EA0E03CCF80030D8F80030984738
:1011C0000028D9D0034AD2E798A10100C6AD01009A
:1011D000909F0100D9AD0100022808D8044B03EB11
:1011E000C0010122097953F8300014F0C0BA7047E9
:1011F00090A10100022808D8044B03EBC001002293
:10120000097953F8300014F0B2BA704790A1010088
:10121000022803460AD8064A52F8300002EBC302FD
:1012200001211379994083685B691847704700BFB3
:1012300090A101002DE9FF4105461D4E304617F0F3
:1012400041FF044648B91B4A1B48012115F0A3F889
:101250000024204604B0BDE8F08110220021684639
:1012600018F0CDFB0227D6F808808DF80C70D8F85E
:1012700008300195694630469847104A00280346D1
:10128000106005DA0E4A0C48012115F08DF8DFE7F1
:10129000D8F80030394630469847034608B1094A25
:1012A000F1E7094A04482B46032115F07DF8D0E701
:1012B000609C0100FEAD0100A09F01005C010020C8
:1012C00018AE010038AE01004EAE0100044B1968A3
:1012D000002903DB03488368DB681847704700BFB9
:1012E0005C010020609C010010B502220446FFF75B
:1012F00097FD024B2360204610BD00BFB0A1010046
:1013000008B5014600220A48002317F040FF0246B4
:1013100040B1084A13884FF6FF718B4201D0013368
:10132000138008BDBDE808400348032114F0B9B993
:10133000841A002048510020781A00200346024AEF
:101340000248022115F030B881AE010008A001006A
:1013500030B502298FB0084608D003290BD00129E7
:1013600032D10FB0BDE83040FFF70CBE0FB0BDE882
:101370003040FFF737BE2822002104A818F03FFBB9
:101380004FF6FF7413480022002304A912F05EFBFD
:1013900008B10FB030BD9DF81830122BF2D99DF86E
:1013A000195007A8FF2D0FC8ECD1BDF81A50A5425F
:1013B000E8D1CDE90001CDE902239DF917106A4675
:1013C00004A800F08DF8DDE70FB0BDE83040FFF76E
:1013D000B5BF00BF841A002013B520230E490F4863
:1013E000282217F0C0FE4FF400630D4A0D48009309
:1013F00003210D4BFFF7F2FCFFF7A4FD044640B1BB
:101400000A48FFF7B9FD0A4A0A482023032114F0CD
:10141000CBFF204602B010BD55510020841A002099
:10142000C4AE010098080020806100200113000074
:1014300097AE010008A0010000487047781A00200C
:10144000014B1888704700BF4851002008B5074875
:1014500014F0ECF805490648FFF746FFBDE80840E0
:10146000044A0549024815F077B800BF98080020E3
:10147000781A0020D43300208F570100014812F061
:10148000BBBB00BF9C05002070B51048104D4FF04D
:10149000FF324FF0FF3312F03DFB0024601920347F
:1014A000B4F54A6F0CD10B4B00221A80FFF7E6FF10
:1014B000094A0A48BDE870406423032114F074BF50
:1014C0002022002118F09BFAE8E700BF9C050020CD
:1014D000B81A00204A510020D0AE010018A0010027
:1014E0002DE9F04106460F4615462748274C4FF098
:1014F000FF324FF0FF3312F00DFB4FF06508B8F1EB
:1015000001082AD1214C6523013B31D11F4C6521B3
:1015100022460139A36930D11D490A884FF6FF7070
:1015200082421CBF01320A801A4A1B48022114F071
:101530003BFF30682060B388A38001232377A77125
:1015400095E80F0004F1080686E80F0014F0FCF897
:10155000A061BDE8F041FFF791BF237F33B10622C0
:101560003146204618F053FA0028E8D02034C6E768
:10157000227F002ADDD02034C6E79069984238BF28
:1015800014462032C5E700BF9C050020B81A002091
:101590004A510020F0AE010018A001002DE9F843E7
:1015A0000E46074698B3B9B114F0CEF881461948F3
:1015B0004FF0FF324FF0FF3312F0ACFADFF858C0B3
:1015C0004FF0650E4FF00008BEF1010E01D0B0459E
:1015D00005D3FFF753FF46463046BDE8F8839CF835
:1015E0001C308BB1DCF81830A9EB0303B3F5616F45
:1015F0000AD865460FCD07EB48140FC495E80F00D5
:1016000084E80F0008F101080CF1200CDCE7064625
:10161000E2E700BF9C050020B81A002010B54FF08B
:10162000FF324FF0FF33084812F074FA074A65237F
:101630000024013B03D1FFF721FF204610BD117F9D
:101640000C44A4B22032F4E79C050020B81A002014
:10165000014B1888704700BF4A51002010B5032283
:101660000446FFF7DDFB024B2360204610BD00BFA0
:10167000C4A101000346024A0248022114F094BEAC
:1016800081AE010010A001002DE9F04F01298DB0BD
:10169000084602AF0CD08B1E012B00F22481FFF70D
:1016A000FDFC58B9914A0221914814F074FE01E002
:1016B000FFF7E2FC2C37BD46BDE8F08FFFF7F4FCE6
:1016C0000C28034607D80C2200928A4A0221884837
:1016D00014F074FEEEE7A0F10C040C2C01D8864A3D
:1016E000E1E786486421FFF759FF786110B9844A21
:1016F0000321D9E7834D0D23B4FBF3F33B612B8822
:1017000001332B8014F020F83B692E88B8605C1EF2
:101710007B691C443B69B4FBF3F4FF2C28BFFF2416
:10172000E3B26D468AB0FB6002AA774BBB6107F15A
:10173000180102F1140014F03AF802F11800BE6129
:1017400014F035F87B69BB6102F11C0014F02FF82E
:101750002846BC6114F02BF80523BB6142F8103F0A
:1017600063486A4E00234FF4235101F0A5F9AD46BA
:101770000025AA46FB68AB4203D1654B01221A70D3
:1017800098E77B69A3EB0A083B69984528BF984610
:101790005FFA88F37B605B4BB3F800B0FFF750FE55
:1017A0008146FFF755FF0122594B3260FA681B78DA
:1017B000F271B9F1FF0F5FFA88F228BF4FF0FF090D
:1017C0003272FF284D4AA6F804B083F0010328BF07
:1017D000FF20DFF838B186F80990B571B072F37266
:1017E00002EB4A124FF0000979685FFA89F38B42E5
:1017F00002F120020BF10D0B11D34FF00D0909FB83
:1018000008F909F10C0949463046FFF767FC013534
:10181000EDB2D0B33F4A00942B46012157E712F8AE
:101820001A3CBB7752E9080112F8183CFB7712F812
:10183000173C87F8203032F80E3CB983A7F82130E6
:10184000B96852F8083CB861CB1A4FF6FF718B4269
:1018500028BF0B46A7F8233007F1180C0BF1FF3314
:10186000E646BEE80300596007F120018E45186086
:10187000F44603F10803F3D1DEF8000018609EF887
:101880000410197109F10109AEE7EB468AB07860DE
:1018900002AA2149B96102F1140007F1180113F0FD
:1018A00086FF02F11800BD6113F081FF02F11C00F8
:1018B000BC6113F07CFF5846C7F8188013F077FF1F
:1018C00002F12400C7F8189013F071FF062142F8C6
:1018D000101FB96106487B684FF4435101F0ECF8E2
:1018E000C244DD4646E7FFF7C5FEE3E633AF01003D
:1018F00010A001005DAF0100AAAF01003827002051
:10190000EAAF01004C5100201DB0010055560020E7
:101910005457002045B0010063B0010007B54FF4F3
:1019200000630B4A0B48009304210B4BFFF756FA58
:10193000FFF778FB48B90948094A0F23032114F03F
:1019400033FD012003B05DF804FB0020FAE700BF7F
:10195000BDB00100B80A0020C069002010A001003D
:101960008DB0010000487047B8330020014902489B
:1019700013F0B5BEA0BB0D00780A0020014813F09B
:10198000C3BE00BF780A002008B5094813F04EFE18
:1019900007490848FFF762FE074A0849054814F05E
:1019A000DBFDBDE80840034905480222FFF78ABA7B
:1019B000B80A0020B8330020D43300209F5701001C
:1019C000780A002010B504220446FFF729FA024BDA
:1019D0002360204610BD00BFD8A101002DE9F041D1
:1019E00082B000AFFFF772FC0020FFF711FC194B2B
:1019F0001A6801321A603C23B2FBF3F103FB112495
:101A000024BBFFF70BFE0646FFF71AFD0546FFF75E
:101A10001FFEE8468AB003466A460F49059106A8AC
:101A2000314613F0CFFE294607A813F0CBFE194626
:101A300008A8052313F0C6FE7B6042F8103F074854
:101A400023464FF4235101F037F8C5460837BD4609
:101A5000BDE8F081C4330020C3B0010020A0010024
:101A600001290B4601D1FFF7B9BF024A0248022102
:101A700014F09ABC81AE010020A0010007B54FF41C
:101A800000630F4800930F4A0F4B0721FFF7A6F999
:101A900042F21070FFF7CEFB20B90C4A0C4802212D
:101AA00014F079FC0B484FF47A7113F018FE0A4ACF
:101AB0000748032114F06FFC012003B05DF804FB1C
:101AC000D80C002056B101000072002006B10100C0
:101AD00020A00100980C002032B1010008B509488F
:101AE00013F0A4FD07490848FFF76CFF074A0849AF
:101AF000054814F031FDBDE80840034905480122BE
:101B0000FFF7E0B9D80C0020C8330020D433002000
:101B1000B5570100980C00202DE9F84F8A4600AF18
:101B2000002974D004680E1F361BF50826F007063E
:101B300004EB0608B8F802B01BF0010B16D1E94619
:101B400088B06A46334BCDE90531032342F8103F94
:101B500031485B464FF4C25100F0AEFFCD468BF3E7
:101B60001188BFF36F8F0423184602DF29462046F1
:101B700013F02FFE284434F83030C01A854217D0B5
:101B8000E94688B06A46254BCDE9053A032342F879
:101B9000103F214800234FF4C25100F08DFF002375
:101BA000CD4683F31188BFF36F8F0423184602DFFD
:101BB000B8F8023023F00103A8F802302946204685
:101BC00013F007FE05EB000804EBC8035B88DA0797
:101BD00008D44146204613F045FE42462946204699
:101BE00013F085FEA65BAE1B04EBC6035B88DB0728
:101BF00009D43146204613F035FE2A4631462046A8
:101C000013F075FE35462946204613F0E7FDBD4624
:101C1000BDE8F88FAFB10100E89F010086B1010077
:101C20002DE9F04F91B08407009302F00403029372
:101C3000C2F3C20303F10103DDF868A00392054675
:101C40000E46059340F09D81041D00284AD101F005
:101C50000706341DC6F10806009B00275A1E4FF0E8
:101C600004084FF0FF3301930497B946BB4643463F
:101C70000DB1009921600598002800F3D7809048A5
:101C80000099814203D38F488142C0F0CF800399ED
:101C900011F0020CA4EB050040F0D680B9F10F0F53
:101CA00000F2CF80002D00F0D68009F140010DEB4D
:101CB000010EC0F3870001990EF8200C0EF8101CDD
:101CC000BCF1000F00F0C38060F07F000EF8200C24
:101CD000013709F10109C5F10801043406914FF6F5
:101CE000DA7E8CE00729B7D86FF01B0011B0BDE891
:101CF000F08F7A285BD84B280FD8472857D8292847
:101D00002ED8252850D052D8202818BF23280CBF01
:101D10004FF0010B4FF0000B71E04C382E2846D8E5
:101D2000DFE800F06D454545454545454545454598
:101D30004845454545454545455645484856565606
:101D40006D486A456D4518481845457F7C484545AE
:101D500048457C0000204FF0000B4FF0040835E0B0
:101D60002A38C0B2012101FA00F010EA0E0F46D164
:101D700010F0625C2CD110EA010B40D06046013CAF
:101D80004444B4FBF8F408FB04F425B1A3EB050CC0
:101D9000A444B445A8D8002870D00599013905910C
:101DA0005AF8041B009163E70199013901914FF042
:101DB000000B24E012F8010C6C2834D112F8023C1C
:101DC00000206C2B8346C8D14FF008084346D6E765
:101DD0000AF1070A2AF0070A0734FAE802BC24F0DD
:101DE000070435B106982044B0423FF67DAFC4E900
:101DF00000BC08344FF0000B4FF00808434612F8BF
:101E0000010F002853D0BBF1000F7FF472AF2528DB
:101E1000F5D1019B013301934FF0010B4FF0040802
:101E2000ECE7584697E700208346A8E70399880720
:101E30007FF551AF601B4FF0010CB0F5007FFFF450
:101E40002DAF6FF0150051E74FF0000CF5E7049847
:101E5000013004903DE7BCF1000F01D0013638E7B6
:101E60000298023600287FF434AF0098CDE906329C
:101E7000FEF7ECFADDE9063206442AE7042B08D126
:101E80000AF1040015B1DAF800102160043482462A
:101E9000B5E70AF1070323F0070303F1080A1DB1B0
:101EA000D3E90001C4E9000108340823A7E7631B54
:101EB000B3F5806FC5D23DB9A6F10804E01815E767
:101EC000349B0100ACCD0100029A28609B082B7066
:101ED0009DF81030AAB1EB70AF702FB108A80022A6
:101EE000C5F1010C91450ED1C5F101030DF120089A
:101EF0004FF0000A01930DF1300BD14512D1601B58
:101F0000F4E66B70E8E710F8013B190608D50CEB16
:101F1000040EB64503F07F033FF6E6AE04F8013B3E
:101F20000132DFE71FB198F90020002A17DB029B7E
:101F3000D3B11AF80B2004F8012B0022019B1819C9
:101F40001044B0423FF6D0AE98F8000004F8010B00
:101F500000990392204617F044FD039A14440AF1B5
:101F6000010A08F10108C8E798F8002055F8223066
:101F70000093029B45F822300098FEF767FA421C56
:101F8000DCE76FF00D00B1E62DE9F04F97B000AF40
:101F9000C7E90A3205468A4649B903784678807807
:101FA00000EB83002844564524D8A0EB050AD7F857
:101FB000803095F80280D7F8804003F00103FB6180
:101FC000EB787B62B8F1000F0CBF002404F0010431
:101FD0001BB1D7F880309A0715D4A4B9FB6A1BB19E
:101FE000BA6A514628469847564630465C37BD4641
:101FF000BDE8F08F441C2046FEF728FA013020444B
:102000000AF1010ACFE7D7F88030C3F3C0033B627F
:102010002B78BB619B003B616B687B61BB6905EB07
:10202000830BFB6A002B77D15646D844BCB11C46C3
:102030001BF8013B55F82300FEF708FAD7F8843067
:10204000013043B1D7F88830A34282BFD7F884303B
:1020500023F814000134C3450644E9D1D846D7F823
:10206000803013F0050F0CBF4FF0020B4FF0010B47
:102070004FF000097B6A9945B7D298F8013055F8BE
:1020800023A0AE4B9A4508F10208C0F04B81AC4B3F
:102090003A6A9A452CBF002301230AB318F8021CA0
:1020A0007869FB6213F0F8FCFB6AC8B1EA468AB0B3
:1020B0006A46A44B05937B69CDE906314FF4007362
:1020C000ADF82030A04B42F8103FA04800234FF459
:1020D000125100F0F1FC023ED54609F10109C9E7B1
:1020E00023B1FB6933B9A6EB0B06F6E7D7F88030CE
:1020F0009B07F2D55046FEF7A9F9D7F884304BB1CB
:10210000D7F888309C423FBFD7F88420431C22F880
:10211000143001340644E0E7002C69D1B8F1000F17
:102120006CD0D7F8803058076BD5C14607F148000E
:102130004246594617F055FC0BEB0803FB600022A2
:102140000233796A8A425ED3D7F8802095F801B0CD
:10215000F969920704EB0B03DBB254BF4FEA590253
:102160000022002940F0A680D7F8801011F0040F5B
:1021700014BF494600216B70A970EA703969BA6AC8
:10218000FB6A28469847061EFFF62FAFBB692B70E7
:102190007B6AEB704946BA6AFB6A85F801B085F83C
:1021A000028007F148009847B0F10009C0F2B680FC
:1021B0003B697A6A786A03EB4201FB68BA6A414478
:1021C00003EB4000AAEB0101FB6A98470028C0F22C
:1021D000A780B14409EB00064FF0000B07F1380A65
:1021E000A34569D30021BA6AFB6A08469847FCE612
:1021F000444607F138004FF0000999E74446C146CC
:102200009AE7A14698E713F8016CDFF830C155F85A
:10221000260013F8021C6045C0F08A80DFF820C158
:102220006045386A2CBF4FF0000B4FF0010B38B1FE
:102230007869C7E9013213F02FFCD7E90132F0B910
:10224000BBF1000F1ED0F96949B1611C04F12800EF
:1022500007F13004041904F8206CCCB20FE0D7F871
:10226000801049070BD509F1280007F1300C09F15E
:10227000010100EB0C0909F8106C5FFA81F90132D9
:1022800002335EE7D7F880008007DED409F1280C1E
:1022900007F1300EF44409F101000CF8101C07F1AD
:1022A000580151FA80F009F102095FFA89F900F842
:1022B000106CE4E700215EE71BF80A3087F837303E
:1022C00055F82390D7F884302BB3D7F888309B4546
:1022D00021D2D7F8843033F81B80BA6AFB6A012117
:1022E00007F13700984700281ADB0644B8F1000FC1
:1022F00006D14846FEF7AAF800F101081FFA88F84F
:10230000BA6AFB6A414648469847002808DB0644FB
:102310000BF1010B64E74FF00008DEE74E4664E680
:10232000064662E63B6A002B3FF4E0AE0023B5E6CA
:10233000386A0028A6D04FF0000B79E7349B0100E3
:10234000ACCD0100DCB1010004000001709F010070
:10235000014B1860704700BF6001002080B5054642
:102360000E461746984612F0B1F9034601F08CFA72
:10237000DFF81890044649F80030424630463946A6
:10238000A84754F8090001F019FA00BF080000003E
:102390002DE9F047858B0446280717460CD50129FF
:1023A0000CBF45F0100545F02005A58387F3118883
:1023B000BFF36F8FBDE8F087022905F0070540F0F5
:1023C0009480204613F029FE052864D801A353F811
:1023D00020F000BFAD230000EB2400009724000094
:1023E00059240000732400008524000001F0070335
:1023F0005A1F012A1FD8002221F00701062BD4F80A
:10240000008089B2C4E9002209D1434603E0E28B8F
:102410000132E2831B68002BF9D141F00201A18354
:10242000204613F0FAFD4FF0000900286DD041F06E
:102430002001A18369E0042B0AD121F0070189B2B0
:10244000A183204613F0E9FD10B141F02001A183E2
:102450004FF00008C14658E02369D3F80090A38BE1
:1024600023F0070343F00603A3834FF0000846461A
:102470004BE02369D3F80490A38B23F0070343F0C8
:102480000403F1E72369D3F80890A38B23F0070333
:1024900043F00503E8E74FF00008C146E7E70122F3
:1024A00043F00803A38387F31188BFF36F8F002ADB
:1024B0003BD1B8F1000F4AD1B9F1000F02D02D493C
:1024C0002046C847EFF31187202383F31288BFF318
:1024D0006F8FA38B23F008039BB2A383D9063FD54C
:1024E00023F01002A28303F00705A669A18B002E3A
:1024F000BFF67CAF0023D4F8008021F00701C4E9C7
:10250000003341F00101A1839946A38B03F0070A30
:10251000AA4502D0A268002AC1D1B8F1000F02D1A9
:10252000B9F1000FDAD00022BAE7A1680029C0D0C3
:102530000D680029BDD04F68334652462046B84743
:102540001DB12B6829461D46F3E72B46FAE74146A5
:10255000334652462046D8F8008013F08AFDA8E79B
:102560009A067FF523AF23F02002A28303F007052C
:1025700027E700BF9F6001002DE9F047DFF8548096
:10258000044607464FF0010994FAA4F5B5FA85F51B
:1025900009FA05F32E0108EB05156FEA030A24EA90
:1025A00003042B7B63B158F806301B696BB94644B2
:1025B000042273682846196807EA0A0713F07BFEAD
:1025C000002CE1D13846BDE8F0872846984700281E
:1025D000F6D1ECE750A0010010B50F490F4888B0C4
:1025E000002217F0DBF800220023CDE906230024A7
:1025F0000E23CDE90334CDE90144094B0949009488
:102600004FF44072084811F0E5FD0849064811F002
:102610005BFD204608B010BD312600007813002075
:1026200061290000407A0020B80E00209BB2010012
:10263000014811F063BB00BFB00500202DE9F04751
:10264000804621480F4613F016FE0646002833D078
:1026500000252846BDE8F087237B83B12368DB682B
:102660000BB120469847636883F8069023681B697E
:10267000D3B9636804221968204613F01CFE0136A2
:1026800010345445E8D3B8F1000FE2D0002DDFD06C
:102690002846FFF771FF0546002FF7D000214FF4C1
:1026A000A47016F087FFF1E7204698470028E0D095
:1026B00009FA06F31D43E2E7044CDFF814A00546CF
:1026C0004FF00109DDE700BFE833002050A0010012
:1026D00060A00100014B53F820007047F8A10100F1
:1026E00008B5034608462BB1044A136000F044FCC9
:1026F000002008BD6FF01500FBE700BF640100205B
:1027000010B5044C237813B9034811F0F7FA0123EC
:10271000237010BD55570020B005002010B50446A9
:102720000B4813F0A8FD5CB1BFF35B8F094B53E876
:10273000001F013943E80012002AF8D1BFF35B8F74
:10274000054812F00BFB0548BDE8104011F0D6BA61
:10275000E0330020E433002078130020B00500208F
:10276000064BBFF35B8F002253E8000F43E80021C4
:102770000029F9D1BFF35B8F704700BFE033002021
:1027800070B5FFF7EDFF084C084E0546B44200D384
:1027900070BD63685B792BB123685B6813B1294610
:1027A000204698471034F1E750A0010060A00100D6
:1027B00010B5044C0449204613F0A9FA034B1C60E1
:1027C00010BD00BF04050020E4A10100D8330020A3
:1027D0000D4A0E48002310B513700D4A13600D4AC0
:1027E0004FF400411360FFF77BFFFFF7E1FF0A4B57
:1027F0000A4918468B4200D310BD1A1A5C681211A0
:10280000013222711033F5E7565700207362010040
:10281000E0330020E433002050A0010060A001005C
:10282000014600220148002313F092BA040500205B
:10283000014813F029BB00BF04050020024B0146EC
:10284000186813F07CBB00BFD8330020014813F098
:10285000B1BB00BF0405002070B52A4B1B78002BCC
:102860004ED0FFF7E5FF0446002846D1264B274D02
:102870001B68002B19DD16F049FF4FF47A76A0FB98
:10288000063206FB0121D5E90020DB0B43EA414378
:102890009B1A4FEAD13140F2E93261EB00019342D9
:1028A00071F1000101D3FFF76BFFD5E9003213F599
:1028B0007A7342F10002C5E900320CB3BDE8704002
:1028C000FFF7C4BF6B685B7923B12B6821461B6897
:1028D000284698471035B542F4D32046FFF7AEFF9F
:1028E000BFF35B8F0A4B53E8001F013943E8001226
:1028F000002AF8D1BFF35B8FB8E7064D064EEAE732
:10290000002070BD55570020E033002070130020D8
:10291000E433002050A0010060A0010070B50D4D0F
:10292000297861B90120FFF789FE0B4C0B4EB442A8
:1029300006D3FFF791FF0028FBD101232B7070BD58
:1029400063685B791BB1236820469B689847103405
:10295000EDE700BF5657002050A0010060A0010025
:1029600000212DE9F8430846FFF768FE044648B306
:1029700040F267684FF0000900F086FF1A4B1B4ACF
:102980001B58136033B11A4B1B68092B02DD194821
:1029900011F0B4F9184F002544B12046FFF7ECFDC3
:1029A000044618B94FF0FF384FF0FF39FFF754FFD6
:1029B000064628B9B5B90F4842464B4611F0D8F93A
:1029C0003546E9E74FF0FF384FF0FF39D4E72B6881
:1029D0009B691BB100221146284698471035BD421D
:1029E000F5D3E8E7054DFAE708000000DC330020E6
:1029F000E4330020B005002060A0010050A00100D9
:102A000013B5184813F037FC174B1B7873B1EFF36D
:102A10001184202383F31288BFF36F8FFFF71CFF0D
:102A200084F31188BFF36F8F02B010BD0F4B1B688A
:102A3000002BF9D050B900220023CDE900230C4827
:102A40004FF40042002312F051F9EDE70928EBD1D1
:102A5000074812F083F9074802B0BDE8104011F0B2
:102A60004DB900BFE433002056570020DC3300206E
:102A700078130020B005002010B5064B1B680446F3
:102A800098472146A060044813F0DFF9BDE81040E4
:102A9000FFF7B6BF6401002004050020044A054B7F
:102AA0009B1AB1EBD30F34BF52F8310000207047AE
:102AB000289F010050A001002DE9F04F8FB004AF16
:102AC000C1F34A26B8600D4690467B600C0D002E7F
:102AD00061D04FF000090A234FF0040B07F1140AEC
:102AE000FE60C7E90799C7F824900093CDF808B0B5
:102AF000CDF804A007F11C03F9684A464046FFF7E9
:102B000043FAB0F5006F03461CD36C468AB0D8F880
:102B1000041004AB2448C3E9050140F2FF71D961F8
:102B20001A464FF400711984204B42F8103F204898
:102B30004B464FF41251FFF7BFFFA5462C37BD4659
:102B4000BDE8F08FC0F30A0604F11700184420F026
:102B5000070080083B60FFF763FE66F353250446D9
:102B600080B13B68134A00F11001C7E90839F961E7
:102B7000CDE901AB0A230093F96807F11C03404635
:102B8000FFF702FA66F353257B68B9682A462046A8
:102B900013F0B1FBD2E704F1170020F00700800822
:102BA000FFF73EFE0446EDE7B0B20100040000016D
:102BB000A89F0100C96201002DE9F04F87B0DDE94F
:102BC000127ADDE9106B0546884614469946BFB176
:102BD0001021CDF800A03B465A460020CDF814A0A5
:102BE000FFF71EF8B0F5006F01460BD3194A1A48DB
:102BF00040F2FF73022107B0BDE8F04F13F0D4BBE1
:102C00003946384604F0070305F00704E40044EAB7
:102C1000831444EA402444EA065406F117000844A9
:102C200020F0070080080391FFF7FAFD054640B148
:102C30003FB10399CDF800A03B465A461030FEF74D
:102C4000EFFF4B4622464146284607B0BDE8F04F0D
:102C500013F051BBEFB20100A89F0100406820B102
:102C6000034BC01A40F3CF0070474FF0FF3070475E
:102C7000289F01000EB403B503AB014653F8042BA3
:102C80000448019300F088FF02B05DF804EB03B044
:102C9000704700BF0B640100CA0605D48B064CBF09
:102CA00002490349FFF7E6BF704700BF28B30100A0
:102CB00027B301002DE9F04F89B09846159B069384
:102CC000DDE916A39DF85090189F059204460D4625
:102CD0000493B9F1000F00F0B08007F480730793FC
:102CE00013F0E7FA07F0020B0246002874D0784987
:102CF0002046FFF7BFFF0646BBF1000F08D017F0D4
:102D0000440F6BD173492A462046FFF7B3FF0644B0
:102D100007F0010353B1704B704953F82920704BF1
:102D20002046002A08BF1A46FFF7A4FF07F4807365
:102D3000002B07F0080318BF4FF00008002B79D0D4
:102D4000684B694953F829202046FFF793FF054651
:102D5000059B2BB165491A462046FFF78BFF0544BA
:102D6000B8F1000F05D0624942462046FFF782FFC6
:102D7000054460483544069B1BB15F49224612F06A
:102D80005AFE049B002B00F08E80DDF8108039463F
:102D9000B8F1100F204628BF4FF01008FFF77CFF56
:102DA0000026B54250DC002633461AF8032053496A
:102DB0002046FFF75FFF0136102E4BD0710703D17D
:102DC0004F492046FFF756FF46453346EDD34D4960
:102DD0002046FFF74FFFEEE706468DE74A4B18689F
:102DE000002894D0494B4FF47A7B1B68B5FBF3F570
:102DF0004FF46163B5FBF0F100FB11550BFB05F5DA
:102E00004FF03C0CB1FBF3F203FB1211B5FBF0FEEB
:102E1000B1FBFCF300FB1E550CFB13110BFB05F57E
:102E20000091B5FBF0F53A49CDE901E52046FFF701
:102E300021FF6CE707F008058AE7B8F1010F0CBF26
:102E40002C4834484D4696E72D492046FFF712FF9F
:102E50000136A6E7304920460026FFF70BFF334630
:102E60001AF803202D49A2F120035F2B28BF2E2240
:102E70002046FFF7FFFE0136102E0DD0720703D15A
:102E80001F492046FFF7F6FEB0453346E8D81C49F7
:102E90002046FFF7EFFEEEE7049BB3EB0803C244C6
:102EA00004937FF472AFB9F1000F0AD0FB0704D589
:102EB0000B4A0A492046FFF7DDFE39462046FFF758
:102EC000EBFE204609B0BDE8F04F13F091BA00BF09
:102ED0002FB3010033B3010008A2010076B801004E
:102EE0002AB301001CA2010058B301005EB3010027
:102EF00062B301000B640100993B000067B301005D
:102F00006FB301006DB30100F0330020EC330020FB
:102F10003CB301004164010071B3010073B30100CF
:102F200073B542F20F738B4228BF0B4605680F4AF8
:102F300004460521684612F03BF863680C495B685B
:102F400006460B22284613F045FA63683246694666
:102F500028465B6813F03EFA636806495B681B22EB
:102F6000284613F037FA02B070BD00BF11BC010053
:102F7000A8C901008CC90100074A00210123904221
:102F800006D8064A01B901231360054B1860704743
:102F900040085B000121F2E740420F00EC330020C3
:102FA000F0330020F8B5074F0D4604464618B442EA
:102FB00001D12846F8BD14F8011BBB6801485B68C5
:102FC0009847F4E7449C0100014B036000207047E0
:102FD00064A2010008B50348034A0021121A13F045
:102FE000ACFA08BDB8060020205900200748084A5E
:102FF000084908B5121A13F0A2FA0748074A084907
:10300000BDE80840121A13F09ABA00BF0000002071
:10301000B8060020ACCD0100000000200000002018
:10302000ACCD01002DE9F047064600AF0C46002963
:1030300036D0E9468AB0D1E90012A3686D4621482E
:10304000E8464FF0050ACDE90501CDE9072348F828
:1030500010AF1D48424600234FF42151FFF72CFDCD
:10306000CD46D4E903126369AD461848C5F810A0EF
:10307000C5E90501C5E907231348002342464FF47B
:103080002151FFF719FDCD46E369114A0E48012190
:1030900013F08AF9A3690F4A0B48012113F084F950
:1030A000012E07D1EFF305830B4A0748103B314649
:1030B00013F07AF92146304610F0AAFABD46BDE871
:1030C000F08700BFB0B30100E09F0100DFB3010053
:1030D0000EB401001DB401004BB4010030BFFFF776
:1030E000FDBF00BF2DE9F0410B4EDFF8308006EB4D
:1030F0000807CC1B054632460949204616F071FCEC
:10310000A01942460021083C16F079FCC5F8A840F9
:1031100007F10800BDE8F081000000000400000095
:1031200060A0010010B5204C2049214813F019FA85
:10313000A36A990136D51E481E4913F012FA1E20C3
:10314000A36ADA0104D51A481B4913F00AFA1F20B2
:10315000154CA36A1B0304D51548184913F001FA4E
:103160002120A36A590304D51148154913F0F9F930
:1031700022200D4CA36A9A0304D50D48114913F07F
:10318000F0F92320A36ADB0304D509480E4913F0A4
:10319000E8F92420044A936A6FEA03436FEA134371
:1031A000936210BD1D20CBE700ED00E05EB401008E
:1031B000E09F010076B4010089B40100A3B40100CE
:1031C000C1B40100E6B4010000B5010070B50646C7
:1031D0000D46284C2849294813F0C3F9A36AD9049D
:1031E0003CD52648264913F0BCF91720A36A1A05D6
:1031F00004D52248234913F0B4F918201D4CA36AC2
:103200009B0512D51D48204913F0ABF9A36BA26AA8
:10321000100409D51D4A1948012113F0C5F81EB143
:10322000A36A23F40043A3621920124CA36A590530
:1032300004D51248164913F094F91A20A36ADA0546
:103240000ED50E48134913F08CF91B20094A936AD6
:1032500043F47F43936200232B7070BD1620C5E7B3
:10326000A36A9B04F2D505480B4913F07AF91C2098
:10327000ECE700BF00ED00E02BB50100E09F01008E
:1032800041B5010052B5010065B501007EB50100F0
:1032900093B50100AEB50100C6B501002DE9F843B4
:1032A000804689461746354D3549364813F059F959
:1032B000AB6ADE0627D53449324813F052F911249F
:1032C000AB6A1D0704D531492E4813F04AF9122480
:1032D0002A4DAB6A980718D52D492A4813F041F9B1
:1032E0006E6BAB6A190646D52A4A26483346012139
:1032F00013F05AF8B9F1000F03D0AB6A23F0800342
:10330000AB62132403E01024DAE76FF015061B4DBF
:10331000AB6ADA0704D520491A4813F022F91424BD
:10332000AB6A9B0604D51D49164813F01AF91524FB
:10333000124B9A6AD50602D49A6A90070AD55B683E
:10334000190507D54146304600F0EAF910B180F37F
:1033500009880224094B9A6A920642BF5A6A22F4EB
:1033600000525A629A6A42F0FF029A6200233B704E
:103370002046BDE8F8836FF01506C2E700ED00E0D7
:10338000F5B50100E09F01000BB6010052B5010048
:103390003EB6010056B601006CB60100C6B501008C
:1033A0002DE9F041684B8AB0D3F8048000AF0446A1
:1033B000C8F30806002585F31188BFF36F8F02F06C
:1033C0007F43B3F17F4F07D102F00C03082B12D1DA
:1033D0005E495F4813F0C5F800252C460023FB71B9
:1033E000F31E092B00F28F80DFE803F00A85888145
:1033F0008D8D8D8D8D8B10074CBF0C460125EDE713
:1034000054495348504E13F0ACF80023FB71F36A53
:103410009A0705D550494E4813F0A3F800232DE034
:10342000F36A002B01DA4D49F5E7F36A5B00F5D545
:103430004B49474813F095F87369A26943F48073C8
:103440007361BFF34F8FBFF36F8F32F8023C726925
:1034500022F480727261BFF34F8FBFF36F8F03F45A
:103460007F42B2F55F4F2BD1DBB2022B28D123680C
:103470003C4A3748012112F097FF2368FA79DAB9FC
:1034800007F1080604F1200C20686168324603C287
:10349000083464451646F7D17A6A002D50D0C2F33D
:1034A000080121B96FEA52226FEA42227A6207F1DB
:1034B00008011846FFF7B6FD2837BD46BDE8F08184
:1034C000214B9A6AD2B22AB1FA1D01212046FFF798
:1034D000E5FE0EE09A6A12F47F4F04D0F91D012038
:1034E000FFF774FE05E09B6AB3F5803F96D3FFF7C4
:1034F00019FE0346C2E7FA1D0021E7E7F91D002087
:10350000EEE7194987E7194A194B18F4F87FE8469E
:103510008AB008BF13466A461649CDE905134FF431
:103520000073ADF82030103E134B079642F8103F61
:10353000074800234FF41151FFF7BEFAC5466DE767
:103540006FF30802B2E700BF00ED00E0B9B601007A
:10355000E09F0100E4B60100FBB601001CB70100CA
:103560002AB7010049B7010065B701008BB6010019
:10357000A0B6010089B7010004000001044B5A699C
:1035800042F010025A615A6922F008025A617047EB
:1035900000ED00E0EFF30880EFF3098101B572461A
:1035A000FFF7FEFE01BD00BF0B4880F308880FF057
:1035B000D9F8202080F3118808484FF4046140189E
:1035C00080F30988EFF314800221084380F3148804
:1035D000BFF36F8F00F06CF8409A0020808C0020C1
:1035E0001EF0040F0CBFEFF30880EFF30980816930
:1035F00011F8021C0229FFD001B5724612F0A1FF9A
:1036000001BD00BF40B2002807DB044A4109012385
:1036100000F01F00834042F82130704700E100E0D5
:1036200040B200280CDB4309064900F01F0020339C
:103630000122824041F82320BFF34F8FBFF36F8FE9
:10364000704700BF00E100E0054B420900F01F0099
:1036500053F82220012303FA00F01040704700BF06
:1036600000E100E040B20028A8BF00F1604001F195
:103670000101B8BF064B4FEA4111ACBF00F56140F4
:1036800000F00F00C9B2B4BF195480F8001370479E
:1036900014ED00E0044B054A23F07F039360BFF371
:1036A0004F8FBFF36F8F70470000000000ED00E008
:1036B00008B5FFF7EFFF0B4AD2F8883023F4700308
:1036C000C2F88830EFF3148323F0040383F31488E3
:1036D000BFF36F8FFFF77EFCFFF788FC00F0B6F8B2
:1036E00010F0CEF800ED00E042F8203C009B42F8DC
:1036F0001C3C0A49019B42F8183C029B42F8143CCE
:1037000021F001014FF0807342F8043C42F8081C9C
:103710000023203A0265C0F8AC3070475D230000FA
:103720000A4A0346906878B113F1160FD0F8980052
:1037300005D0A0F14002934205D3834203D28142D7
:1037400028BF002070470020704700BF10510020A4
:1037500008B515460C4A0D4B9060D0F8A8201A60A9
:103760000E4600F0A3F82C4686F309880020044B8F
:1037700098472046002100220023024C20470000E9
:10378000796501005D2300001051002020340020E5
:10379000014B10221A61704700ED00E0054B5A6999
:1037A0009B689A421FBF044A536843F0805353609A
:1037B000704700BF1051002000ED00E0084B9B68EF
:1037C00083420BD1EFF3058343B1064B5A6842F0B5
:1037D00080525A605A6A22F400425A6210F07CBF4A
:1037E0001051002000ED00E015498A684FF03000CC
:1037F0001044EFF3098C80E8F01F202080F312883A
:10380000BFF36F8F0F4F4FF000664A698A603E60CA
:10381000D2F8A8000C4C2060D2F8AC000023C2F80B
:10382000AC3080F3118804B5104600F03FF8BDE8D5
:10383000044002F1300090E8F01F8CF309887047D3
:103840001051002004ED00E0203400200448002343
:103850002021C2180133302B82F80013F9D17047B0
:1038600000E100E008B5EFF30583064A103B02EBE8
:10387000C30152F8330049688847BDE80840FFF7A4
:103880008DBF00BFEC9C010001480068704700003C
:1038900020340020024B034A0348012100F08CB879
:1038A000000004200000002064A20100D0F898303D
:1038B000054A403B1360054B4021C2E90113104605
:1038C000012100F083B800BF2434002000000B1554
:1038D00008B503461048D0F89020C2F30722013AF9
:1038E000934207D90D480E4A012112F05DFD6FF099
:1038F000150008BDC0F898300A6822F01F021A436C
:1039000042F01002C0F89C208A6842F00102C0F820
:10391000A0201846EDE700BF00ED00E0C89F0100C1
:10392000A0B70100F0B50E4685B01F46044600253D
:10393000B5420DDA606810B397B1431E18420AD041
:10394000104A11482B46012112F02EFD6FF015028E
:10395000104605B0F0BD1F28F2D921680B42EFD107
:103960002368019312F02BFEA36801A90343D0B290
:103970000393FFF7ADFF10F1160FE7D0421C01359E
:103980000C34D5E7C6B70100C89F0100044B0522DF
:10399000C3F89420BFF34F8FBFF36F8F704700BF02
:1039A00000ED00E0BFF35F8F024B0022C3F89420CC
:1039B000704700BF00ED00E010B5034C01232278F2
:1039C000FFF7B0FF207010BD5857002008B50B4A14
:1039D00000231278FFF7A6FF10F1160F07D0084A50
:1039E0000021D2F89030C3F30723984200DB08BDD2
:1039F000C2F89800C2F8A0100130F2E75857002032
:103A000000ED00E02DE9F0435D485E49D0F89030CC
:103A10000C68C3F307239C4285B000F2AE80FFF729
:103A2000C1FF49680022944201F10C011AD1564F9E
:103A3000564D3C706846FFF7C7FA554C554E8146C7
:103A40004FF00008C14520D13B784D490020D1F806
:103A50009020C2F307229342C0F28980FFF796FFBD
:103A6000002050E0C0F8982051F80C3C23F01F03D0
:103A7000134343F01003C0F89C3051F8043C43F06A
:103A80000103C0F8A0300132CDE7009800EB081127
:103A90004FEA081CCB682340B3F5000F49D00BD880
:103AA000B3F5001F32D0B3F5800F37D0B3F5801FC8
:103AB00014D008F10108C5E7B3F1007F42D0B3F19B
:103AC000805F48D0B3F1807FF3D150F80C30886824
:103AD0004A6812F074FD40F0887009E050F80C302C
:103AE00088684A6812F06BFD40F0885040F430203E
:103AF000039001A93878CDE90123FFF7E9FE0028FA
:103B000031DA6FF0150005B0BDE8F08350F80C30E5
:103B100088684A6812F053FD3043E9E750F80C30EA
:103B200088684A6812F04BFD40F0C06040F40030F5
:103B3000DEE750F80C3088684A6812F040FD40F02B
:103B40008270D5E750F80C3088684A6812F037FD6B
:103B500040F48020CCE750F80C3088684A6812F0B6
:103B60002EFD2843C4E73B7801333B70A1E7C1F841
:103B70009830C1F8A000013369E74FF0FF30C2E789
:103B800000ED00E070A20100585700200000021173
:103B90000000F0FF00000811F0B587B007460E46A0
:103BA00014460021102268461D4615F028FF022306
:103BB0008DF802302A46054B019321466846CDE92F
:103BC000047611F01FFA07B0F0BD00BFDF650100F9
:103BD00008B5024B1B689847002008BD3034002010
:103BE000034B044A1860937843F0020393707047C4
:103BF000303400207001002008B50649064821F045
:103C00000701C1F1005202F5802211F0D3FE00201D
:103C100008BD00BFF7A800203434002003484FF04F
:103C2000FF324FF0FF330FF075BF00BF800100205F
:103C300001480FF0E1BF00BF8001002010B504462D
:103C4000FFF7ECFF21460348FDF766FFBDE8104093
:103C5000FFF7EEBF3434002070B54169867A0B4D12
:103C6000044659B1437ADB0706D4302303FB0653DD
:103C70009B6A1B689B68984700236361302021463C
:103C800000FB0650BDE8704015F06ABBF805002047
:103C9000024B302202FB0030704700BFF8050020C5
:103CA000827A074B302101FB0233DA6A93F8223023
:103CB0001B33801A23F00303B0FBF3F0704700BFFF
:103CC000F805002038B5074B827A302404FB023314
:103CD0009B6AD3E901240C601568FFF7E1FF04FB40
:103CE000005038BDF80500202DE9F04385B00546A9
:103CF0006846039190461C4615F00AFDDDE9006711
:103D0000EFF31189202383F31288BFF36F8F2B8C7D
:103D1000002B43D0EA8B9A4225D900220023284663
:103D20000FF0BAFF0446F0B189F31188BFF36F8F2B
:103D3000039B002B43D032463B46684615F00DFDF1
:103D4000A27A274B302101FB023320469B6A1B6875
:103D500003A91D68DDE90023A847606180BB2046F8
:103D6000FFF77AFF26E0298C4B1E2B8489F31188FC
:103D7000BFF36F8F95F82230EA8BEC6A1B3323F088
:103D80000303521A02FB0344154B164AEB1A1B118C
:103D90005343A37295F82230E372C9E789F311887F
:103DA000BFF36F8F2346424628460FF075FF044647
:103DB0000028BDD10024204605B0BDE8F083636132
:103DC000012300252381039B6382E27A65602946F3
:103DD00004F1180015F013FE63692582E360EAE739
:103DE000F8050020ABAAAAAA70B50D4C302500B981
:103DF00070BD037A4668002BFAD0013BDBB2037238
:103E0000002BF5D1C3604360837A05FB03435B6AF3
:103E100013B198473046EAE7FFF71EFFFAE700BF05
:103E2000F80500200C4B0122C3F840254FF08043D9
:103E30004FF08051C3F87825D1F83001082805D11A
:103E4000D1F83411022908BFC3F838260122C3F87B
:103E500080250020704700BF00E0014048B1054BBD
:103E6000054A1B68B3FBF2F35843044B43F00103CC
:103E700018477047BC04002040420F00C0A001005A
:103E800008B5054A054B136010463C2353600EF0FD
:103E90003FFD002008BD00BF403400203FC00F00A0
:103EA000024B1B6803B11847FF20704750340020B5
:103EB0000A4B0B4A0020C3E900000A4B1A600A4A69
:103EC0005A600A4A9A600A4ADA600A4B0A4A9860BB
:103ED000C3E90020094ADA60704700BF743400204B
:103EE0003540000064340020613F00009D40000028
:103EF0000767010054340020A13E0000096701005B
:103F000030B50E4C8BB02D23054668468DF8003039
:103F100004F074FA9DF904302278934200D15DB127
:103F2000D8B2074B20701B6803B198472378054A25
:103F30000548032112F038FA0BB030BD5B57002062
:103F40004C34002016B80100C09F0100034BBFF3A2
:103F50005B8F1868BFF35B8F704700BF7C34002015
:103F60002DE9F04383B0427802AF0446C2B1104657
:103F700000F0DAF96C4688B002AA294BC2E9053094
:103F80004FF400739383274B42F8103F26484FF4B9
:103F9000E25112F0BBFBA5460437BD46BDE8F083F5
:103FA000FFF7D4FFC00702D51046FFF7A9FFFFF7C0
:103FB000CDFF81070ED4237F63B1BFF35B8F1B4B13
:103FC00053E8001F41F0020143E80012002AF7D134
:103FD000BFF35B8F6179237F4A1E5142514141EA11
:103FE0004301134B1D685FFA81F8002DD4D0083DC2
:103FF0004FF6FF792B88E0784B4501D083420AD1F8
:10400000A16894F91030B4F90E200191217B009140
:104010006E684146B047AD68002DBDD0083DE9E768
:104020002EB8010003000001C09F01007C34002075
:1040300074340020B0B50446407800AFA0B100F061
:1040400073F96D4688B06A460F4BCDE905304FF4E1
:104050000073ADF81C300D4B42F8103F0C484FF484
:10406000E25112F053FBAD46FFF770FFC30702D5D4
:104070000020FFF745FF074B62781A7006480FF0E3
:104080003DFEBD46B0BD00BF49B8010003000001C0
:10409000C09F01005A570020C8050020B0B58AB063
:1040A0000446407800AFE8B100F03EF96D4688B0B4
:1040B0006A461D4BCDE905304FF40073ADF81C3056
:1040C0001A4B42F8103F1A484FF4E25112F01EFB0F
:1040D000AD46184B62781A7017480FF00FFE28375C
:1040E000BD46B0BD2378052B0FD0092B19D0012B6D
:1040F000EFD1072338463B7004F080F97B680F4A04
:104100000B48032112F050F9E3E70D4B1B6813B184
:10411000617A207A98470B4A0548032112F03BF94F
:10412000D7E7094AF8E700BF61B8010003000001C2
:10413000C09F010059570020E005002079B8010018
:104140004834002097B80100A7B801002DE9F041DC
:1041500086B0804600AF15461C460E4609B9002AB7
:104160006DD138484FF0FF324FF0FF330FF0D2FCE3
:104170003946284604F0E0F8002840D000F0C8F89E
:104180006C4688B06A46304BCDE905304FF4007379
:10419000ADF81C302D4B42F8103F2D484FF4E25142
:1041A00012F0B4FA0023A54601253B71FB603B8267
:1041B000381DBB7405F000FC044670B300F0A8F88D
:1041C0006D4688B06A46234BCDE905304FF4007345
:1041D000ADF81C301D4B42F8103F1D484FF4E25122
:1041E00012F094FA2046AD4600F0AAF804461548AD
:1041F0000FF002FD20461837BD46BDE8F08154B1EE
:10420000012C08D0144B3D8293F9003087F80880C8
:10421000FE600025CCE73C71F4E74FF0FF330F4818
:104220004FF0FF320FF0A4FD0D4B187808B100F0ED
:1042300099F8002D044618BF6FF00A04D7E76FF015
:104240001504D7E788050020B7B801000300000176
:10425000C09F0100DCB801005B570020C8050020AA
:104260005A570020B0B5214D214922488EB02A78F6
:1042700000AF03F097FEC0B100F04AF86C4688B07A
:104280006A461D4BC2E905304FF4007393831B4B04
:104290001B4842F8103F4FF4E25112F037FA6FF02A
:1042A0001500A5463837BD46B0BD04F03BF80446BE
:1042B00030B100F02DF86C4688B06A46114BE1E74A
:1042C000062307F1080128783B7213F0B1F90E4B71
:1042D000C0B218700D4B187030233B7407F11000FA
:1042E00014237B6104F0A2F92046DBE7D804002008
:1042F0005434002064340020F4B8010003000001AD
:10430000C09F010015B901005C5700205B570020D9
:1043100017289ABF024B53F820000248704700BF8D
:1043200078A3010043B901000F289ABF024B53F84C
:1043300020000248704700BF38A3010053B90100B4
:104340001628034608D8064A52F8200030B9002B38
:1043500018BF6FF0150070476FF01500704700BF71
:10436000DCA201000F28034608D8064A52F82000B4
:1043700030B9002B18BF6FF0150070476FF01500B3
:10438000704700BF9CA2010001480FF057BE00BF5C
:1043900024020020014B18605960704780340020CF
:1043A000024B1A685B6802600B6070478034002023
:1043B00008B512F0C0F9024B1B68C01A08BD00BF57
:1043C00088340020014810F0C9BC00BF500500200F
:1043D00007B5014640F2E7304FF47A72002300EB54
:1043E000C130490CFCF710F802460B4600210020B2
:1043F000CDE90001024810F079FC03B05DF804FB40
:104400005005002008B512F096F9014B186008BD60
:1044100088340020014B1868704700BF88340020A2
:1044200010B5124CBFF35B8F022354E8002F012A12
:1044300003D144E800310029F7D1BFF35B8F0CBFF3
:104440000120002010D10A4BDB6A9847002344F872
:10445000443CBFF35B8F54E8002F44E8003100294F
:10446000F9D1BFF35B8F012010BD00BFD434002011
:10447000D8A3010010B5064B5C68FFF7D1FF30B13F
:104480002CB100212046BDE8104010F01FBD10BD2A
:104490008C34002013B50D4B9A683AB10C4B5B6B12
:1044A0000193002002B0BDE8104018475C68FFF798
:1044B000B7FF40B13CB16FF00401204602B0BDE847
:1044C000104010F003BD02B010BD00BF8C340020BE
:1044D000D8A301002DE9F347284C9A46A368074664
:1044E0000D46164683B1264B00205B6B9847E36868
:1044F000CDE900A32A46D4F808802068334639461F
:10450000C04702B0BDE8F08704F148020223D4F8A6
:104510000490BFF35B8F52E8001F012903D142E8EA
:1045200000300028F7D1BFF35B8F9046E9D1236DAF
:104530001A78AA4288BF1D70236DE06C1A7839463C
:1045400015F04FFA636D03B11E80A36D0BB183F8B4
:1045500000A00B4BDB6A984700216160BFF35B8FC3
:1045600058E8003F48E80012002AF9D1BFF35B8FFA
:10457000484602B0BDE8F04710F0A8BC8C340020DB
:10458000D8A30100F8B5044600AF00680D4614F04A
:1045900099FD26680346C0B96C4688B031686A4602
:1045A0002948CDE905014FF40071ADF81C102749E9
:1045B00042F8101F26484FF4E251FEF77DFA6FF0E3
:1045C0001205A5462846BD46F8BDE38821792B4350
:1045D000DA02D6F808E0D6F810C007D513F4402F59
:1045E0001EBF43F3000202F440225340DCF80050A7
:1045F0000120884023F48012DB074CBF284325EAC2
:104600000000CCF80000DEF8003030469847054640
:104610000028D7D02368196823796C468AB06A4687
:104620000C48CDE907354FF40073ADF824300A4B40
:10463000CDE9050142F8103F054800234FF4315100
:10464000FEF73AFAA546BDE7DBBB01000300000117
:1046500030A00100F4BB0100050000011FB5104AA5
:10466000138FFA2B084619D0A3F5FA714B424B4130
:10467000590092F842300B4C83F001030393C0B20F
:10468000002302900193938F009392F83B30646A69
:1046900092F83A200120A04704B010BD0121E8E7BC
:1046A0008C340020D8A3010070B50D460F49BFF32C
:1046B0005B8F012451E8000F002803D141E8004638
:1046C000002EF7D1BFF35B8F0DD1094E41F8443C6A
:1046D000D4B2736D2146012098472846B36A21461B
:1046E0009847002070BD6FF00F00FBE7D434002026
:1046F000D8A301002DE9F0418AB001AC06468846F6
:1047000017460021102205A8CDE90144CDE9031187
:10471000012515F074F9214B8DF821505B6B09943C
:10472000ABB323463A4641463046FFF7BDFF044649
:1047300080BB39463046FFF791FF214600FA05F667
:104740004FF4004440F2E7304FF47A720023E6FB66
:104750000401FBF759FE02460B46294605A810F056
:104760005DFB041E0FDA0E4A0E48294611F013FEB7
:10477000FFF756FE38B94FF0FF324FF0FF332946AE
:1047800005A810F04BFB20460AB0BDE8F0816FF0A1
:104790001504F8E76FF00F04F5E700BF8C34002034
:1047A00014BC010030A00100F0B58DB000248DF8DC
:1047B000072003AE0F461022214607A8CDE9036665
:1047C000CDE90544012515F01AF9274B8DF829503C
:1047D0000B96BFF35B8F53E8002FA24203D143E84F
:1047E00000510029F7D1BFF35B8F39D10DF10702DA
:1047F00043E911649A601D4E149ADA60159A1A61A1
:104800005F60FF21736D28469847736B2046984779
:10481000DDE91223294607A810F000FB041E15DA73
:10482000FFF7FEFD50B94FF0FF324FF0FF3329463E
:1048300007A810F0F3FA9DF8074004E00C4A0D4871
:10484000032111F0A8FD20460DB0F0BD069B002B02
:10485000F1DA094A0748294611F09DFD069CF2E766
:104860006FF00F04EFE700BFD4340020D8A301009D
:1048700030BC010030A0010040BC010010B529B9D6
:10488000FFF7CEFDE0B96FF0150010BD0F4BBFF381
:104890005B8F012453E8000F002804D143E8004C4B
:1048A000BCF1000FF6D1BFF35B8F0BD1084C43E98D
:1048B00010120120636DFF219847636B0020984719
:1048C0000020E2E76FF00F00DFE700BFD4340020E4
:1048D000D8A301002DE9F0438B8891F80E80FA2BC4
:1048E0008BB00C4688F001080ED0B3F5FA7F4ED09D
:1048F0007D2B4ED03448354A012111F055FD6FF023
:1049000015000BB0BDE8F0830127314DBFF35B8F7D
:104910004FF0010955E8003F002B03D145E8009214
:10492000002AF7D1BFF35B8F4AD12A4E2068F36883
:104930009847E37A7BB32246A5F1140304F1100CE7
:10494000106851681D4603C5083262452B46F7D1F1
:10495000106828604FF47A6308930022237B079342
:10496000CDE90522CDE9032823890293E379019358
:10497000A3790093F56994F90A103B460120A847F2
:10498000B36D607B9847FFF74BFD0020B9E7022726
:10499000BBE70027B9E7CDF82490227BB569CDE9C4
:1049A0000732CDE90583CDE903330A220292228939
:1049B000CDE900323946E379A2794846A847DFE7D6
:1049C0006FF00F009DE700BF30A001004EBC01005A
:1049D000D4340020D8A3010038B5084611461A4641
:1049E0000B4BBFF35B8F012453E8005F002D04D114
:1049F00043E8004CBCF1000FF6D1BFF35B8F04D14C
:104A0000044BDB6B9847002038BD6FF00F00FBE7CD
:104A1000D4340020D8A3010010B5114BBFF35B8F35
:104A2000002453E8002F43E800410029F9D1BFF3E7
:104A30005B8F0C4943F8381C0B490C4C43F8301C75
:104A40000B4943F8281C0B4943F8341C226843F8EF
:104A5000480CA3F138009047E36A9847002010BD46
:104A6000D434002075440000D5440000D8A30100D0
:104A700095440000C5670100034BC01A0011034BA9
:104A800053F82030002018470C3500203802002051
:104A90000A4B834211D192FAA2F3B3FA83F362B1C3
:104AA000032B06D106480FF0C9BA052B05D10548DE
:104AB000F9E7042BF9D10448F5E77047F09B0100B2
:104AC0000C3500202C3500201C3500200346024AFE
:104AD0000248012111F068BC76BC010028A0010049
:104AE000084B1A691268120548BF80F0010028B10E
:104AF0009B68DB6803484FF4006118479B681B699B
:104B0000F8E700BFF09B01000346024A024801217A
:104B100011F04ABC93BC010028A001002DE9F04F20
:104B2000464C474E83B0814600AF002559F82530EA
:104B3000002B79D0206814F0C5FA0346D0B93F4A5B
:104B400052F835206C4688B011686A463D48CDE978
:104B500005014FF40071ADF81C103B4942F8101FDD
:104B60003A484FF4E251FDF7A7FFA5460C37BD4682
:104B7000BDE8F08F364B374903EB051014F01CFCF1
:104B8000B4F806802068217948F48032D0F810E02B
:104B9000D0F808A0DEF800304FF0010C0CFA01FC50
:104BA00018F0010F14BF43EA0C0323EA0C03CEF8FC
:104BB0000030DAF80030984794F804B02649D4F869
:104BC0000080012202FA0BF3C6E90113D8F808109D
:104BD000D1F81CA0BAF1000F05D1204A1B480121D1
:104BE00011F0D9FBC2E7314640467B60D047002830
:104BF000F3DBE28802F04002D8F80800D8F8101081
:104C0000D0F818A0BAF1000F0ED009687B680B42EB
:104C1000134B0CBF42F0B86282F0707213405946D9
:104C20004FF0A0724046D0470135032D04F108042F
:104C300006F10C067FF47AAF98E700BF6CA4010080
:104C4000E8340020B1BC01000300000128A00100ED
:104C50000C350020794A0000914A0000C8BC0100D0
:104C60004000000610B58AB00DF10703069301233A
:104C7000CDE907310992022306AACDE903328DF866
:104C800007000292059304480449836802AA1C683D
:104C900004ABA0470AB010BDB49C010048A40100B9
:104CA00013B50446002140F6CD4014F083FC0020EB
:104CB000FFF716FF002140F6CD4014F07BFC0122E7
:104CC0000DF107014220FFF7CDFF002809DA0F4A56
:104CD0000F48012111F05FFB6FF00404204602B081
:104CE00010BD9DF807300B4A0948032111F05CFB09
:104CF0002046FFF791FE041E05DA074A0448012109
:104D000011F049FBEAE70024E8E700BFE5BC010039
:104D100028A0010001BD01001DBD010010B5044621
:104D20000D4814F0CFF970B10C4814F0CBF950B124
:104D30000B484FF4D011FFF725FC58B92046BDE8C9
:104D40001040FFF7ADBF0748074A012111F023FBD0
:104D50006FF0120010BD00BFB49C0100F09B010079
:104D600064A4010028A0010040BD010010B588B076
:104D70000DF1070304930123CDE9053104AB60F085
:104D80007F00029302238DF80700079203930448E3
:104D90000449836802AA1C680023A04708B010BD1C
:104DA000B49C010048A4010013B50023044601226D
:104DB0000DF107014D208DF806308DF80730FFF713
:104DC00051FF002806DA1D4A1D48012111F0E3FABF
:104DD00002B010BD9DF8073023F0070343F0040331
:104DE0000F2C6FF003028DF807302346A8BF0F2366
:104DF0009342B8BF1346DBB2002C9DF80620D5BF06
:104E000004331343134343F07003D8BFDBB20122D2
:104E10000DF1060109208DF80630FFF7A7FF0028E5
:104E200001DA084AD0E701220DF107014D20FFF712
:104E30009DFF0028CCDA044AC6E700BF55BD01003B
:104E400028A001006BBD010085BD010013B5094814
:104E50000469836801A95B68984720B923680198B1
:104E60005840C0F300100028D4BF0020012002B039
:104E700010BD00BFF09B0100074B08491A6843F2C0
:104E8000390001FB020018606FF00043B0FBF3F340
:104E9000C3EBC373C01A7047340200206D4EC64185
:104EA000014B1860704700BF3402002030B530B1AC
:104EB0000A4D01444FF0FF33884201D1D84330BD41
:104EC00010F8012B5340082243F30004013A2C4010
:104ED00092B284EA5303002AF6D1EDE72083B8EDBD
:104EE000044A13680BB1002159724361106011F03C
:104EF0004DBD00BF3C35002037B5044601A811F078
:104F000052FC6CB1154D2A68134673B9636823606F
:104F1000012323816AB9FFF775FA2046FFF7E0FF06
:104F200001A811F049FC03B030BD9C42F8D05B6988
:104F3000EBE7FFF73DFA23682A68184420601368FE
:104F40009842EAD3536913B954616361E8E7196879
:104F50008842F9D91A465B69F5E700BF3C35002065
:104F6000F8B5FFF757FA1C4C0546FFF74BFA2368D4
:104F7000A3B1471B1E462D1A716929B95A692260CF
:104F8000DA68197242B9FEE70A68BA428CBF521950
:104F900000220A607669EFE71869904700262368C7
:104FA0002BB9206880B9F8BD18699047F7E71D68EC
:104FB000FFF7FEF985422368F3D25A692260DA6866
:104FC0001E72002AF0D1FEE7437A002BEBD1BDE838
:104FD000F84011F0DBBC00BF3C35002037B5154D63
:104FE000044601A811F0DFFB2B6803B124B901A826
:104FF00011F0E2FB03B030BD0022A34222720DD1BA
:10500000597A5C6941B15A7224B120462C6011F082
:10501000BDFCECE7FFF7D6F92C60E8E71A46194625
:105020008C425B6901D15361E1E70A46002BF6D15E
:10503000DDE700BF3C35002010B5094B00221946C2
:105040001C68844202D89C68844205D80132152A23
:1050500003F10803F4D1FEE701EBC201087910BDAA
:1050600090A40100054B93F8E1202AB993F80C2194
:1050700012B9012283F80C21704700BF8835002047
:10508000014B93F8E000704788350020F0B5BDF87B
:1050900014409DF818709DF81C509DF820E040B118
:1050A000012814D00122002398180138B0FBF2F037
:1050B000F0BD87F00107E30003EBC703183305EBEE
:1050C0004E0503EBC5034FF47A714B43ECE7501FD9
:1050D000012803F1040302D80C2C38BF0C24D1B9E9
:1050E000A2F10B0CBCF1010F8CBF4FF0000C4FF084
:1050F000010CE800002F00EB0E100CBF142500255A
:10510000A0EB8200062A4FEA82062844A2F1020799
:105110000AD835460DE00C2A08BF01290CBF4FF014
:10512000010C4FF0000CE4E70830BCF1000FF0D0A8
:10513000BD000028ACBF2E182E1C701E062A90FB46
:10514000F5F003FB00448CBF0C340E34022909D85F
:10515000A30001334FF47A72BB405343024A52F822
:105160002120A1E7FFDE00BF84A4010043F609531C
:1051700010B5B0FBF3F241F6846403FB120104EBBB
:105180000124B4FBF3F40A4B04EB0224C3F8E4005B
:10519000C4F30741062011F040FCC4F307210720A7
:1051A00011F03BFCE1B20820BDE8104011F035BC25
:1051B0008835002070B5114B93F8E160012E1CD1A9
:1051C000122011F035FC10F001040D4D0BD005211B
:1051D000122011F022FC2B687BB19B696BB1304629
:1051E000BDE8704018470421122011F016FC2B680E
:1051F0001BB19B690BB12046F2E770BD88350020DA
:10520000CC36002070B5314C94F8E010012902D062
:10521000022952D070BD94F8E130CBB1012BF9D105
:1052200094F82F31002BF5D00221122011F0F5FB5C
:10523000274B1B68002BEDD05C69002CEAD01C20AA
:1052400011F0F6FB234600F03F00BDE87040184720
:10525000A36E6BBB84F80C1194F80D31002BD9D1DF
:105260001C48FFF7BBFE0123112084F80D3111F01B
:10527000DFFB4008404284F80E011B2011F0D8FBF0
:1052800005461C2011F0D4FB43F6095340EA0525DE
:10529000C0B258432D0A80305D4305EB10250C2029
:1052A000C4F8105111F0C4FB400984F81401B1E7AF
:1052B00094F80C31002BADD0CEE794F8E130012BFF
:1052C000A8D194F82F31002BA4D0AEE78835002068
:1052D000CC3600204035002070B5404C94F8E050AA
:1052E000012D02D0022D59D070BD94F8E130CBB120
:1052F000012BF9D1FFF7AAFD0028F5D03848FFF7B8
:105300006DFE8021122011F088FB002384F8E0302C
:10531000344B1B68002BE7D0DB68002BE4D0BDE8E2
:1053200070401847FFF792FD0028DDD02E48FFF7A8
:1053300055FEB4F81631B4F8182113439BB23BB9AB
:1053400094F8FE00E8B92A4604F58B7111F054FA7E
:10535000B4F81801B4F8162194F81A312349121A36
:105360009A42014413DB5A1ED2B2002011F044FAD3
:10537000B4F8182194F81A31013A1344A4F81831FA
:10538000B2E7322011F054FBA4F81601E0E7D2B2E4
:10539000002011F031FAB4F81631EFE794F8E1503B
:1053A000002DA1D1FFF752FD01289DD0B4F81801BE
:1053B000B4F8163194F81B210C491B1A934201448E
:1053C00007DD284611F025FA94F81B31B4F81821AE
:1053D000D3E7DAB2284611F01CFADCE78835002062
:1053E00058350020CC360020403500205D57002085
:1053F00073B58E4C00238DF8073094F8E030012B04
:1054000004D0022B00F0FC8002B070BD94F8E130B3
:105410003BB3012BF8D14021122011F0FEFA1220EB
:1054200011F006FB8DF807009DF80730804D13F052
:10543000200F00F093802021122011F0EEFA94F852
:1054400032310BB984F8E0307A48FFF7C7FD2B689A
:10545000002BD9D01B69002BD6D002B0BDE870401C
:10546000184794F80031724D93B33F2011F0E0FAE1
:105470008DF807009DF807309B0729D40B213E20AB
:1054800011F0CBFA10213F2011F0C7FA6948FFF75D
:10549000A5FD94F802618EB96748FFF79FFD84F877
:1054A000E0602B6813B11B6903B198470023A4F88F
:1054B0000C31A4F81831A4F81631A5E70D2011F02D
:1054C000B7FA40F04001C9B20D2011F0A6FAE8E7A2
:1054D000B4F81621B4F81811584E52EA01030AD153
:1054E00094F8FE0050BB5649012211F085F9B4F83A
:1054F0001811B4F81621521AD2B23144002011F01A
:105500007BF9B4F816314B48A4F81831FFF766FD63
:1055100094F80231C3B9484884F8E030FFF75EFDE3
:105520002B68002BC2D09D68002DBFD094F90E21AE
:10553000B4F8161141480023A847B7E7322011F00C
:1055400077FAA4F81601D2E70D2011F071FA40F0B5
:105550004001C9B20D2011F060FAE1E7192011F005
:1055600067FA40B20230801084F83C011A2011F032
:105570005FFA94F93C21D4F8E460324940F30B130C
:10558000002A9BB237DA92B28E428CBF9D3AA43A7F
:10559000104403441BB21320A4F83E3111F048FA22
:1055A00084F84001102011F043FA01460D2011F05B
:1055B00034FA94F840212149002011F01DF994F8A3
:1055C00032310BB984F8E0301A48FFF707FD2B6839
:1055D000002B3FF419AF9D68002D3FF415AF94F9EF
:1055E0003C31B4F93E2194F840111448AC4602B065
:1055F000BDE8704060478E428CBF9D38A438C8E734
:105600001148FFF7EBFC94F8E130012B03D108219E
:10561000122011F002FA002384F8E030044B1B68DA
:10562000002B3FF4F1AE1B6815E700BF8835002062
:10563000CC36002058350020403500205D57002032
:105640009E36002040DD4A1F7035002070B50920CD
:1056500011F0EEF90546062011F0EAF9064607209A
:1056600011F0E6F90402082011F0E2F944EA0644D8
:1056700043F609530443C0B25843240A5C438030C4
:10568000002104EB1024092011F0C7F93B2011F090
:10569000CFF940F04001C9B23B2011F0BEF93B20E8
:1056A00011F0C6F98206FAD40C48FFF75FFD3B20E3
:1056B00011F0BEF940F04001C9B23B2011F0ADF944
:1056C0003B2011F0B5F98306FAD42946092011F0E0
:1056D000A4F92046BDE87040FFF748BD00A1BC33E7
:1056E00008B50A48FFF77AFC0948FFF777FC094834
:1056F000FFF774FC002011F0A6F9002011F069F802
:10570000054B002283F8E02008BD00BF583500207B
:1057100070350020403500208835002008B5084845
:10572000FFF75CFC0748FFF759FC0748FFF756FCFA
:10573000012011F088F9054B002283F8E02008BD14
:105740005835002070350020403500208835002075
:1057500037B5604C8DF8071094F8E1300546DBB1A1
:10576000012B45D000255C48FFF738FC5B482946F3
:1057700011F02AF994F8E130002B76D0012B00F0DB
:105780008C800223554884F8E030FFF7B5FB0320F6
:1057900011F059F903B030BD94F8FE009DF80710E0
:1057A000A4F81831A4F81611F0B901220DF107017F
:1057B00011F02FF89DF80720531E3F2B04D94848BD
:1057C000294611F040F820222946002084F81B21A8
:1057D00011F01FF8B4F8182194F81B31D4F80451D3
:1057E0001344A4F81831BEE7322011F016F9E1E7AE
:1057F00094F8313133206BB311F01AF900F0BE0187
:10580000332011F00AF919213B2011F006F99DF817
:10581000071084F84011222011F0FFF800210E201B
:1058200011F0FBF800210D2011F0F7F8012011F024
:10583000FFF830F0F80304D1FFF770FF012011F0FA
:10584000EAF829469DF80720002010F0E2FFD4F87E
:10585000345188E711F0ECF800F0BE0141F001018D
:10586000332011F0DAF81D21CEE7402011F0E0F8E6
:1058700000F00301402011F0D0F8412011F0D8F8D9
:1058800000F03E01412011F0C8F8352011F0D0F8A9
:1058900000F03F0084F81A0173E794F82F3173B1D8
:1058A000F521112011F0B9F8402011F0C1F800F0F5
:1058B000330141F04001402011F0AFF861E7F721DA
:1058C000112011F0AAF8402011F0B2F800F03F01C9
:1058D000EFE700BF883500205835002070350020E4
:1058E0005D570020F8B5804C07468048FFF776FBEF
:1058F00094F8E15015B3012D47D00026012384F818
:10590000E03037B17A48394611F05EF87848FFF751
:10591000F3FA94F8E130002B40F0DC80052011F020
:1059200092F8002E40F0DE80D4F80811714811F092
:105930004BF8BDE8F8406F48FFF7DEBA402094F816
:10594000026111F075F800F0030141F00C014020F4
:1059500011F063F8412011F06BF860F03E01C9B21C
:10596000412011F05AF8352011F062F800F03F00A4
:1059700084F81A011E210D2011F04FF8A4F80C51E3
:10598000A4F81851A4F81651B8E794F8313133202F
:105990003BB311F04DF840F04101C9B2332011F092
:1059A0003CF819213B2011F038F8D4F82031082BAD
:1059B0004FF031007DD811F03BF800F07F0131202D
:1059C00011F02BF80021302011F027F8D4F8203105
:1059D000082B1CD8DFE803F01036404A545E686894
:1059E000680011F025F800F0BE0141F001013320FC
:1059F00011F013F81D21D5E72F20482111F00DF8E3
:105A0000D4F8E40000F5F4500230FFF7AFFB94F84F
:105A10002F3194F83261002B52D01D21112010F04B
:105A2000FCFF402011F004F800F03301402010F09A
:105A3000F4FF00210F2010F0F0FF00210D2010F0E6
:105A4000ECFF5BE72F20442110F0E7FFD4F8E400DF
:105A500000F522503430D8E72F20442110F0DDFF2C
:105A6000D4F8E40000F574500430CEE72F20442130
:105A700010F0D3FFD4F8E40000F5A2405E30C4E794
:105A80002F20442110F0C9FFD4F8E40000F5F440C1
:105A90001230BAE72F20442110F0BFFFD4F8E40001
:105AA00000F52240C630B0E740212F2010F0B5FFAE
:105AB000ADE710F0BDFF60F07F01C9B23120F5E71E
:105AC0001F21112010F0A9FF402010F0B1FF00F0BD
:105AD0003F01ABE726B10520BDE8F84010F0B3BFA9
:105AE0000620F9E7F8BD00BF88350020703500209A
:105AF000583500204035002008B520B101280AD0D3
:105B00004FF0FF3008BD112010F092FFC0F34700A6
:105B1000404200B2F6E7084BD3F8E420074B9A4224
:105B20004FF01B0003D910F083FF9D38F1E710F010
:105B30007FFFA438EDE700BF8835002040DD4A1F15
:105B400010B50446012010F073FFC0F3C710A04247
:105B5000174B02D183F8E10010BD012C83F8E1401E
:105B60004FF0000013D010F06EFF012010F060FF26
:105B700000F07F01012010F050FF0021402010F0C4
:105B80004CFF3021BDE81040412010F046BF10F01E
:105B90005AFF204610F04CFF60F07F01C9B220464A
:105BA00010F03BFF0021402010F037FF0021E9E713
:105BB0008835002038B5174B174918601748184C1E
:105BC00010F0FAFE1449174810F0F6FE1249164874
:105BD00010F0F2FE10F0FFFDFFF738FD002010F08E
:105BE00032FF1248FEF79AFF00252078FFF7A8FF42
:105BF0000135A178607810F010FF102D04F1030436
:105C0000F3D10020FFF79CFF094B002283F8E0202E
:105C100038BD00BFCC360020E9610000703500209F
:105C2000B4C901005835002040350020380200205A
:105C3000883500202DE9F04F87B083460093109BF4
:105C400001939DF85C3002930C469DF864309DF8FA
:105C50005810039316469DF8602004920591BDF8F4
:105C60004480BDF848A09DF84C709DF850909DF878
:105C70005450FFF765FFFFF751FDDDE90332BBF13B
:105C8000000F06D0BBF1010F059964D007B0BDE845
:105C9000F08F8D49019881F802314FF4FA5381F861
:105CA0000121C1F8F860C1F8F400C1F8F04081F8B2
:105CB000FE7081F8FF9081F80051A1F8FC8002206D
:105CC00003FB0AF3B3FBF6F3C1F808317F4BB3FBD8
:105CD000F6F6C6F3072110F0A0FEF1B2032010F093
:105CE0009CFE2046FFF7A8F90146122010F095FE11
:105CF0000198FFF7A1F90146132010F08EFE4FEA3C
:105D00001821252010F089FE5FFA88F1262010F076
:105D100084FEF7B14946322010F07FFE302010F0AB
:105D200087FE87F001072D0100F06F0045EAC715D7
:105D30000543E9B2302010F070FE312010F078FEFB
:105D400040F04001C9B2312007B0BDE8F04F10F07B
:105D500064BEFF21DFE7022C00D9FEE7DFF868B15F
:105D600000988BF83231062E334638BF06230734AD
:105D70000C2B8BF82F1128BF0C2302998BF82901CB
:105D8000072CCBE94846ABF82A818BF82C718BF8AD
:105D90002D918BF82E518BF830118BF8312178D161
:105DA000A3F10B02012A8CBF002201221D208BF8D7
:105DB0002821019310F03CFE009B47EA430141EA91
:105DC0000411C9B21D2010F028FE1E2010F030FE74
:105DD000019BCAF3012141EA850141EA031100F068
:105DE00008000143C9B21E2010F017FE262010F053
:105DF0001FFE9BF8283120F0080141EAC301C9B217
:105E0000262010F00AFE5FFA8AF11F2010F005FE2E
:105E10004FEA1821202010F000FE5FFA88F12120BF
:105E200010F0FBFD1FB14946222010F0F6FD9BF853
:105E30002F316BB1442010F0FBFD60F07F01C9B23F
:105E4000442010F0EAFD9BF83011242010F0E5FD0D
:105E5000092C2AD1DBF8E4201D4B9A424FF00201B5
:105E60004FF036001DD910F0D8FD64213A2010F013
:105E7000D4FD062E4FF031001AD810F0D9FD00F0F5
:105E8000F80141F00501312010F0C7FD0C21372049
:105E90005AE7A4F108014A424A410B2E98BF00225A
:105EA00084E710F0BAFD7F21E0E703213620DEE72A
:105EB00010F0BEFD00F0F80141F00301312010F0B8
:105EC000ACFD0A21E3E700BF883500200048E80167
:105ED00040DD4A1F2DE9F04F87B01E469DF8543033
:105EE00005938A469DF858309DF85C10029317463A
:105EF000189A049103920190DDF840809DF844B017
:105F0000BDF848909DF84C509DF85040FFF718FEA2
:105F1000FFF704FC5046FEF747FF019BDDE9032134
:105F20002BB1012B059B5BD007B0BDE8F08F754B03
:105F3000C3E93B7683F8FE5083F8004183F80111F2
:105F4000C3F8042183F8E8A0C3F8F880A3F8FC9014
:105F500043F6095341F68466B7FBF3F203FB12776D
:105F600006EB0726B6FBF3F606EB0226C6F307217F
:105F7000042010F052FDF1B2052010F04EFD624EEB
:105F8000B6FBF8F60220C6F3072110F046FDF1B289
:105F9000032010F042FD4FEA1921252010F03DFDAD
:105FA0005FFA89F1262010F038FD302010F040FD16
:105FB00085F00105240100F06F0044EAC514044394
:105FC000E1B2302010F029FD312010F031FD40F019
:105FD0004001C9B2312007B0BDE8F04F10F01DBD3F
:105FE000484F022E87F81CA100D9FEE7B8F1060F32
:105FF000C24638BF4FF0060A0736BAF10C0F0298B6
:1060000087F829B128BF4FF00C0A072EC7E9486866
:10601000A7F82A9187F82C5187F82F3187F830019B
:1060200087F82E4187F83111C7F8342156D1AAF1EB
:106030000B02012A8CBF0022012287F828216BB1B4
:10604000442010F0F5FC60F07F01C9B2442010F04C
:10605000E4FC97F83011242010F0DFFC1D2010F034
:10606000E7FC45EA4B0141EA0611C9B21D2010F0D8
:10607000D4FC1E2010F0DCFCA40000F00B0044EA6D
:106080000A140443E1B21E2010F0C7FC262010F0D1
:10609000CFFC97F8283120F0080141EAC301C9B2CA
:1060A000262010F0BAFC4FEA1921202010F0B5FC90
:1060B00021205FFA89F110F0B0FCB8F1060F4FF023
:1060C000310014D810F0B4FC00F0F80141F00501E3
:1060D000312010F0A2FC0C2137207CE7A6F108014A
:1060E0004A424A41B8F10B0F98BF0022A5E710F0D1
:1060F0009FFC00F0F80141F00301312010F08DFC0D
:106100000A21E9E7883500200048E80130B54FF45E
:106110007A738BB003FB02F40D46FFF727F80023D8
:106120000522CDE901324FF49652CDE90633CDE98F
:106130000433039318462946009208941A46FFF741
:10614000C9FE312010F074FC00F0BF01312010F0C6
:1061500064FCF021402010F060FCA021412010F0F0
:106160005CFC2146074810F02FFC074B0548022233
:1061700083F8E020FEF7C0FE03200BB0BDE83040FE
:1061800010F061BC703500208835002038B5054618
:106190000C46FFF7D5FC15B1012D0BD038BD074BD0
:1061A00093F8FE30002BF9D121463220BDE838406B
:1061B00010F033BC21462320F8E700BF88350020CB
:1061C00010B504460120FFF7BBFC064B83F83841AD
:1061D0002CB13421BDE81040392010F01EBC122132
:1061E000F8E700BF8835002070B52D4C94F8E030FA
:1061F000012B02D0022B2DD070BD94F8E130CBB929
:106200000B213E20A4F80C31A4F81831A4F8163163
:1062100010F003FC10213F2010F0FFFB94F8023136
:1062200093B10D2010F004FC40F04001C9B20D20E4
:1062300010F0F3FB1B4B1B68002BDDD0DB68002B41
:10624000DAD0BDE870401847174884F8E030FEF710
:10625000C5FEEFE710F0BFFAFFF7F8F9002010F0E5
:10626000F2FB124D00262878FFF76AFC0136A97868
:10627000687810F0D2FB102E05F10305F3D1002051
:10628000FFF75EFC94F83801FFF79AFF002384F8CB
:10629000E030044B1B68002BAED05B68CFE700BF3B
:1062A00088350020CC36002040350020B4C90100DC
:1062B000A1F11003DBB2102B2DE9F04304D8384CC8
:1062C00024FA03F3DB0705D4002382F8F030FF2023
:1062D000BDE8F083531E4418A0424CD101F11C03C9
:1062E0009B00DFB2C3F30313013BDFF8B8E082F891
:1062F000F0300C4653184FF00109B4FBF1F801FBE4
:10630000184818F0FF0813F8040C13F803CC13F81E
:10631000026C13F8015C33D11EF80C801EF806C025
:106320001EF805601EF800504FEAD91000EB40003F
:1063300000EBC00089EA080880EA49005FFA80F9AA
:10634000404692F8008080EA0800187050788CEA85
:10635000000C83F801C0907846409E70D0780434D9
:10636000E4B24540A742DD7002F1040203F10403E8
:10637000C3D80020ACE710F8015B03F8015FABE77E
:106380001829DED9B8F1100FDBD1DFF8188018F822
:10639000000018F80CC018F8066018F80550D0E78F
:1063A00001010100E4CB01002DE9F04F92F8F0303B
:1063B000A7B00693002B00F0AF81047813786C4DE2
:1063C000634000934478537884EA0309847893788F
:1063D00063401D93C478D37863401E930479137986
:1063E000634001934479537984EA0308847993796B
:1063F00063401F93C479D37984EA030B047A137A38
:1064000063400293447A537A63400393847A937A85
:1064100084EA030CC47AD37A63402093047B137B11
:10642000C67B84EA030A447B537B84EA030E847BA5
:10643000937B069863400493D37B4E4C02EB001091
:10644000734021904C480593134613F8106F1C9627
:10645000009E229610F80C600796059E875D009EB0
:10646000865D1B9610F808601A96019E2596049E7C
:10647000865D19961E9E1896865D1796019E865D0E
:106480001696039E865D1596029E24961D9E149672
:10649000865DCDF88CA0CDE912B610F80B60119690
:1064A000029ECDF83890865D109610F80E600F961B
:1064B0001F9E0D96865D0C96209E0B96865D0A9615
:1064C00010F80A60099610F809600896219E9E420D
:1064D00054D1069B013BDBB2103202EB0312DDE923
:1064E0001B0383EA000A81F800A053781A9880EA17
:1064F000030E81F801E09378079880EA030C81F895
:1065000002C0D37816985F40CF7013795840087155
:106510005379159858404871937919985840887163
:10652000D37917985840C871137A10985840087258
:10653000537A0F9858404872937A1398584088724B
:10654000D37A11985840C872137B09985840087341
:10655000537B089858404873937B0C985840887335
:10656000D37B0A9A5A40CA73002027B0BDE8F08F47
:10657000E4C90100E4CA0100E4CB0100079E86EAF9
:10658000070B009E14F806901C9E89EA0B0915F86B
:1065900008B089EA0B0986EA090600961B9E14F8E2
:1065A0000890774089EA070915F80C7089EA07070F
:1065B00093F8019087EA0909DDE91A6786EA070876
:1065C00014F80C70059E88EA0708AF5D88EA070793
:1065D00093F8028087EA08061D961A9F079E86EAAE
:1065E000070C229EAF5D059EA65D87EA0C077740EB
:1065F000DE787E401E96199F179E7E40019FE75DC4
:106600007740039EAE5D7E401F797E400196DDE9B6
:1066100016677E40039FE75D7740049EAE5D7E4037
:106620005F7986EA0708DDE915677E40049FE75D2C
:106630007740189EAE5D7E409F797E401F96199FE1
:10664000159E7740259EAE5D7E40189FE75D7E409B
:10665000DF7986EA070B139F119E7E40029FE75D5C
:10666000774015F80E607E401F7A7E400296DDE985
:1066700010677E4014F80E707740149EAE5D7E4029
:106680005F7A7E400396DDE90F677E40149FE75DE9
:106690007740129EAE5D7E409F7A86EA070C0F9E81
:1066A000139F7740249EAE5D7E40129FE75D7E4043
:1066B000DF7A7E4020960C9F0A9E7E4014F80A7076
:1066C00077400E9EAE5D7E401F7B86EA070ADDE9BD
:1066D00009677E400E9FE75D77400D9EAE5D7E4070
:1066E0005F7B86EA070EDDE908677E400D9FE75D68
:1066F00077400B9EAE5D7E409F7B7E4004960C9F54
:10670000089E7740239EAE5D77400B9EA65D7E403F
:10671000DF7B7E40059698E6FF2026E72DE9F043D3
:10672000CBB00646DDF84891174698460D4689B32A
:10673000B9F1000F2ED004A810F0F6F9164B196825
:10674000002401F1140304EB04101A5C424513D138
:106750001530014404A810F0F7F9A6B93A462946C5
:1067600004A810F0F6F9684604A910F05DFA009B41
:10677000C9F80030002003E00134172CE3D10320D6
:106780004BB0BDE8F083102231460DEB020010F053
:10679000E0F9E3E70220F3E7D036002030B5E9B0B6
:1067A0004FF4D07200210446684613F028F9284BB4
:1067B0000DF1150203F1200153F8040B42F8040B0C
:1067C0008B42F9D11B88138022490323452216A846
:1067D0008DF8473013F005F97F238DF8AD30802315
:1067E0008DF8BE3081238DF8CF3082238DF8E030D4
:1067F00083238DF8F13084238DF8023185238DF8C1
:10680000133186238DF8243187238DF83531882381
:106810008DF8463189238DF857318A238DF86831F8
:106820008B238DF879318C238DF88A316CB10A4D28
:106830004FF4D072694620462C6010F004F82868A6
:1068400010F06DFB002069B030BD0220FBE700BFF7
:10685000AABD0100CDBD0100D03600202DE9F041D8
:106860000D46BEB016469846074670B36BB311F09E
:106870000F042CD1F022214601A80FF0F8FF154B90
:106880001868214600F1140201EB0113D45CB442F4
:106890000BD1153301AA10211844FFF709FD2C462E
:1068A0002E1BF6B244B9204603E001311729EBD183
:1068B00003203EB0BDE8F08101AA08EB0601B8193B
:1068C000103CFFF771FDA4B2EAE70220F1E70520D2
:1068D000EFE700BFD0360020F0B51C4E376885B01A
:1068E0000C46002307F1140203EB0315515D8142AE
:1068F00027D180F08003092B05F115051AD840F245
:10690000492222FA03F3DB0714D51022002168463E
:1069100013F075F87F22102120466B46FFF79EFF8B
:10692000044630681022694628440FF08CFF204648
:1069300005B0F0BD2146102278190FF084FF002425
:10694000F5E70133172BCFD10324F0E7D036002031
:1069500008B5014630B1044B082218680FF073FFE8
:10696000002008BD0220FCE7D0360020014B18684B
:10697000704700BFD036002008B5014638B1054B3E
:106980001868082210440FF05EFF002008BD0220A6
:10699000FCE700BFD0360020014B18680830704774
:1069A000D036002008B5014638B1054B18680422DE
:1069B00010300FF048FF002008BD0220FCE700BFA8
:1069C000D0360020014B186810307047D0360020B8
:1069D000044B054A93F8A831022B18BF062382F80E
:1069E0008834704704370020283E0020034BD3F83A
:1069F000483313B1DB6803B118477047283E0020C5
:106A0000034A137843F002031370FFF7EFBF00BF90
:106A1000E8360020034A137843F008031370FFF7A9
:106A2000E5BF00BFE8360020034A137843F00403B3
:106A30001370FFF7DBBF00BFE8360020074BD3F829
:106A4000402322F48072C3F8402393F8892442F053
:106A5000100283F88924FFF7C9BF00BF283E002039
:106A60002DE9F04116461D4680460F460FF0BDFF4A
:106A7000084A094C13782781C4E9000823F0110360
:106A800043F01103668125731370BDE8F041FFF7F1
:106A9000ADBF00BFE8360020D43600201FB5094B3B
:106AA0008DF8090093F88C208DF80A2093F858008F
:106AB0000D2202A98DF8082010F0BAFDC0B205B071
:106AC0005DF804FB0437002010B5154C94F8C9217B
:106AD00094F85030012A4FF0010294BF84F8D52178
:106AE00084F8D721013394F8C821DBB29A4284F8A4
:106AF000503009D80B48FEF771FA002384F8503063
:106B0000BDE81040FFF772BF074C04F2BC40D4F858
:106B1000DC140FF059FF04F2BC40FEF7EDF9EFE78B
:106B200004370020E4420020283E002008B5074832
:106B3000FEF754FA064B93F8162412B1012283F89B
:106B40001524BDE80840FFF751BF00BF24420020D4
:106B5000283E002010B50C4CD4F8403343F080039D
:106B6000C4F8403394F8163413B10020FFF7DEFF69
:106B700094F8893423F0120343F0120384F8893423
:106B8000BDE81040FFF724BF283E00202DE9F0416A
:106B90004F4C90B008B984F8C001B4F8DC30A4F8C8
:106BA000483094F8B93084F879304A4B4A4ED3E9EA
:106BB000100183E80300D3E9120103F1080282E81F
:106BC0000300B4F8CC20A4F88C20D4F8D420C4F866
:106BD0009420D4F8D820D4F8D010C4F898200025F8
:106BE0004FF0010803F5407203F54573C4F89010A7
:106BF000A56384F8AB51A4F8B08184F84A5084F8B6
:106C0000AD5184F8AE51C4F8C451A4F8C85103A9D9
:106C1000C6F8E454A6F8145486F81654C4E973551B
:106C200094F8580004932D4B84F8D551A4F8D6510C
:106C3000039205938DF8188010F00AFDE36FC6F8F3
:106C4000D83394F88D3086F8E43386F8D45394F82A
:106C5000C03186F8E73306F575770FCF06F57A74FD
:106C60000FC486F8E55386F8E6833B682360022369
:106C700086F8FA33D6F8483386F81754CDE901552B
:106C800086F8F9831BB15A68DB6801920293144BB2
:106C90000793A3F14C020892A3F114020992114A3E
:106CA0000B9221330A93A2F18C030C93A2F1880377
:106CB0000D93131D0E9301A902F1DC0307A802F541
:106CC000C5620F9310F0B9F910B0BDE8F08100BFB4
:106CD0000437002080370020283E0020EC360020BA
:106CE00090420020E837002013B50FF07EFE0A4BDB
:106CF000186068460FF016FEDDE90001074A084BF0
:106D000083E80300137843F02003137002B0BDE85A
:106D10001040FFF76BBE00BFE4360020E8360020CD
:106D2000604100202DE9F041DFF8AC8098F8A831EF
:106D3000022B06460D4602D0284BDB6A984710F01E
:106D400087F9044628B1022010F078F9002010F0ED
:106D50007AF998F8A831012B17D110F07BF9074682
:106D600030B1002010F06BF9002010F06DF93C46B6
:106D700010F072F948B1002010F062F9002010F014
:106D800064F9BDE8F041FFF723BE002CF9D1144CA3
:106D900094F8882494F81634BAB90BB184F8416495
:106DA000304603F063F8D8F83C000FF025FED4F825
:106DB000BC339842E5D30B48FEF710F994F88934B8
:106DC00043F0100384F88934DBE70BB184F84154B5
:106DD000284603F04BF8F1E704370020D8A3010060
:106DE000283E0020C841002073B5124D124E009677
:106DF000EB6D95F8602095F9881095F8580010F023
:106E000043FC0223B37495F8C031F37495F858002D
:106E1000012306F138023146737410F042FC30B1A0
:106E2000064B00205B6B9847B37C86F8A03002B01D
:106E300070BD00BF0437002010420020D8A301001D
:106E4000F8B53B4C94F8A851012D06460ED0022D02
:106E500060D0002D69D138B9D4E91F0104F1840351
:106E600083E80300002006E0012805D110F0FBF8BC
:106E700008B984F8A861F8BD022856D12D4F84F8CE
:106E8000A80107F5757EBEE80F0007F57A7CACE82F
:106E90000F00DEF80030CCF8003087F8FA632346A4
:106EA00093F8E92082B393F80021022A2CD13023F1
:106EB00003FB0545D5F80431C4F88430C7F8EC333A
:106EC00094F88D3095F8082187F8F833032384F877
:106ED000882087F8FA3397F8172487F8E8230123E6
:106EE00087F8F933002387F81634134BDB6A984789
:106EF000FFF77AFF94F8BE31002BB3D00F4901227F
:106F0000202002F03BFEADE70135042D03F13003F4
:106F1000C6D1E7E748B9074B84F8A801062283F8F1
:106F20008824054BDB6A9847E4E70320A3E700BF0A
:106F300004370020283E0020D8A30100AC380020F0
:106F400070B50B4E0B4D0C46FEF748F8336B984767
:106F5000094A95F85800214610F0A3FB30B1736B35
:106F6000686E9847054BA27C83F8882470BD00BFEB
:106F7000D8A301000437002048420020283E00200A
:106F80000E4890F8173480F8C0330D4B93F87920F1
:106F900080F8C32393F88D2080F8D02393F8C03174
:106FA00080F8D333002280F8D12380F8D22300F573
:106FB000707100F56270FFF7C3BF00BF283E00206C
:106FC00004370020104890F88834DBB190F817346B
:106FD00080F8D4330D4BDA6FC0F8D82393F88D20A6
:106FE00080F8E423002280F8E52393F8C03180F88C
:106FF000E733012280F8E62300F5757100F568702B
:10700000FFF79EBF704700BF283E002004370020D6
:107010002DE9F04F8FB04FF00009012B06460F46C7
:1070200090468DF80990ADF80C9002D84C46BC42C1
:1070300002D30FB0BDE8F08F305D02F091FE204426
:10704000B842F6DC335D651C013BEDB21F2BF0D876
:1070500001A252F823F000BFD970000001710000B6
:107060002B7100002972000051720000E1720000D3
:10707000077300006D730000A173000033740000FB
:107080001B7400008774000093750000AD7400004D
:10709000157500003D76000065760000B1760000B1
:1070A000E57600003370000033700000337000009C
:1070B0003370000033700000337000003370000044
:1070C0003370000033700000337000003370000034
:1070D000337000007B750000AF4B725D93F8BE31DA
:1070E00002349A42E4B200F2B18005A9012002F014
:1070F000BDFD002840F0AA80059802F08DFDA5E0B6
:10710000052002F0CDFE70B10521002002F09CFEAA
:10711000725DA24BE51C0234E4B283F85C24325D5C
:1071200083F85D24EDB22C4681E700238DF80A3008
:107130008DF80B308DF810308DF81830B9F1000F44
:107140006DD1954C4FF0050994F88C208DF83120C5
:107150006B1E94F849208DF83320334494F848206E
:107160000B938DF8342094F8AA3194F878208DF898
:107170003520D4F8BC218DF832300A9273B37B1CD1
:107180005B1BDBB28DF8303006AB019304AB009390
:1071900094F858000DF10B030DF10A020AA910F042
:1071A00096FA8DF8090000F00700072813D194F92A
:1071B00049209DF90A3084F849309A429DF80B30F5
:1071C00084F84830B8BF01229DF81030B8BF84F869
:1071D000AD2184F878304FF0000A09E00523D1E7AB
:1071E00001220DF10901032002F0C8FC0AF1010A95
:1071F0005FFA8AF29DF81830B3FBF9F19142EFD8AB
:107200002B44DDB26B1EDBB29F420BD9F25C032A2A
:107210009AD0AF4288BF1D464FF0010983E705347D
:10722000E5B2F9E71D46F7E7735D5B4903F00F032D
:10723000012281F8AB31023402FA03F3A1F8B03134
:10724000E4B2002203A9042002F098FC25466AE774
:1072500007238DF80930735DDFF83CA1C3F30212F8
:1072600003F00F030F2B8DF8283004BF9AF88030FD
:107270008DF828308DF82920651DA21CE31C0434EC
:10728000DBB2E4B2F15C335D9AF85800D2B21B0471
:10729000B25C43EA01231343642253430AA90B93CC
:1072A00010F025FA00F00703072BEDB28DF8090066
:1072B0000ED19DF828308AF880308AF888300B9BF0
:1072C000CAF87C30CAF884309DF829308AF87930C1
:1072D0008DF80C00012203A9052002F04FFC22E7E3
:1072E0002E4BD3F8483363B11B6853B1984708F06D
:1072F0003F038DF80C008DF80D30022203A9062003
:10730000EBE7FF20F3E703238DF80930735D8DF879
:107310001C300AAB0693E31CDBB2A51DF25C231DF7
:10732000DBB206A9F35C1B0443EA0223A21CD2B21F
:107330000534B25C134364225343E4B20A9300233E
:107340000B93335D8DF83030134B93F8580010F0E9
:10735000D5F9C3B20028EDB28DF80930FFF6E3AEDF
:107360008DF80C30012203A90720B6E7735D0A49A6
:1073700003F00F03012B38BF01234FF47A7213FB84
:1073800002F0023413FB02228866CA66E4B20022CD
:1073900003A9082058E700BF04370020283E00203A
:1073A000735DBE4DC3F340128DF8112095F858005F
:1073B000C3F3001204A903F00F038DF810208DF819
:1073C000123010F0A2F902340130E4B23FF43EAFC3
:1073D000BDF81030B24AA5F88C309DF812309DF8F7
:1073E00010A0D05CF8F742FF0223C5F890000AA96C
:1073F00095F858008DF828308DF82AA010F018F96B
:1074000095F94930069040B29842B8BF184685F8C1
:107410004900002203A9092016E7A04B725D93F8EA
:10742000BE3102349A42E4B23FF610AF05A90B20F8
:107430005DE603238DF80930735D8DF82830E31C79
:10744000DBB2651DF25C231DDBB20234F35CE4B2F7
:107450001B0443EA0223325D1343642253430B931C
:107460008E4B0AA993F8580010F056F9C3B20028C1
:10747000EDB28DF80930FFF656AE8DF80C300122D2
:1074800003A90A2029E7725D844802F00F01012355
:10749000120903FA01F102349340A0F89A10A0F8FF
:1074A0009830E5B2002203A90C2016E716F805B0C3
:1074B000DFF8E8A10BF007038AF8C831A31CDBB2A0
:1074C0002021F25CC2F302128AF8C921F35C002089
:1074D00003F00F038AF849300FF0A8F9CBF3C20B81
:1074E000202303FA0BF318446E4B0022C3F8DC246C
:1074F0008AF850206C4A90429CBF4FF47A725043F5
:1075000004F1030498BFC3F8DC040020E5B2FFF7E0
:10751000DBFA08E6735D00201A090A3201218DF8B2
:107520000C00614801FA02FC02348445E5B220DC1B
:1075300003F00F03043359485A4CC0F8CCC101FA88
:1075400003F39BB2C0F8C4314FF47A73934004F252
:107550008C40C4F8D4348DF80C10FDF73FFD04F2D4
:107560008C40D4F8D4140FF02FFA04F28C40FDF7BD
:10757000C3FC012203A90F20AFE605A9202002F0D9
:1075800075FB10B10234E5B2CDE5059802F044FB7D
:10759000F8E7092002F084FCDFF808B100284AD09F
:1075A0000921002002F050FC0023ADF81E30A31C7E
:1075B000DBB2F25CE31CDBB216F803A0735D4FEAAA
:1075C0000A4A4AEA022A4AEA030A231DDBB2A51D37
:1075D0000534F35CE4B24AEA036A335D4FF47A722D
:1075E00013FB02F30AAC1B122046ADF81C300FF05F
:1075F00099F92E4B53440693DBF83C3300930DF17D
:10760000180A9AE80600DBF8383308A80FF050F99A
:10761000099B009394E80600089B50460FF02EF952
:107620009AE803000FF05EF90FF027FD0123EDB299
:107630008BF8383477E58BF8380474E50C2002F0C9
:107640002FFC00283FF46FAD0C21002002F0FCFB62
:10765000144B93F88834043B012B7FF664AD0FF094
:1076600008FD60E5A31CDBB2725DF15CE31CDBB2DC
:10767000651DF35C0434E4B21B04305D43EA01236E
:1076800013436421594300F00F000FF0F3FCEDB2F7
:107690008DF80C00012203A911201EE604370020FA
:1076A000E4CC0100283E002037894100803DD512FE
:1076B0000D2002F0F5FB00283FF435AD0D21002030
:1076C00002F0C2FBA31CDBB2124AF05C735D1268CD
:1076D000251D0334E4B243EA0020315DEDB20FF022
:1076E000CBFC20E5725DA31C251D0334DBB2E4B2A4
:1076F000F15C335D1B0443EA0123134364205843C8
:107700000FF0BCFCEDB28DF80C00012203A9132090
:10771000E3E500BFD436002037B5214CD4F8C4319E
:1077200013B1E36C0133E36494F8BE311D4DCBB16A
:1077300001A90B2002F09AFAA0B9B4F85230B4F8BB
:10774000982001339BB29A42A4F852300AD195F89E
:10775000893484F8C00143F0080385F889340F2385
:1077600085F8683495F88934990703D595F82D3450
:10777000012B07D994F8AA3123B1A36B5A1C18BF67
:107780000133A3630023A5F8143485F81634D5F823
:10779000403323F00203C5F8403303B030BD00BFCF
:1077A00004370020283E002038B50F4D0F48104CFC
:1077B000FDF714FCD5F8D0310E4A93429EBF4FF42A
:1077C0007A725343C4F8D834FFF710F90123D4F880
:1077D000D814064885F8D6310FF0F6F8BDE83840E1
:1077E0000248FDF789BB00BF04370020CC420020CF
:1077F000283E00203789410038B50F4D0F48104C06
:10780000FDF7ECFBD5F8CC310E4A93429EBF4FF406
:107810007A725343C4F8D434FFF7E8F80123D4F85C
:10782000D414064885F8D5310FF0CEF8BDE83840BD
:107830000248FDF761BB00BF04370020B4420020BE
:10784000283E002037894100094BD3F84023012A04
:107850000AD008490978C90708D43AB993F88A04C4
:10786000013818BF01207047002070470120704781
:10787000283E0020E83600202DE9F7434E4CBDF8A5
:1078800028901D1E90464FF0000208BF9146074603
:10789000CDE90022228084F816240E464A46294665
:1078A00004F59C700EF0CFFF5FFA89F284F837225E
:1078B0003B78A3703B785B09042B07D0072B69D07A
:1078C000022B06D0022003B0BDE8F083012384F828
:1078D0001634042384F80431384DC4F80851FF23CA
:1078E00084F80C313B78364F84F80D31D7F8E4300A
:1078F00084F82881C4F81031337884F8143168464C
:1079000005F59B7384F83021C4F82C3102F024FC77
:1079100000284ED1009BA4F8440401A8A4F8163115
:10792000C4F84C3402F0DCF9002840D1019B0BB9BB
:107930000020C8E797F94900FFF7B0F894F837320C
:10794000CBB1019B0F2B0ED805F58B7201A90F202F
:1079500002F0D2F958BB3378019A62F30303337013
:1079600084F81431E4E705F2FE4201A902F0C4F9FB
:10797000E8B90A20A7E705F2FE452A4601A902F068
:10798000BBF9A0B9019B84F82801C4F82C5184F8F4
:107990003031CDE7002DCBD0002AC9D02946E01CDC
:1079A0000EF051FF94F8373201332380C0E71320E3
:1079B00089E7122087E700BF283E00202A3E0020EA
:1079C0000437002070B54B4D4B4C86B000238DF82A
:1079D000033095F849308DF8093095F848308DF826
:1079E0000A30D5F890300393D5F894300493238867
:1079F0008DF808000646ADF8143095F8580004F5E7
:107A000083630DF1030202A90FF054FE012384F8F1
:107A1000413495F8493084F842349DF8033084F8B5
:107A20004334D4F81834C4F85064C4F84834C4F863
:107A300058340FF013FBB0B995F8A831012B01D1E0
:107A40000FF020FB0FF00DFB0023019394F804319D
:107A500095F9495094F81764042B0CD8DFE803F02B
:107A60000E2D310B3500D4F818040FF009FB002857
:107A7000E2D0102000E0032006B070BD1F4802F0E5
:107A8000A5FB002832D1D4F8403394F80C111C48DF
:107A9000218043F00203C4F8403394F814340133D6
:107AA000DBB284F8143484F84534164B00259B6A05
:107AB000C4F8E45498472846DEE7104802F0DCFB9F
:107AC000DFE70E4802F004FCDBE701A802F044FB0C
:107AD00070B994F8143413B1019B013B0193074B27
:107AE00001983246E9B202F01DFCCAE71120C3E753
:107AF0001220C1E704370020283E0020303F00203C
:107B00002A3E0020D8A301002DE9F0418EB00646A0
:107B10000FF09EFA002840F0E080724C94F8A831F3
:107B2000012B0CD0236C704DABB195F80431042BB4
:107B300000F2D580DFE803F0171D21D325000FF0F8
:107B400089FA18B10F200EB0BDE8F0810FF084FA69
:107B50000028E7D0F6E7B4F8B031D5F81824013B97
:107B600053432364E1E761480FF04DFC68B11120F5
:107B7000E9E75E480FF07BFCF8E75C480FF0AFFCEC
:107B8000F4E75A480FF0E3FCF0E795F80C312B804E
:107B9000236C08930DF1180894F849308DF82830BB
:107BA000404694F8AC318DF82A300EF0DEFED4F861
:107BB000B831009302AF98E80600D4F8B4313846E3
:107BC0000EF076FE97E803000BAB83E80300E36B4F
:107BD000099300238DF834302B88ADF8363094F8B3
:107BE000C03101228DF829201BB98DF834208DF881
:107BF00029303F4B00933F4B94F85800A3F1C90242
:107C000008A90FF099FDA0B10B289CD1D5F8E0147C
:107C100079B1002E97D0D5F84033374843F0200390
:107C2000C5F840330EF0D0FE3348FDF765F900206B
:107C300089E794F8587094F9793094F9492094F8C8
:107C40008D102E4E38460FF085FD009641B2E36D43
:107C500094F86020384614360FF016FD0096E36D58
:107C600094F8602094F9801094F858000FF00CFDFF
:107C7000D5F8CC13A36ED5F8E0230B44C5F8B83380
:107C8000E36E1344C5F8BC3395F80431042B07D0D8
:107C9000236F0B44C5F8B833636F1344C5F8BC3386
:107CA0000023059394F8C03123B995F81704FFF722
:107CB00089FE48E705A802F013F860B994F9490075
:107CC00095F837629DF81470FEF7E8FE3E44B04226
:107CD000EBD2082037E7132035E70E2033E70320E7
:107CE00031E700BF04370020283E0020303F00204D
:107CF000443700200843002098410020E84100203C
:107D000010B5184C1848FDF769F9D4F84033D4F889
:107D1000E40423F02003C4F8403348B10EF06CFEB5
:107D2000B0F5FA5F04D9114B002283F84A2010BD48
:107D30000120FFF7E9FE0028F9D00B28F7D00B4B04
:107D400093F8493084F84234092094F8143484F8C4
:107D5000453484F8410402F089F8BDE81040FFF78B
:107D6000DBBC00BF283E00209841002004370020E3
:107D70002DE9F0433C4C8BB09046994694F8C021D5
:107D8000B4F84830B4F848600F46A16B049105463A
:107D90005BBA002A65D094F8AB2102B9226494F84A
:107DA000AA014FF0000260F3C7128DF80C2094F87E
:107DB000A821012A02BF9DF80C2042F010028DF884
:107DC0000C2094F84A202AB19DF80C2042F02002A1
:107DD0008DF80C20ADF8203094F878308DF82230F2
:107DE00094F88C308DF8233094F858308DF8243086
:107DF000012204AB8DF81420D4F8982000931B4B7B
:107E00008DF8150006910792A3F12F01A3F130021E
:107E100005A80FF0A4F89DF80C30CDF8009060F3A1
:107E200086138DF80C303A46434603A92846FFF7DF
:107E300023FD40F20143C340DB0703D50020FFF7D9
:107E400063FE20B1A4F848600BB0BDE8F083049B4A
:107E500084F84A00A36301F017FF002818BF13201D
:107E6000F2E70720F0E700BF043700207C3700204E
:107E7000022870B5044601D02BD888BB3C4B3D4D41
:107E8000012283F8D4210222D3F8E03085F80421BE
:107E9000003C2A4418BF0124C5F808214CF2FF0217
:107EA000A5F80C2185F80F311A0A64001B0C85F81F
:107EB000102185F8113185F80E41FEF757FD082293
:107EC000014605F589700EF0BEFC05F58D710820A0
:107ED00029E0FF282DD00120BDE87040FFF714BE37
:107EE000244C234A012382F8D431A21CC4F808216F
:107EF0004CF2FF0284F8043184F80E31A4F80C210E
:107F0000FEF74AFD0822014604F20F100EF09BFC1A
:107F1000FEF72CFD0822014604F217100EF093FC28
:107F200004F59071092002F023F90028D3D0112024
:107F300070BD104D0020FEF783FF0026AB1CC5F876
:107F4000083185F80461A5F80C41FEF725FD0822EB
:107F5000014605F587700EF076FCFEF707FD082256
:107F6000014605F58B700EF06EFC3046B4E700BF9D
:107F700004370020283E0020084B10B50446084670
:107F80001146DB6B224649B29847054AD2F8403386
:107F900043F00203C2F84033002010BDD8A3010013
:107FA000283E00202DE9F04F89468BB090460646CA
:107FB000002800F08A81002900F087810368002BE7
:107FC00000F083814368002B00F07F818368002BE1
:107FD00000F07B81C368002B00F0778110460FF022
:107FE00022FB002800F07381BB4CBC4D304601F0F1
:107FF000DBFE40F22472002120460EF038FC4FF4E4
:10800000B062002128460EF032FCB54BC4F8BC31FA
:1080100004F55F73069304F56473002740460793E5
:1080200006A9B04B84F8588084F8A8718DF82470A4
:1080300008930FF00DFB0E2304A994F858008DF857
:1080400010300FF0F5FAC01B18BF01204FF00A0BDB
:1080500084F8AC0104A994F858008DF810B00FF022
:10806000E7FA4FF0060A84F8DC0004A994F85800F7
:108070008DF810A00FF0DCFA0F2384F8DD0004A9BE
:1080800094F858008DF810300FF0D2FA10230DEB51
:108090000301C4F8A40094F858008DF810300FF0D4
:1080A000C7FA1123C4F8A80004A994F858008DF861
:1080B00010300FF0BDFA1223C4F8AC0004A994F8F4
:1080C00058008DF810300FF0B3FA1323C4F8B00045
:1080D00004A994F858008DF810300FF0A9FA152370
:1080E000C4F8B40004A994F858008DF810300FF0CB
:1080F0009FFA162384F8B90004A994F858008DF863
:1081000010300FF095FA1723C4F8BC00C4F8C4006F
:1081100004A994F858008DF810300FF089FAC0B215
:108120001C2384F8C00084F8C80004A994F85800FF
:108130008DF810300FF07CFA1D2384F8CC0004A9D0
:1081400094F858008DF810300FF072FA1E2384F85E
:10815000CD0004A994F858008DF810300FF068FA9B
:108160001F23C4F8D00004A994F858008DF81030EB
:108170000FF05EFA0B23C4F8D40004A994F8580059
:108180008DF810300FF054FA0C2304A9A4F8D8008D
:1081900094F858008DF810300FF04AFAD4F8A43053
:1081A0006366D4F8A830A366D4F8AC30E366D4F89C
:1081B000B03003904FF00108A4F8DA002367384686
:1081C000D4F8B430636784F8B880C4F89CB084F8FD
:1081D000A0A0C4F85CB084F860A084F8788084F82B
:1081E000AF81FEF7D3FC404985F8897405F55C70D2
:1081F000C4E90F77C5E9D16984F8A981C5F840833E
:108200000EF0DAFB394905F562700EF0D5FB3849FE
:1082100005F568700EF0D0FB364905F57F700EF05D
:10822000CBFB354905F28C400EF0C6FB334905F215
:10823000A4400EF0C1FB324905F2BC400EF0BCFB7D
:1082400068460EF092FBDDE9000104F5DA7383E87D
:1082500003002C4B1F602C4BC5F84C332B4BC5F83F
:1082600054332B4BC5F85C332A4F2B4BC5F8503396
:108270002A4BC5F8583305F553703B68984704F509
:10828000EE70FEF78BFA20B1112630460BB0BDE838
:10829000F08F204601F03AFF0028F5D101F060FC94
:1082A000B8B91F4801F07CFF06460028ECD17B6975
:1082B0009847FCF7F5FDBB6D94F8A9019847FB6A58
:1082C0009847012385F88A34DFE70326DDE709268E
:1082D000DBE71326D9E700BF04370020283E002043
:1082E00000010101EC360020017D0000816F0000DB
:1082F000C56F00002D6B0000F9770000A977000022
:10830000C96A0000E8360020E96C0000616A0000DC
:10831000296A0000D8A30100156A0000016A000064
:10832000EC37002008B5034B0020C3F84003FEF7EC
:108330004FFB08BD283E002070B52E4B8AB0054685
:1083400093F8DD008DF8090093F8DC008DF80A0041
:1083500029489A6B90F81404039200268DF80B00BC
:1083600004960C46002941D00692D3F89820079233
:10837000B3F8482093F8AA118DF8151052BAADF849
:10838000202093F88C2093F858308DF8243003ABDC
:108390008DF822008DF8232000930DF10A020DF1D3
:1083A0000B030DF1090105A88DF814600EF0D7FD3F
:1083B0009DF90900FEF772FB607004A801F090FCC3
:1083C000B0B9049A0F2A0DD863789A420AD8154496
:1083D000AB42A3EB02012CBF002001202170C000A2
:1083E0000AB070BD002323700820F9E70320F7E7E7
:1083F0001320F5E704370020283E00201FB504466F
:10840000002800F0058103784C2B00F2FC80DFE8A7
:1084100013F04D00540058005C005F0062006600DD
:108420006B00FA00FA00FA00FA00FA00FA00FA000B
:10843000FA00FA00FA00FA00FA00FA00FA00FA006C
:10844000FA00FA00FA00FA00FA00FA006F0073006E
:108450007D00840087008A008F008D0091009500C8
:1084600098009B009E00A100A400B300B700BF00CD
:10847000BB00C300C600CA00D100CF00FA00D5007F
:10848000E100E500FA00FA00FA00FA00FA00FA004A
:10849000FA00FA00FA00FA00FA00FA00FA00DD0029
:1084A000E900EE00F200F600010101015A4B93F8D9
:1084B000A8312371002004B010BD574B93F8C03190
:1084C000F7E7FEF753FA6060F4E7FEF765FAFAE7BC
:1084D000FEF778FAF7E7504B93F8AA31E9E74E4BED
:1084E000D3F8E0306360E5E74B4BD3F8E430F9E7CD
:1084F000494B93F8A931DCE71B238DF80830464B34
:1085000002A993F858000FF093F8DCE7434B0434CA
:1085100093E8030084E80300CCE7414B0434F7E719
:10852000404B0434F4E7404B0434F1E71923E4E70B
:108530001823E2E7384B93F87830BAE7364B5B6E96
:10854000D0E7354B9B6ECDE7334BDB6ECAE7324B42
:108550001B6FC7E7304B5B6FC4E702238DF8083011
:108560002D4B02A993F88C2093F858008DF80A201F
:108570000FF05EF820719DE7274B93F9DD3098E707
:10858000254B93F9493094E7234B93F9DC3090E77E
:10859000214B93F948308CE71F4BDB6DA2E71E4B54
:1085A00093F8603085E71C4BD3F89430636081E723
:1085B000194B97E7184BD3F8D430F7E7164BD3F89D
:1085C000BC31436002F03EF9A06073E7124B93F8B0
:1085D000AF316EE7104BD3F8CC3183E70E4BD3F8B5
:1085E000D0317FE70C4BB3F89830A38062E70A4B99
:1085F000B3F89A30F9E7084BB3F8D830F5E7064BF3
:10860000B3F8DA30F1E704B0BDE810400EF02DBD4C
:10861000032050E717204EE7043700208037002062
:10862000C037002088370020C83700207FB50446B7
:10863000002871D08D4DD5F840339A0700F10083A2
:1086400002784C2A00F2F782DFE812F04D00530066
:10865000610068006C00700075007A007F008A007D
:108660008F00940099009E00A300A800AD00B20006
:10867000B700BC00C100C600CB00D000D500DA00B6
:10868000DF00E400EA00F000F502F800160129011D
:1086900050017201630176017F01830187018B0123
:1086A0008F01F5029301A501CD01BB01DF01E901B5
:1086B000F001F501FA018602F502A702C502F502F2
:1086C000F502F502F502F502F502F502F502F502F2
:1086D000F502F502F502F502A202E102E602EB0262
:1086E000F002F802F8020079FEF7AAFB002835D163
:1086F00005E00379022B0FD05D4A82F8C03195F86E
:10870000893443F0200385F88934002026E040684E
:10871000FEF71EF90028F2D003201FE04068FEF7A4
:108720002BF9F7E74068FEF73DF9F3E7504B027984
:1087300083F8AA21E3E74E4B4268C3F8E020DEE766
:108740004B4B4268C3F8E420D9E741680029E3D0E5
:10875000002001F093FF0028D1D0112004B070BD9B
:1087600041680029D8D00120F3E741680029D3D01F
:108770000220EEE741680029CED00320E9E74168F6
:108780000029C9D00420E4E741680029C4D00520AD
:10879000DFE741680029BFD00620DAE741680029F9
:1087A000BAD00720D5E741680029B5D07F20D0E7AF
:1087B00041680029B0D08020CBE741680029ABD0C8
:1087C0008120C6E741680029A6D08220C1E7416820
:1087D0000029A1D08320BCE7416800299CD08420D7
:1087E000B7E74168002997D08520B2E741680029A2
:1087F00092D08620ADE7416800298DD08720A8E778
:108800004168002988D08820A3E74168002983D0E7
:1088100089209EE7416800293FF47EAF8A2098E7CF
:10882000416800293FF478AF8B2092E7104B007924
:1088300083F8A9010F4B9B6D984760E70C4E037AB4
:108840008DF8043096F8580096F88D308DF8053084
:10885000072201A90EF002FF00283FF45DAF7C362D
:10886000D4E9010186E8030049E700BF283E002063
:1088700004370020D8A30100BD4E037A8DF80430E0
:1088800096F8580096F88D308DF80530072201A92A
:108890000EF0E4FE00283FF43FAFBC36E0E7B44EF4
:1088A000037A8DF8043096F8580096F88D308DF8DC
:1088B0000530072201A90EF0D1FE00283FF42CAFAD
:1088C000D4E9010106F1840383E8030096F8A83196
:1088D000022B7FF414AF96F8C031002B3FF40FAF9A
:1088E000A44BDB6A9847FEF77FFA08E7A04E037AAD
:1088F0008DF8043096F8580096F88D308DF80530D4
:10890000072201A90EF0AAFE00283FF405AFC436E5
:10891000A6E74368029301238DF80C30944B02A91B
:1089200093F858000EF0A9FE00287FF4E8AEF3E6B5
:10893000436802930023EFE703795A1E0E2A3FF69D
:10894000EBAE8B4A82F87830D9E6894B42685A669A
:10895000D5E6874B42689A66D1E6854B4268DA666F
:10896000CDE6834B42681A67C9E6814B42685A6775
:10897000C5E67F4C037994F858008DF80430062240
:1089800001A90EF06BFE00283FF4C6AE9DF804303E
:1089900084F8DD30B3E6764C03798DF8043094F832
:1089A000580094F88C308DF80630052201A90EF09D
:1089B00055FE00283FF4B0AE9DF8043084F84930ED
:1089C0009DE66B4C037994F858008DF804300A2228
:1089D00001A90EF043FE00283FF49EAE9DF804303E
:1089E00084F8DC308BE6624C037994F858008DF8FB
:1089F0000430092201A90EF031FE00283FF48CAEAC
:108A00009DF8043084F8483079E64368B3F5FA7F7E
:108A10003FF682AE564AC2F89C30D3656FE6544B9F
:108A2000027983F8A02083F8602068E6504B426802
:108A3000C3F8942063E64E4B4268C3F8D4205EE648
:108A40004468002C3FF468AE012B40F0F9803421DB
:108A50002046FCF72BFA636B984204D14448382235
:108A600021460DF0F0FE04F138061C213046FCF7DB
:108A70001DFA636D984204D13F48202231460DF023
:108A8000E2FE04F158064FF4C0713046FCF70EFACE
:108A9000D4F8D83198421DD138484FF4C2723146CB
:108AA0000DF0D1FE95F8173485F8E833304BD3F844
:108AB0008420C5F8EC2393F88D2085F8F823012253
:108AC00085F8F923022285F8FA232A4A93F8A901A6
:108AD000936D984704F5EE764FF4CE713046FCF76F
:108AE000E5F9D4F87833984205D125484FF4D0728F
:108AF00031460DF0A8FE04F55F7610213046FCF7F4
:108B0000D5F9D4F88C33984204D11E48142231464A
:108B10000DF099FE04F564764FF45E713046FCF773
:108B2000C5F9D4F80837984205D117484FF45F7259
:108B300031460DF088FE04F20C7614213046FCF725
:108B4000B5F9D4F8203798427FF4D9AD0F481822F0
:108B500031460DF078FED2E58379012B3FF6DCAD8E
:108B6000034B4268C3F8BC21406801F0EDFAF2E51E
:108B700004370020D8A301003C3700205C370020D8
:108B8000E0380020803A0020943A0020103E002077
:108B90002C4B027983F8AF21B1E543682A4A93420E
:108BA0003FF6BAAD274A92F8C01102297FF4B4AD5E
:108BB000C2F8CC314FF47A7253432448C5F8D43408
:108BC000FCF70CFA2148D5F8D4140DF0FDFE1F482F
:108BD000FCF792F993E543681B4A93423FF69CAD3C
:108BE000184A92F8C01102297FF496ADC2F8D0312C
:108BF0004FF47A7253431648C5F8D434FCF7EEF9B3
:108C00001348D5F8D8140DF0DFFE1148E0E70D4BFE
:108C10008288A3F8982072E50A4B8288A3F89A20EC
:108C20006DE5084B8288A3F8D82068E5054B82885B
:108C3000A3F8DA2063E50EF01AFA57E517208DE560
:108C400001208BE50437002037894100B442002021
:108C5000CC4200202DE9F04387B00023ADF800306E
:108C60000546002800F0F1800361FEF7EDFD20B11C
:108C70000127384607B0BDE8F08301F057F9804678
:108C80000028F5D101F04CF920B971481422414671
:108C90000DF0EDFD6F4E96F88934012243F0040388
:108CA00086F8552486F889342B788DF80430002115
:108CB000013B8DF80520ADF806100C2B00F2A080CA
:108CC000DFE803F0075961666B759E9E7B9E927F7D
:108CD0008E00D6F8407317F02007C9D195F804909C
:108CE000B9F1020F2FD15C4C3846FDF74FFF3A46E1
:108CF00095F9051094F858000EF015FD072384F837
:108D00004900FF208DF80530FFF7B2F8074640B163
:108D100095F9051094F8580001220EF004FD84F82E
:108D20004900D6F8E0342B61002F6DD001F0F8F83F
:108D300000289ED196F8893486F8160460F38203E1
:108D400086F8893495E7B9F1010F4FF0020357D146
:108D5000414C8DF8143094F8580084F8AD7102A994
:108D60000EF076FC2B7984F8C0318DF805708DF803
:108D70000690C846D5E7022386F854340020FFF752
:108D800077F80746CDE7032386F854340120F6E749
:108D9000042386F854340220F1E7002269460220B9
:108DA00000F0ECFE08B90027BBE71327B9E72A7BE0
:108DB000A968A888FFF7E0F8F5E7002269460D20CA
:108DC000EEE7254B93F8A831D3B92C7904F00700CE
:108DD0000EF046F98DF80040012269461020DFE7C9
:108DE000002269461220DBE78DF807200EF029F9F2
:108DF000044638B90EF022F920460EF024F9D2E7E5
:108E000002278EE701278CE701A800F0E1FFB8F107
:108E1000000F3FF42EAF114B1A782AB901221049E6
:108E200010481A700DF0C8FDD6F840330D4843F4D1
:108E30008073C6F84033FCF7D1F80A480A210DF0D8
:108E4000C3FD0848FCF758F813E7032711E700BFF4
:108E50007C420020283E0020043700205D5800207E
:108E60003D6A0000104300202DE9F04FDFF8FCB20E
:108E7000BF4CABB00AA80DF096FCDBF80050002305
:108E80000AA8CBF800300DF097FC002D00F0E4802C
:108E9000EBB2A806039365D5B64D95F8A831022B21
:108EA00002D0B54BDB6A984711A8B44F0DF07BFC9C
:108EB0000DF09BFD3E68D4F8B813361A3144B04823
:108EC0000DF082FDAE48FCF717F8D4F8BC13AD489E
:108ED00031440DF079FDAB48FCF70EF811A80DF008
:108EE0006BFC94F81634002B00F0E981142314A9CC
:108EF00095F858008DF850300EF09AFBD4F8BC135A
:108F00000D900144A0480DF05FFD9F48FBF7F4FF72
:108F10003B6894F81724EB630FAF38468DF8782040
:108F20001F930DF022FDD5F8B831009306AE97E8F7
:108F30000600D5F8B43130460DF0BAFC96E80300CF
:108F400021AB83E80300D4F81834209395F8C0319E
:108F500095F85800003B18BF01231EA98DF8793001
:108F60000EF070FB039BD9064AD5824DDFF81C92A8
:108F7000D5F8E42005929BF80020B9F90AA099F9E8
:108F80000C70A4F82AA4002363F300020C93ADF83C
:108F9000243084F84434A4F81E3484F82134C4F80E
:108FA0002434A4F8283484F82E34C4F8303484F8F7
:108FB0001C34C4F8343484F83834C4F83C346E4B70
:108FC0008BF8002094F88824DB6A84F82C7484F8E9
:108FD0002D24D9F80480B9F80860984794F82D3406
:108FE00013B96848FBF7FAFF314640460EF02EF8F9
:108FF0008346002800F06681A4F87AA484F87C7483
:10900000039B19071AD55B4B93F8A831022B02D0AA
:10901000594BDB6A98470220FDF7DAFC84F84104DB
:1090200000F024FF94F8163413B1012384F81534AA
:1090300094F8893443F0100384F88934039B5A0769
:1090400003D506210520FDF76DFE039B9B0703D585
:1090500004210320FDF766FE0EF016F894F889242B
:10906000D7065FD5002384F88A34D4F840331E062F
:1090700044BF23F08203C4F8403312F0050F00F020
:10908000F7830B2000F00CFF002800F0F18394F828
:109090008934DD0700F1EC83580740F10F84D4F8E0
:1090A000403323F00203C4F84033D4F8402382BB9A
:1090B00094F8895415F001011EBF2B4662F300039A
:1090C00084F8893494F889345E0744BF23F004039C
:1090D00084F88934012384F88A3421B1D4F84433E4
:1090E0002B481B6898476D070BD52A4800F0E4FE13
:1090F00000F016FF28B194F8893443F0040384F893
:1091000089340DF0AFFF94F8893423F0100384F80C
:109110008934012384F88A3494F8893443F0200395
:1091200084F8893494F88934180708D523F00803A3
:1091300084F88934D4F844331748DB68984794F8A6
:109140008934990708D523F0020384F88934D4F8C8
:10915000443312485B689847D4F840338BBB054DC5
:10916000D5F8C421E96C8A421AE000BFE836002035
:10917000283E002004370020D8A30100E436002058
:10918000B0410020C841002024420020D4360020F5
:10919000684200207C42002090420020444200208F
:1091A00040F0D18395F8BE11002900F0CC83002A4D
:1091B00000F0C983EB641EA802238DF87830FFF716
:1091C00049FD94F88834022B01D1FDF70DFE94F887
:1091D00089349A0640F1E683D4F8405323F0200303
:1091E00084F88934002D40F0DD83BB4E34213046B5
:1091F000FBF75CFE736B984218BF70634FF01C0165
:10920000B64818BF0125FBF751FE736D984218BF91
:1092100070654FF4C071B24818BF45F00205FBF706
:1092200045FED6F8D831984218BFC6F8D8014FF499
:10923000CE71AC4818BF45F00405FBF737FED6F8F1
:109240007833984218BFC6F878034FF01001A6484B
:1092500018BF45F00805FBF729FED6F88C33984275
:1092600018BFC6F88C034FF45E71A04818BF45F0D4
:109270001005FBF71BFED6F80837984218BFC6F852
:1092800008074FF014019A4818BF45F02005FBF776
:109290000DFED6F820379842D4F848331CBFC6F8E4
:1092A000200745F04005002B00F07C839B68002BD5
:1092B00000F0788328462BB0BDE8F04F184784F8BB
:1092C000413425E695F8A831012B0CD10DF0C2FEF2
:1092D000824668B158460DF0B2FE58460DF0B4FE15
:1092E000042384F82D347EB9012384F81D34B1E1C0
:1092F0000DF0B2FE0028F6D050460DF0A1FE50460B
:109300000DF0A3FE0523ECE798F800B01BF0030F67
:10931000EAD14FEA5B13013B062B00F29582DFE8AE
:1093200013F007009302F2009302EF00930283020E
:10933000102ED9D995F8C031CDF85080F6B28DF8FD
:1093400054601BB195F8D431002BCDD0FDF724FB30
:1093500014AA0146FF2001F0ABF9B8B3FDF71CFBDE
:1093600014AA0146002001F0A3F988B3FDF714FB0D
:1093700014AA0146012001F09BF958B3FDF70CFB3C
:1093800014AA0146022001F093F9A8B904279DF818
:10939000603003F00F020F2A1ED0C3F303038DF8D1
:1093A000783095F8580095F88D308DF8793007228F
:1093B0001EA90EF053F978B9012000F071FD0028C4
:1093C00076D00121072000F03FFD71E00127DEE7A4
:1093D0000227DCE70327DAE79DF85B309DF85A2087
:1093E0009DF8601095F858001B0443EA02239DF88D
:1093F00059201343C5F8E030179BC5F8E430C1F39A
:10940000021385F8793001F00F030F2B1EBFC1F353
:10941000030385F8803085F888309DF86130012B92
:109420004FF47A7238BF01235343AB661344314A79
:10943000EB6611F0800F304B08BF1346C5F8BC3106
:109440000DF1620312934FF0010894F817348DF870
:109450004430113E11A985F878808DF84C600EF0EB
:1094600006F9022385F8C03195F8BE314BB10022D0
:10947000A5F8522009A942460B208DF8243000F0AF
:109480007DFB384600F00CFD18B13946002000F095
:10949000DBFC95F8D4312BB10023184885F8D43182
:1094A000FBF79CFD023F012F02D80120FDF76EFB68
:1094B00094F82D34012B00F2D58194F81634002B4A
:1094C00040F0C88194F8893443F0100384F889345B
:1094D000FDF77EFA94E500BF043700203C370020FA
:1094E0005C370020E0380020803A0020943A0020C9
:1094F000103E00200004000100010101E4420020B0
:10950000012384F81C3495F88D308DF8363094F8AA
:1095100020348DF8353095F858000D230DA98DF8BD
:1095200034300EF085F8A6F10D031BB20B9023EA40
:10953000E37300B283423FF7D7AE0B2E7FF6D4AE73
:10954000B34B27931EA8FF23CDF878808DF87C605D
:109550008DF8A0300DF0FCFE804600287FF4C4AEEC
:1095600095F8A831012B14D10DF074FD06460028A2
:1095700043D040460DF063FD40460DF065FD0423E9
:109580009DF88410209884F82D34C1F300110DF05B
:109590007AFD209EC4F8346411A91EA80DF0C1FC08
:1095A000804600287FF4A0AE9A4A0C900346D2F879
:1095B000EC108E422DD192F8E90050B3302202FB1C
:1095C000035393F8EAA0D3F80C311B680C9395F879
:1095D000A831022B02D1032384F82D349DF84430A6
:1095E000032B7FF481AE9DF8843013F0600F7FF47D
:1095F0007BAE05914FF0010811E00DF02DFD002824
:10960000C7D030460DF01CFD30460DF01EFD052381
:10961000B6E70133042B02F13002C8D19A469DF817
:1096200044300493BAF1040F0ED8DFE80AF00324A3
:10963000202216000426BDF886100CAA30460DF034
:10964000FCFD00B307281CD0012384F81D340C9BBB
:10965000C4F83034FDF77EFAD2E495F8BE61012EED
:109660000BD1049B5BB1032B08BF0226E3E7062660
:10967000E1E70726DFE70526DDE70326DBE702262D
:10968000D9E70823E1E71EAB009305990C9B32460E
:10969000504600F04BFF20B1022814BF0B230A23D1
:1096A00023E69DF884200C9BC4F83034C2F34013A9
:1096B00084F82E3484F8443494F82D3484F81D044E
:1096C000012B9EBF0121A86385F8AE11B8F1010FEF
:1096D00084F81E84C4F8240484F8280484F841041F
:1096E00020D1022184F81C1495F84A1099BBD206A7
:1096F00031D4D4F83C2412B1012284F82124012B66
:1097000009D894F84034012B03D19DF884309E068B
:1097100001D500F0C7FA049A032A7FD8DFE802F0E7
:10972000263F70300BF0E00BBBF1A00F18D195F87D
:10973000BE11012285F84A2009B929996964012BD3
:1097400084F81C2407D94FF4FA52C4F83C24D9F801
:109750000020C4F8E42495F8A821002ACCD0C8E75A
:10976000002185F84A1084F81C14C0E79DF8841085
:1097700094F82D343A4601F00F0122A8FDF748FC79
:109780009DF8983084F81F34279BC4F824349DF842
:10979000A03084F82834012384F829340DE09DF8A2
:1097A000841094F82D343A4601F00F0122A8FDF7F9
:1097B0002FFC9DF8983084F81F3495F8D4315BB1B4
:1097C0001548002685F8D461FBF708FC94F8893425
:1097D000580748BF84F855649DF89820E02A08D1BE
:1097E00095F8AF312BB984F81F24C4F82434A4F8B9
:1097F000283494F8893443F0020384F8893457E616
:1098000094F82D349DF8A01027983A46CFE700BF72
:109810006040002004370020E4420020012384F847
:109820001D34FDF797F9C8E7604D013EB2B208F16B
:10983000010128460DF007F80323A4F81C34C4F8EE
:10984000245484F82864D4E7012384F81D34FDF7F8
:1098500081F92DE694F84434002B3FF433AE002018
:10986000FDF764F994F82D34022B3FF431AE29E66C
:1098700094F88934590721D5012000F011FB48B133
:10988000002384F81434D4F8403323F00203C4F8DE
:10989000403313E0022000F003FB0028F0D1032046
:1098A00000F0FEFA0028EBD1042000F0F9FA0028BD
:1098B000E6D1062000F0F4FA0028E4D194F88934C7
:1098C000DA077FF5F2AB94F840240AB1032A19D1E4
:1098D000374A94F8141492F87820914205D29B07E5
:1098E00024D594F82D34012B20D83248FBF776FB91
:1098F000D4F8403323F02003C4F84033FDF70CFFC5
:10990000FFF7D3BB012A11D194F81524002A3FF4A4
:10991000CCAB274A94F8141492F878209142E4D200
:109920009F0703D594F84434002BDED194F8893492
:10993000002023F0100384F8893484F81504FEF71E
:10994000DFF9FFF7B2BB95F8D5315BB102231EA852
:109950008DF87830FFF77EF900287FF432AC85F877
:10996000D5012EE495F8D6315BB103231EA88DF8FE
:109970007830FFF76FF900287FF423AC85F8D60123
:109980001FE495F8D731002B3FF41BAC04231EA82D
:109990008DF87830FFF75EF900287FF412AC85F877
:1099A000D7010EE42BB0BDE8F08F00BF604000206F
:1099B00004370020984100202DE9F04F06468DB075
:1099C00018B903200DB0BDE8F08F00230361FDF747
:1099D0003BFF0546002870D137460FCF07AC0FC4B8
:1099E000544FB3895448554C96F8008096F90EB000
:1099F0000193142229468DF808500CF038FF0122FB
:109A000087F8412494F8C021022A0BD194F8A821A8
:109A1000022A07D194F8AE2122B9B8F1010F38BF5C
:109A20004FF00108B8F1010F2AD0B8F1030F2BD085
:109A3000B8F1000F39D19DF80820022161F34712D7
:109A40009DF82090DDF824A08DF80820012594F8D9
:109A50008C108DF81610022205A994F858008DF884
:109A600014200DF0E5FD94F8AA1140B251B394F81A
:109A7000C031012B23D194F8AD3103BB3DBB1FE0B6
:109A80009DF808200421D9E79DF80830DDF820A0D2
:109A90009DF926B043F0E0038DF80830BDF824307E
:109AA000019301254FF00009D1E74FF0000BD94693
:109AB000CDE7002387F8163437E0012082E7CDB9DF
:109AC000022032E0002DFBD05845B8BF584694F82C
:109AD0008C308DF81000052294F858008DF8123063
:109AE00004A90DF0BBFD00283FF46BAF9DF81030CA
:109AF00084F84930D7F8E40438B10CF07DFFB0F5B4
:109B0000FA5F84BF002384F84A30019B52464946DD
:109B100002A8FEF72DF90028CBD197F8893487F8F1
:109B2000408443F0010387F88934D7F8E034336187
:109B300048E700BF283E002068420020043700208C
:109B4000012809D00538C3B21B2B04D80348D840DC
:109B500000F0010070470020704700BF7910000836
:109B600008B505484FF4037200210CF080FE024B4B
:109B70000020C3E9000008BDA84300202DE9F843F8
:109B80000546904600293DD0204C2023224604F172
:109B9000100012F8019FB9F1000F2BD18242F8D1C9
:109BA0001B4F3B68013403B93C607B6803B11C6008
:109BB00000262660601D7C60C4F8088025711FFAAD
:109BC00088F20CF040FE2846013DEDB2FFF7B8FFE9
:109BD0001F2D98BF0F4E20739CBFEE4006F001066C
:109BE0006673D7F8083201334344C7F80832484651
:109BF000BDE8F883013B13F0FF030446C6D14FF0E4
:109C00000209F4E74FF00109F1E700BFAF4300207C
:109C1000A84300200104008010B518B3124A13684D
:109C2000984204D103681360002305E00B46002B23
:109C3000FAD019688842F9D15168884208BF536048
:109C40000BB10168196000240460D2F80832816801
:109C5000013B5B1AC2F80832214610220CF007FEC5
:109C6000204610BD0120FCE7A8430020054B1B68DF
:109C70002BB11A798242FAD100200B607047032081
:109C8000FBE700BFA843002010B5054B186800B9DA
:109C900010BD037B04680BB9FFF7BEFF2046F6E753
:109CA000A843002038B50C4B0C4C196809B908467C
:109CB00038BD0A790D681046FFF742FF50B1013AEE
:109CC000D2B21F2A03D824FA02F2D30702D40846DC
:109CD000FFF7A2FF2946E9E7A8430020010400801E
:109CE00028B1044BD3F808320360002070470120EC
:109CF000704700BFA84300202DE9F04107460E46FB
:109D0000154642B339B3154B1C6800232CB93046B5
:109D1000FFF7E6FF2046BDE8F081A268F91A01329C
:109D2000914215D32279EA54581C22895FFA80F8AF
:109D3000611D55FA80F00CF086FDA36824689844F4
:109D40005FFA88F3E2E720462568FFF765FF2C46B7
:109D5000002CF8D1DBE70120DDE700BFA84300209D
:109D60000138C0B21F289ABF014B185C0020704711
:109D7000F4CC010030B50B4B93F820200446084684
:109D800072B100211C330578A54208D001319842F8
:109D9000CDB214BF04301038AA42F4D8002030BD30
:109DA0001046FCE7B445002010B5084C00232060A5
:109DB000142204F10C00FF2184F82030C4E90100D2
:109DC0000CF055FD012384F8213010BDB44500206E
:109DD000114B93F82020042A1BD89A68017811703F
:109DE0009A68417851709A68C178D1709A68817880
:109DF000917093F82020013283F820209A6803F1B3
:109E00001C018A4214BF043203F10C029A60012043
:109E100070470020704700BFB4450020094B93F8FD
:109E2000200068B15A6803F11C018A4200F1FF303A
:109E300014BF043203F10C0283F820005A600120A1
:109E4000704700BFB445002010B5074B93F82020A1
:109E50000446084632B15968FFF78CFF10B1012360
:109E60004470837010BD00BFB445002030B50B4A6C
:109E700092F82010536882F8210069B1012502F19F
:109E80001C04D978587001B99D70A342916814BF21
:109E90000433103B9942F4D130BD00BFB4450020DB
:109EA00008B5044B5968FFF765FF003818BF01205B
:109EB00008BD00BFB4450020F7B50422174D044685
:109EC00000210DEB020095F820700CF0D0FC00266C
:109ED000F3B2BB4201D303B0F0BD6B681B782370B3
:109EE0006B685B7863706B689A783AB12B68204630
:109EF0009B689847FFF792FF0136E9E71A788DF8DB
:109F000004205A78DB788DF805208DF80730FFF7AC
:109F100085FF01A8FFF75CFFEEE700BFB445002016
:109F2000014B93F820007047B4450020034B93F891
:109F30002000042894BF002001207047B445002071
:109F40002DE9F04188B005460C46904600211022CC
:109F500068461F460E9E0FF052FD102200210DEBA9
:109F600002000FF04CFD254A2548126801238DF8A8
:109F700010301168814209D99F4205D9022F21D0A2
:109F8000082008B0BDE8F0818DF81430230C8DF85E
:109F90001830330CADF816408DF81C30240E330EFB
:109FA0008DF81D308DF815808DF81940ADF81A60C8
:109FB000134B12689A4284BF01238DF81F3025B9D4
:109FC0000020DEE78DF81470E0E710216B460622D2
:109FD0000DEB0100FCF742FC70B90F9A6B46013A99
:109FE000EDB212F8014F13F8011B0130C0B261400D
:109FF00085421170F5D1E3E70E20C2E7D845002075
:10A0000000000101002926D00138062825D8DFE804
:10A0100000F0040A0E12161A1E00114B1B681B6971
:10A020000B60002070470E4B1B685B69F8E70C4B18
:10A030001B689B69F4E70A4B1B68DB69F0E7084B78
:10A040001B681B6AECE7064B1B685B6AE8E7044B7E
:10A050001B689B6AE4E7092070470520704700BF32
:10A06000D84500202DE9F047C4B0DDE94C970D46F6
:10A0700090461E468246002841D0B1F5807F40D8E8
:10A080004FF48872002168460CF0F1FB49236C46BE
:10A090008DF8003086B31C4B1B68DA68D3B2C2F36C
:10A0A0000722A2704FF48072A2804FEA19422272F6
:10A0B0003A0C6370A4F8069000236781227351461E
:10A0C0002A4604A84FEA19693F0EE370A37384F887
:10A0D00009906773E5730CF0B6FB05F110014E9A19
:10A0E000434689B220460CF060FE10B1012818BF2B
:10A0F0000E2044B0BDE8F08733463246D1E7092050
:10A10000F7E70D20F5E700BFD845002010B5A8B14E
:10A110000B4C3822002120600CF0A9FB2368094A6F
:10A120001A6000204FF0FF32C3E90302C3E90522A1
:10A13000C3E90722C3E909221A6310BD0820FCE71E
:10A14000D845002000010101024B1B681860002067
:10A15000704700BFD845002030B1044B1B68DB6856
:10A16000013303600020704709207047D845002064
:10A1700079B1082803D0092807D005207047064B7D
:10A180001B8801330B8000207047044B1B689B8D9C
:10A19000F7E70920704700BF4E510020D845002046
:10A1A00080B1094B1B6803F11C02426203F12002DB
:10A1B000426503F124022833C0F88420C0F8B4308B
:10A1C0000020704709207047D845002030B504466C
:10A1D00087B000284AD0274B1A68938801339BB276
:10A1E000938000F10E05C3821022002102A80FF017
:10A1F00006FC0623082229460DF109008DF80830D7
:10A200000CF02BFB0121022202A80CF0E9FD014613
:10A21000C0B9102202A80FF0F2FB0523082229463C
:10A220000DF109008DF808300CF017FB0322012115
:10A2300002A80CF0D5FD28B920460DF0E4F820B1B5
:10A24000102000E0122007B030BD04F11803009385
:10A250002168012313220CF0A2FD48B920460DF01D
:10A26000D2F8003818BF01200001ECE70920EAE726
:10A270000E20E8E7D845002037B50446F8B1134D65
:10A280002B689A8D4FF6FF739A421AD00DF0EFF8B3
:10A2900010B1102003B030BD04F11C0300932168FD
:10A2A000022314220CF07BFD68B920460DF0DFF884
:10A2B0000028EED12A68938D01339385EAE70920BF
:10A2C000E8E71120E6E70E20E4E700BFD8450020CC
:10A2D00037B50446E8B1124D2A884FF6FF739A420B
:10A2E00019D00DF0FCF810B1102003B030BD04F10E
:10A2F00014030093216805230F220CF050FD60B970
:10A3000020460DF0ECF80028EED12B8801332B808D
:10A31000EBE70920E9E70420E7E70E20E5E700BFC7
:10A320004E5100202DE9F04F054689B0884617466A
:10A330001C460BB9092030E07B4E3368DB68834252
:10A3400000F2EF8094F82020002A0CBF062207229A
:10A35000834205D320460DF0FAF808B310201CE024
:10A36000002301900093A36894F82810606A0CF011
:10A37000F3FE90B933689B78012BEBD104F1100305
:10A3800094F80CC0CDE9005302460346A1680CF0D6
:10A390000F00FFF7D5FD0028DCD009B0BDE8F08F35
:10A3A000D6F800E094F804C09EF802A02168B4F842
:10A3B0000890A368ACF1040CBAF1010F1FFA8CF2FB
:10A3C00040F08580CDE902000029B3D0B2F5807F4E
:10A3D00001D90D20E1E794F80CA04FF0490B1AF0D9
:10A3E000200F8DF810B018BFDEF830008DF8147013
:10A3F00018BF5FFA80FE4FEA134718BFC0F307206B
:10A400004FEA136308BF86468DF812008DF81930A5
:10A41000002002AB8DF813808DF815008DF81870B0
:10A42000C5F307482F0E8DF81E00009304A80523DE
:10A430008DF811E0ADF81690ADF81A508DF81C802B
:10A440008DF81D708DF81FC00CF0A9FC002866D196
:10A4500023792168043B9AB200293FF46BAFB2F52F
:10A46000807FB6D8D4F808C0B4F808E08DF81F3063
:10A4700003AB4FF04909ADF81400ADF816E08DF8C4
:10A480001E004FEA1C4E00934FEA1C6C042304A8E4
:10A49000CDF810908DF818E08DF819C0ADF81A506D
:10A4A0008DF81C808DF81D700CF079FC002836D1D9
:10A4B000BDF80830039A43EA0243E36220460DF0F8
:10A4C00046F800287FF44AAF3368DD6065E700296D
:10A4D0003FF430AFB2F5807F3FF67BAF492704975A
:10A4E0001F0C1B0E8DF819302B0C8DF81C302B0E09
:10A4F0008DF81D3004F12C03ADF814008DF81E000A
:10A50000009304A80623ADF816908DF81870ADF8E6
:10A510001A508DF81FC00CF042FC0028CED00E203F
:10A520003BE7062039E700BFD84500202DE9F04F72
:10A5300087B08146109E884617461C46002E00F0C4
:10A540009580002305A910460593FFF75BFD20B118
:10A550000625284607B0BDE8F08F059B9C4201D830
:10A560000133F5D130460CF0F3FE054600287FD1CB
:10A57000404B13F82510494503EB850204D1B3681D
:10A58000434506D00225E4E70135052DF1D10B2521
:10A59000DFE7DFF8E4A0F56ADAF8003092F801B0FE
:10A5A00098783179337B9278CDF80080CDE90145F8
:10A5B000C3F34013043900280CBF002303F0010348
:10A5C00089B23068FFF74EFD05460028C1D196F8E4
:10A5D00020300194002B4FF00103009396F82810CF
:10A5E000706A434614BF5A4606220CF0B5FD054674
:10A5F0000028AED1DAF800309A78012A08D0013F5D
:10A60000062FA6D8DFE807F0151A1E22262A2E00EC
:10A61000B9F1040FF3D1307B1036CDE900463B464B
:10A62000414600F00F00FFF78BFC0028E7D00546FD
:10A630008FE7DAF800301C611C638AE7DAF8003033
:10A640005C61F9E7DAF800309C61F5E7DAF8003090
:10A65000DC617EE7DAF800301C627AE7DAF8003075
:10A660005C6276E7DAF800309C6272E7092570E7F1
:10A670000F256EE7D9040020D845002038B50546DF
:10A680000CF0A9FB044610B10E24204638BD002D65
:10A69000FBD1064B1B68014698780CF0F0FD0028B2
:10A6A000F2D10CF0B9FD0028EFD0EDE7D84500203D
:10A6B0002DE9F04304468FB00F469046002A00F083
:10A6C000B880002900F0B5800DF114095B4E2122FD
:10A6D000002148460FF093F90023FF2C8DF813302A
:10A6E000336813D19D880DF11303CDE9019398F8D8
:10A6F00004300093D8F800302A46394620460CF042
:10A700008EFB50B10E200FB0BDE8F08314F0FD0FAA
:10A710000ABF4B4B9D8D1D88E5E7D8F8000098F8DF
:10A72000042049460CF08FF840460CF0C3FD002889
:10A7300040F0818098F8084098F8072098F8063093
:10A740009DF81300240444EA02241C4333680128C2
:10A750009A6803D1944203D80320D4E79442FBD0F3
:10A760009C6000210CF08BFD0028CCD10CF054FD36
:10A770000028C7D19DF81330012B2DD12B463A4626
:10A78000214604200CF081FC0028BCD12B463A461F
:10A79000214605200CF079FC0028B4D12B463A461E
:10A7A000214606200CF071FC0028ACD12B463A461D
:10A7B000214607200CF069FC0028A4D133689DF8DD
:10A7C00013209A701E4A002010804FF0FF32C3E918
:10A7D0000422D8609A6196E798F80B7098F80A20DE
:10A7E00098F809303F0447EA02271F433A462B46B0
:10A7F000214607200CF083FC002883D12B463A46E3
:10A80000214606200CF07BFC00287FF47BAF2B4612
:10A810003A46214604200CF072FC00287FF472AF07
:10A820002B463A46214605200CF069FC0028C5D08D
:10A8300068E7092067E70F2065E700BFD8450020DB
:10A840004E51002000487047030001022DE9F84FE7
:10A850000C469346984607460CF0C7F82C4E182332
:10A86000824603FB0B4B00254FF0FF395C4506D1B8
:10A87000002D14BF48464FF0FF30BDE8F88F6068E8
:10A880000CF0BAF8228884463FBB0B99642A38BF83
:10A890006422B1F5616F27D349F6AF20814226D9F2
:10A8A0001C481D4B20619C4504D2A1688B4201D1FC
:10A8B000616811B9C4E901A3E0600D9BE16803FB85
:10A8C00002FE714503D8B8F1000F13D197B10122F0
:10A8D00022751544EDB21834C8E7012A38BF0122A9
:10A8E000B8F1000F00D1E66030463346DAE70B4B93
:10A8F0003046D7E7002286452275ECD2A168614533
:10A9000028BFA1EB0C02914528BF91460135E1E734
:10A9100080EE360070460D00809B8207803F5C020F
:10A92000024B03FA00F0B0FBF1F0704740420F0019
:10A9300051F82000054B984205D0054BC31A5842E8
:10A940005841400070470120704700BF90D003007D
:10A9500020A1070030B50B4B85B00C460A491D56A7
:10A96000FFF7E6FF082201460020CDE90020074A54
:10A970000123E4B202940393546A18462A46A0477E
:10A9800005B030BD38CD010040A50100D8A30100BD
:10A990000B4B10B51B6A0446984768B1094B0A4A2D
:10A9A0002344934209D8094A534341F6F632B2EBA5
:10A9B000B31F2CBF0120002010BD0020FCE700BF0A
:10A9C000D8A30100608FF7C8401640005FF74359D5
:10A9D0001FB5002300930378013B362B68D8DFE8CE
:10A9E00003F01C67676767676767676734363867B0
:10A9F0003D404346494C67541C565B60626767653F
:10AA0000671F676767676767676767676767676B1A
:10AA1000711C1C676B1C1C797D000823009347E0A8
:10AA200043788DF8043004238DF805304FF49043BB
:10AA3000ADF806302C4B1B6801A803F55872CDE920
:10AA400002230DF063F8009032E04023E6E7202374
:10AA5000E4E790F90130254AD35CDFE740F6B833EC
:10AA6000DCE74FF47A73D9E74FF4FA63D6E741F2A3
:10AA70008833D3E741F27073D0E71D484FF47A7101
:10AA80000BF0D4FE00F5FA60DDE71A4BC6E7164B73
:10AA90001B6803F55873C1E7134B1B6803F55B7321
:10AAA000BCE74823BAE7104B1B68B7E7124B00938B
:10AAB000009805B05DF804FB104A0E4900790DF0CE
:10AAC0008AF8C0E740F21743ADF8003003238DF851
:10AAD0000230EDE790F90130094ABDE7094990F9E4
:10AAE0000100FFF725FFAEE7E045002014CD01008F
:10AAF00018FCFFFFA07008379A990042C027090090
:10AB000038CD010040A5010037B50A4B02781B681B
:10AB10000C2101FB02335D7A074B1C68036900932B
:10AB2000C36842788168182000FB05400CF09CFE49
:10AB300003B030BDE0450020DC450020F0B587B013
:10AB40000123047BADF800300023CDE90133CDE9CA
:10AB500003338DF802308DF8143024B1013C012C00
:10AB60004ED907B0F0BD0368002BFAD04268002A26
:10AB7000F7D0304E806832602F4A304D10609C8193
:10AB8000182269462B600BF05EFE30682C4B2D4F6F
:10AB9000024601464FF0300C0B6003F5433303F5DA
:10ABA000A073BB4281F808C04C7201F10C01F3D1D3
:10ABB000254B264944270024C2F8003303F5C3136C
:10ABC00003F520638B4282F8087382F8094302F18F
:10ABD0000C02F1D14FF0FF33C0E9DB33FF23C0F8A3
:10ABE000743300F55B71062200F558700CF02DFEF1
:10ABF00031682868062201F558710CF026FEB0E78E
:10AC00000C4C2068062200F55B7100F558700CF0C2
:10AC10001CFE0A4B21681B6801F25E319A1E0A3342
:10AC200032F8020F31F8024F9A4200EA0400108015
:10AC3000F6D196E7E0450020DC450020E445002001
:10AC40006001C83560518B36C0AFD235C0FF953634
:10AC5000037A102B70B524D14368DB7B012B20D104
:10AC6000104B1E68104B196806F25E340239002240
:10AC7000436813F8123024F8023F456805EB42059B
:10AC8000042A6D7843EA0523238004BFDBB2A6F8CB
:10AC9000683331F8023F258801322B40052A0B80AA
:10ACA000E6D170BDE0450020E445002070B50422E7
:10ACB0000446002100680CF0AAFD012803D0257984
:10ACC0001DB1012D21D000201EE0144E21683068F6
:10ACD000062200F558700CF0B8FD336893F8742321
:10ACE000A3F874230E4AA3F87653126803F25E3376
:10ACF000911E0A3231F8020F33F8024F914200EAF6
:10AD000004000880F6D1012070BD044B216818684A
:10AD1000062200F55B700CF098FDF4E7E04500209A
:10AD2000E4450020F7B50D28114DA8BF0D201C46A5
:10AD30000E46587029461746FFF7FAFD94F9013080
:10AD40000C4A55F82310A070D05CFFF7E9FD0A4BC0
:10AD5000DB6D0546984704F10C0208340346019266
:10AD600000943A46314628460CF0F6FD03B0F0BD9B
:10AD700040A5010038CD0100D8A301002DE9F0471E
:10AD80001F4E90F90190736845688AB00446884662
:10AD90009847002831D1A37C33B92378194A1A4D3A
:10ADA00003F0070302FB0355184B284613F909A0CB
:10ADB000F3689847637C099301250023CDE90735A3
:10ADC000CDE90533CDE90333228902920822CDE98A
:10ADD00000322846A178B7692B465246B8470C4B3B
:10ADE00013F80910736D0D312846C9B2984788F8D9
:10ADF000009028460AB0BDE8F0870020FAE700BFBF
:10AE0000D8A30100C0270900A070083738CD010081
:10AE100014CD01002DE9F04F364B374E90F902A0CA
:10AE2000D6F800B0914690F901209F5603788846E5
:10AE30000C2101FB03B30446597A304B1B681820E0
:10AE400000FB01338DB093F902100B9250460CF0C9
:10AE500078FE0B9A042A05463FD15546022DB8BF0D
:10AE60000225274994F90100DFF898A0FFF760FD5B
:10AE700025490B90002228460CF096FD21780C22E3
:10AE8000514383463068DAF80C2040589047012639
:10AE900000224FF47A630821CDE90723CDE905228A
:10AEA000CDE90326CDE901610B9B00975946304659
:10AEB000DAF81C70B847DAF85430217B30469847EE
:10AEC000A18994F90100FFF745FDC9F8000030465B
:10AED00088F800500DB0BDE8F08F042200210BF57A
:10AEE00058700CF094FC3128BBD85546052DB8BFDE
:10AEF0000525B6E738CD0100E0450020DC450020FF
:10AF000040A50100D8A301000000F0412DE9F04F59
:10AF10007A4F93B0CDE901123968039307AE00244C
:10AF20000546062201F558713046C6E901440594EC
:10AF3000ADF8184007940CF088FCA0464FF0FF399C
:10AF40002B7AA34205D9686805A920440CF09FFC20
:10AF500060B99DF91530032B65DC0422002107A898
:10AF60000CF055FC01285ED806235DE09DF81730F3
:10AF7000BDF818102044062BC4B205D1CDE90799BD
:10AF8000C9B2ADF82410DBE7072B02D1CDE9078861
:10AF9000F6E7052B41D14FF0000CC9B260464FF0E7
:10AFA000010B12AB0BFA0CF203EB400E11423EF810
:10AFB0002C3C0CF0010A1CD092B2BAF1000F0ED159
:10AFC00043F0FF032EF82C3CBDF8243013430CF162
:10AFD000010CBCF1080FADF82430E2D1B0E763F00A
:10AFE000FF032EF82C3CBDF8243013430130C0B2CF
:10AFF000EDE7D24392B2BAF1000F07D123F0FF037D
:10B000002EF82C3CBDF824301340E0E7DBB22EF8DC
:10B010002C3CBDF824301340E8E712AA02EB4303AE
:10B0200023F82C1C8CE707238DF82C30AB7A8DF895
:10B030002D309DF815308DF82E309DF816308DF896
:10B040002F309DF814308DF83030EB7A8DF8313098
:10B050002B7B8DF832306B7B8DF8333048238DF8A5
:10B0600034304FF48063ADF83C303B6810930E23CE
:10B07000ADF844302B680A930DF1160205AB0DF1C3
:10B0800015010AA80E960CF01CFC0728054623D1D2
:10B0900038680622314600F558700CF0D6FB184B84
:10B0A0003A681B68B2F86003198801401980B2F849
:10B0B0006203598801405980B2F8640399880140BD
:10B0C0009980B2F86603D9880140D980B2F8681334
:10B0D0001981B2F86A235A81019A9DF815301370CC
:10B0E000029A9DF816301370039A9DF8143013706D
:10B0F0001C9B28461C7013B0BDE8F08FE045002073
:10B10000E4450020094B1B68587B69B90130C0B287
:10B110005873C0EBC00300EBC300C0B21C288CBF47
:10B1200000200120800070470138F0E7E44500204E
:10B130002DE9F0470025A4B04B4E8DF80E509146F6
:10B14000482204460F460DEB0200294698468DF82A
:10B150000F500EF054FC29463068DFF810A104228D
:10B160000CF055FB054648B9DAF8001030680422A7
:10B1700001F558710CF069FB33681D7394F90820D0
:10B180003368DAF80010032A04DD1A7A12B9B1F82C
:10B1900068231A81CDE90531354B627A1B68079324
:10B1A0004823ADF820300023099323680A9363688D
:10B1B0000B93A37A8DF83030D4E9030101238DF885
:10B1C00010208DF8313094F908208DF8112004AB4F
:10B1D00011930DAB83E80300237DE18A8DF83C30A9
:10B1E0001046FFF7B7FB0DF10F0310900093CDF859
:10B1F00004900DF10E0312AA41460AA80CF042FC7D
:10B20000054690B9637AA3B19DF80E1001390BF091
:10B210000DFB00F190030DEB030010F8483C3B7070
:10B220003978306848220CF0DAFA284624B0BDE8B4
:10B23000F08794F90830306863B1007A2B46D9B2B0
:10B2400040FA01F1C9071A4603F10103F7D502F1EB
:10B250004003E4E73A4600F10C010CF076FC0328C9
:10B26000DED10546E1E700BFE4450020E0450020CF
:10B27000DC450020034B03EB8103985620EAE07085
:10B28000C0B2704724CD01000E4B402970B528BFD5
:10B2900040210D4C46181D46B04203F1020304D173
:10B2A000002305F81130074870BD02781209A25C2E
:10B2B00003F8022C10F8012B02F00F02A25C03F835
:10B2C000012CE9E77C5800205BCD010030B5037804
:10B2D0008BB0044607AD032B21D8DFE803F0021A38
:10B2E0001C1E12492846F5F7A9F8059563780493C2
:10B2F000A3780393E378029323790193637900930E
:10B30000A3790B4A0B481E2109F052FE09480BB0E5
:10B3100030BD0949E6E70949E4E70949E2E7094A96
:10B320000A21284609F044FEDFE700BF13BE0100F2
:10B3300035BE01005E5800201ABE010021BE01008A
:10B340002BBE0100F3BE010010B50CF0B9FC0EF0ED
:10B3500065F8044608B909F0F5F8BFF35B8F064BB2
:10B360001B68BFF35B8F0BB10A2098471CB9BDE87F
:10B37000104009F0FBB810BDE845002038B5044680
:10B3800008480BF03DF9054648B1631EDBB21F2BA0
:10B3900096BF054A0021D15C0C300BF083F928469A
:10B3A00038BD00BF580600206CCD01000E380128C2
:10B3B00010B50AD809480BF023F9044618B1042146
:10B3C0000C300BF06FF9204610BD09B10448F2E7CC
:10B3D000BDE810400220FFF7D1BF00BF8806002063
:10B3E000F805002010B501210C300BF07CF9037832
:10B3F000034A0448BDE8104001210CF079BC00BFAD
:10B4000067BE0100589F010010B586B0084B03933A
:10B4100003AB00240093074907484FF0FF334FF474
:10B420008062CDE9044408F00FFE204606B010BD4E
:10B4300089BE0100807D0020B013002010B5094BAB
:10B44000D3F80C3163B1084908480DF0D1FF031E51
:10B4500006DA074A0748BDE8104001210CF048BC55
:10B4600010BD00BF000000206002002088140020F2
:10B4700099BE0100589F0100B0B50B460D8A00AF80
:10B4800004462946D868FFF7FFFE8AB06A46094B92
:10B49000CDE9053440F20243ADF82430064BCDE946
:10B4A00007504FF4325142F8103F04480CF031FC81
:10B4B000BD46B0BDB6BE010005000001589F0100A9
:10B4C00037B502EBC303044608469A4202D16FF037
:10B4D0005E0010E0114611F8085BA54211D1038A05
:10B4E0005178994209D90848084A009401210AF084
:10B4F00065FF6FF0150003B030BD5368984700201A
:10B50000F9E70A46E1E700BF589F0100D8BE0100F5
:10B5100010B5012104460C300BF0E5F82146034A32
:10B520000078BDE8104000230CF0F6BB10A6010027
:10B5300010B5012104460C300BF0D5F82146034A22
:10B540000078BDE8104001230CF0E6BB28A60100FE
:10B55000F8B5012100AF04460C300BF0C4F80678B2
:10B56000114A002321463046FFF7AAFF5F3019D168
:10B57000258AE0682946FFF787FE6C468AB06A464E
:10B580000A4BCDE9053640F20243ADF82430084BB2
:10B59000CDE907504FF4325142F8103F05480CF006
:10B5A000B8FBA546BD46F8BD30A60100FABE0100B5
:10B5B00005000001589F01002DE9F74FDFF818A1A1
:10B5C000BFF35B8F80468946174600235AE8004F39
:10B5D0004AE80032002AF9D1BFF35B8F264644B90E
:10B5E0003E4A3F484346012103B0BDE8F04F0CF00E
:10B5F0007FBB2046F8F754FB3A4D4FF00C0B0BFB8A
:10B600000050438843451FD02046F8F749FB0BFB09
:10B6100000504388344A00933148434601210AF0E0
:10B62000CDFEBFF35B8F5AE8003F4AE80062002A74
:10B63000F9D1BFF35B8F002B4BD01E46304603B0D1
:10B64000BDE8F04FF8F7D0BBA74208D020460AF07B
:10B65000D2FF3A8AF96804F10C000BF01AF8204680
:10B66000F8F71EFB0C2707FB00504368ABB1B9F19C
:10B67000000F12D12046F8F713FB07FB0050012101
:10B680004268536803F01F00814010685B0900EBBB
:10B690008300137ACBB10CF02DFB2046F8F700FBAA
:10B6A0000C2707FB00508368002BC7D02046F8F713
:10B6B000F7FA784305F800902046F8F7F1FA07FB0F
:10B6C0000055A86808F01AFBB8E7C9430CF032FB34
:10B6D000E3E703B0BDE8F08F080100202CBF0100B4
:10B6E000589F0100EC45002054BF010008B501F04F
:10B6F00073F9094BBFF35B8F1A68BFF35B8F02F0DE
:10B700000B02BFF35B8F53E8001F43E800200028C3
:10B71000F9D1BFF35B8F08BDD40000202DE9F047BD
:10B720000C4608F00FFFE568268A2B78042B7DD1A4
:10B73000022E0ED8434A3346434801210CF0D8FA72
:10B740002046F8F751FB002408F010FF2046BDE822
:10B75000F0876B783E2B0CD1032E02D13B4A334647
:10B76000EAE7EB78012B01D00A2B49D14FF003080F
:10B7700006E0052BFAD00E3B012B41D84FF0010813
:10B7800004F10C0701213846D4F814A00AF0A3FFF5
:10B79000022138460AF0A7FF03783E2B814607D1E5
:10B7A000E3681B78012B01D00A2B06D1032714E094
:10B7B000052BFBD00E3B012B32D9254A25492648C3
:10B7C00041F268130AF096F9002383F31188BFF35E
:10B7D0006F8F0323184602DF022703231F4A99F8BD
:10B7E000000021460CF098FABB071BD5636926823E
:10B7F000A5EB0A0513FA85F5E560B8F1010FA2D0B3
:10B80000174821460AF000FF164917480DF0F0FDD1
:10B81000031E98DA154A0C4801210CF069FA92E7E8
:10B820000127DAE72046F8F7DFFAE6E7104A06488C
:10B8300001210CF05DFA2046F8F7D6FA6FF01504F6
:10B8400082E700BF87BF0100589F0100A3BF01002E
:10B85000C3BF0100F7BF010010C00100F8A501003F
:10B860000C010020600200208814002099BE010015
:10B870002DC0010038B51C480AF0DBFE044690B329
:10B8800000F10C0528460AF036FF0428034624D1AF
:10B89000284602210AF027FF03780E3B012B0546BC
:10B8A0000ED8124A1249134840F69A430AF022F978
:10B8B000002383F31188BFF36F8F0323184602DF41
:10B8C0000D4A2878032321460CF026FA2046F8F783
:10B8D0008BFABDE83840FFF7B1BD084A084801219E
:10B8E0000CF006FAF2E738BD0C010020C3BF0100DE
:10B8F00041C0010010C0010010A601006FC001008E
:10B90000589F010010B5C1E900239DF808300B7263
:10B910000C46F8F7C5F9034B0C2202FB00335C60C0
:10B9200010BD00BFEC450020F8B502460B4610489C
:10B930000AF066FE0446C0B104210C300AF09FFEF6
:10B940002046F8F7ADF90B4D0C2707FB00500026F9
:10B9500046802046F8F7A4F907FB00508660204691
:10B96000F8F79EF907FB00556E602046F8BD00BF52
:10B9700028060020EC45002010B592B00446074987
:10B98000442201A80EF02DF8102C9BBF12AB03EB44
:10B990008404034854F8440C12B010BD60A00100A8
:10B9A00038BA0100034B0146D3F83001826892682F
:10B9B000104700BF000000202DE9F047042100AF30
:10B9C00047480CF097F96D4601F006F888B06A46D2
:10B9D000444B0593444B06934FF40073ADF81C3071
:10B9E000424C434B42F8103F4248434E4FF4E6511D
:10B9F0000CF08FF9414BE179AD462046012998BF03
:10BA00001E46FFF763FC8AB06A463D4B0790CDE9BE
:10BA100005363C4B08933C4B42F8103F35483B4EB3
:10BA2000DFF8EC804FF423510CF073F9A246AD46D9
:10BA30000125E3799D420AF1070A3ADB94F8705038
:10BA40002846FFF799FF6E468CB0B4F87210B4F830
:10BA500076306A46DFF8BCC00993CDE907512E4B1A
:10BA60004FF40075CDE905C0ADF828504FF453519F
:10BA700042F8103F1F480CF04CF9B54694F871603D
:10BA80003046FFF779FF8AB0B4F874306A4623492C
:10BA9000ADF82450CDE90763214BCDE9051042F8FC
:10BAA000103F14484FF433510CF033F9BD46BDE854
:10BAB000F0875046FFF70AFCE9468AB06A4640F232
:10BAC0000133CDE905650790ADF82030094842F80B
:10BAD000108F4FF413510CF01CF90135CD46A8E737
:10BAE000D400002087C0010099C0010000000020A0
:10BAF00003000001589F010083C00100CCBD01007C
:10BB0000A4C001000002010304000002B3C0010050
:10BB100004000001C4C001000600000102C10100D0
:10BB200005000001014902480DF062BC50020020EE
:10BB3000B013002070B505460C4639B1CB684A6990
:10BB40009B1A032B0ED86FF0150509E04FF0FF305C
:10BB50004FF0FF31FFF7E8FE044618B96FF06805B3
:10BB6000284670BD2046F8F79BF8174B0C2202FBC5
:10BB70000033A618032130465D800AF09BFD058046
:10BB8000238A033B8370012130460AF09BFD40F677
:10BB900035439D420FD12046FFF704FF054600289C
:10BBA000DED00A4A0346012109480CF0A1F82046DC
:10BBB000F8F71AF9D4E7074821460DF0C6FB00252F
:10BBC000FFF7B0FFCCE700BFEC45002029C1010022
:10BBD000589F0100140100202DE9F04786B08046EF
:10BBE00000AF91460C4671B94FF0FF304FF0FF3176
:10BBF000FFF79AFE044660B96FF0680528461837CB
:10BC0000BD46BDE8F087887AF8F742F83C4B83429E
:10BC10006FD10122002138460DF0ACFB2046F8F729
:10BC20003FF8DFF8E0A00C2303FB00A0876020466C
:10BC30000AF015FD01464046FFF77CFF054618B1A6
:10BC40002046F8F7D1F8D9E74FF4A0220023384670
:10BC500008F08EF8064690B14FF4F1732A4A2B494A
:10BC60002B4809F047FF2B483246414609F042FF76
:10BC700085F31188BFF36F8F0323184602DF204638
:10BC8000F8F70EF80C2358431AF800605EB36D46BF
:10BC90008AB06A46204B0796CDE905381F4B0893BA
:10BCA00040F20243ADF824301D4B42F8103F1D48CE
:10BCB0004FF432510CF02DF82046AD46093EF8F70E
:10BCC00093F8092E0CD8DFE806F0050B0B08170BCC
:10BCD0000B0B0B146FF06E0590E76FF00C058DE702
:10BCE0006FF004058AE7B9F1000FA9D0C9F8004048
:10BCF00084E76FF0150581E76FF00B057EE700BF65
:10BD000028060020EC450020C3BF01004BC1010004
:10BD100010C0010054C1010099C10100CCBD010057
:10BD200005000001589F01002DE9F041002282B07A
:10BD3000114600AF40F60340FFF74EFF04460028CF
:10BD40005BD1FFF7D3FC21463A1D41F20300FFF718
:10BD500043FF0446002850D17A68C24DD168D1F81B
:10BD60000100D1F8051005F1780303C31046F8F778
:10BD70003BF821463A1D41F20100FFF72DFF044632
:10BD800000283AD17868C3685A7885F870205A88B4
:10BD9000A5F872201A7985F87120B3F80720A5F864
:10BDA0007420B3F80530A5F87630F8F71DF8214671
:10BDB0003A1D41F20200FFF70FFF0446E8B9D7F839
:10BDC00004C0DCF80C2005F18006531C41321868D1
:10BDD0005968344603C4083393422646F7D1604677
:10BDE000F8F702F895F87C305C060BD49E4A9F4821
:10BDF00001210AF0D0FA6FF0120420460837BD4640
:10BE0000BDE8F0813A1D002142F20300FFF7E4FE95
:10BE100004460028F1D17A68954BD168D1F8010029
:10BE2000D1F8051003C31046F7F7DEFF95F87C3014
:10BE3000980619D44FF0FF304FF0FF31FFF774FD33
:10BE40000646002800F03E8102210C300AF01BFC5F
:10BE50000123447003702246314640F66D40FFF7DF
:10BE6000BBFE04460028C8D195F89C30190712D5AE
:10BE70003A1D002142F21C00FFF7AEFE04460028E6
:10BE8000BBD17868C368D3F80120D3F80530C5E981
:10BE90003823F7F7A9FF4FF0FF304FF0FF31FFF7DE
:10BEA00043FD0446002800F00D8108210C300AF003
:10BEB000EAFB02260022067042708270C270027194
:10BEC00042718271C271214642F20100FFF784FE85
:10BED0000446002891D14FF0FF304FF0FF31FFF7BB
:10BEE00023FD8046002800F0ED8008210C300AF088
:10BEF000CAFB802343702023047084700471447152
:10BF00008471C670C3712246414640F60140FFF776
:10BF100063FE044600287FF470AF01463A1D4FF6D9
:10BF20000140FFF759FE60B1524A504802210AF021
:10BF300032FAEB79002B40F0B58000F0FBFB0446B1
:10BF40005BE77B68DC68B4F80130042B96BF4A4A93
:10BF50004A4952F823106E468AB06A464848079309
:10BF60004FF40073ADF82030464BCDE9050142F89F
:10BF7000103F3E484FF413510BF0CBFEB4F80120B4
:10BF8000B4F80330022AB5464BD1052B49D83E4AB6
:10BF900052F823106E468AB06A463C4807934FF425
:10BFA0000073ADF82030374BCDE9050142F8103F62
:10BFB0004FF413512D480BF0ACFE637994F806C092
:10BFC000D4F80900032BB54698BF314AB4F807608E
:10BFD00094BF52F8231029496C468CB06A46DFF8AA
:10BFE000B4E0CDE9073C4FF40073ADF82C302A4B98
:10BFF000CDE905E1CDE909604FF4735142F8103FF6
:10C000001A480BF086FEA5467868F7F7EDFE3A1D54
:10C0100000214FF60240FFF7DFFD044618B11F4A2A
:10C0200083E71649B6E77868C368B3F80130A5F826
:10C03000C130F7F7D9FE95F8C1305A077FF579AFCF
:10C040003A1D21464FF60340FFF7C6FD08B1144ADA
:10C050006BE77868C3685B7885F8C030F7F7C4FE93
:10C0600067E700BF00000020B8C10100589F010031
:10C07000D8000020DCC10100E4A5010038BA0100AD
:10C0800000C2010004000001CCA5010019C201009A
:10C09000BCA5010031C20100070000015EC2010021
:10C0A00087C201002E78002E7FF447AF95F8C1308B
:10C0B0009B061FD54FF0FF304FF0FF31FFF734FCE8
:10C0C000044610B96FF0680497E606210C300AF0B8
:10C0D000DAFAD5F801300360084B9B88838021464B
:10C0E00032464FF60640FFF777FD044600283FF43E
:10C0F00024AF82E66FF085047FE600BF01000020D8
:10C1000073B52C4D0646D5F830010CF0DBFF48B96D
:10C11000294A2A4801210AF03EF96FF0120420460C
:10C1200002B070BD6FF0020105F1D4000BF002FE09
:10C1300001210BF0DFFD10EA010437D1204B1E6016
:10C140000A4605F1F0000DF015F905F58A700DF0BD
:10C15000BCF81C480DF05CF91B491A4800946FF0BC
:10C1600007034FF4966207F06FFF1849154807F070
:10C17000ABFFD5F83001164983681B689847044621
:10C1800030B1144A034601210C480BF0B1FDC6E75B
:10C190003EB9FFF7C9FD04460028C0D1FFF70CFCEB
:10C1A000BDE705F1C40007F049FFB8E76FF0770479
:10C1B000B5E700BF00000020B0C20100589F010099
:10C1C000F845002088140020C0810020C8C201006A
:10C1D0001DB70000D1C2010010B5FFF7A5FD044650
:10C1E00008B9FFF7E9FB044B1B681BB12046BDE80B
:10C1F0001040184710BD00BFF845002038B5042195
:10C2000004460C300AF06FFA034640885D7818B196
:10C2100019782246FFF7D0F935B1044807F06EFDD2
:10C22000BDE83840FFF77EBC38BD00BFF0000020FD
:10C23000B0B50321044600AF0C300AF054FAE268AE
:10C240000346B0F80100117840F63542904216D10D
:10C250006C468AB06A46104B1048CDE90531104B48
:10C26000079340F20133ADF820300E4B42F8103FF7
:10C270004FF412510BF04DFDA546BD46B0BD1D78E3
:10C2800010B12246FFF798F9002DF6D0064807F0C6
:10C2900035FDFFF747FCF0E7EDC20100589F0100B4
:10C2A000CCBD010004000001F000002038B508F00A
:10C2B00049F92E4DD5F81431002B52D0002200231D
:10C2C00005F1F00007F054FD00284AD100220023B8
:10C2D00005F58A7007F0E0FC044668B9244A254950
:10C2E000254840F6AA4309F005FC84F31188BFF302
:10C2F0006F8F0323184602DFD5F808315BB11F4A60
:10C300001F4801210AF047F8D5F80801F7F76CFD3E
:10C310000023C5F8083120460AF0A1F9C5F8080144
:10C320002046FFF73FFB0346C8B1164A14480121D7
:10C330000BF0DEFC144807F0E1FC2046F7F7B0FCF8
:10C34000124B0C2202FB0033588818B122461F21E1
:10C35000FFF732F92046F7F747FDFFF7E3FBFFF75A
:10C36000E1FBBDE8384008F001B900BF0000002043
:10C37000C3BF01005BBE010010C0010025C3010066
:10C38000589F010029C10100F0000020EC45002069
:10C3900070B54FF0FF320D464FF0FF3300210646D7
:10C3A000FFF704F8044660B90A4A0B490B481A2300
:10C3B00009F0A0FB84F31188BFF36F8F03231846A5
:10C3C00002DF022104F10C000AF05DF906704570ED
:10C3D000204670BD61C401005BBE010010C00100B9
:10C3E000F8B50A4DEF7906460024E3B29F4202D821
:10C3F0006FF0010007E0294630460BF0CBFC073513
:10C40000631C08B12046F8BD1C46EEE70000002082
:10C4100070B51A4E0622314605460DF0F8FA38B3CB
:10C420004FF0FF304FF0FF31FFF77EFA044608B3BC
:10C43000062229460C300AF02CF92146002242F24D
:10C440000500FFF7C9FB044648B110F10D0F04D1F8
:10C450000B4A0C4802210BF0A5FC204670BD334668
:10C460002A6843F86929AA88B280012283F86820E3
:10C470000024F2E76FF06804EFE700BF69000020D6
:10C4800097C40100609F010073B504460D4689B151
:10C49000174928460BF07EFC60B9164A2968C4EBA0
:10C4A000C404A3181151AA889A80AA799A7100200D
:10C4B00002B070BD6E4630460BF0E5FB0028F7D1A8
:10C4C0003046FFF78DFF0028F5DA0A4A0098B17967
:10C4D000C4EBC404A3181051B08898809971002D42
:10C4E000E5D012592A609A88AA809B79AB71DEE761
:10C4F00048CD01000000002070B5044629BB38B3C8
:10C5000027490BF047FC18BB2046FFF769FF0028BE
:10C5100040DA23786BB9234AD379002B3AD12068CB
:10C520001060A179A088917101219080D171184685
:10C5300070BD012B04D1A37903F0C003C02B07D039
:10C54000194A1A4801210BF02DFC6FF01500EFE796
:10C55000144DEB79012B20D0BFF35B8FD5F8D4308D
:10C56000BFF35B8FDB0707D4002CEED00C492046CD
:10C570000BF010FC0028E8D1EE792146731C304600
:10C58000EB71FFF781FF08B93046D1E7EB79013B4A
:10C59000EB71CDE76FF07700CAE76FF00B00C7E7EC
:10C5A00048CD010000000020A6C40100609F0100EA
:10C5B0002DE9F341044640B91A4A1B4802210BF009
:10C5C000F1FB002002B0BDE8F08101AA002141F298
:10C5D0000900FFF701FB054608B1144AEDE7019E8B
:10C5E0001349D6F80C8008F10107062238460DF0F1
:10C5F0000EFA28B10F49062238460DF008FA18B98C
:10C600003046F7F7F1FBDCE7D8F80130C4F8013029
:10C61000BB88A4F8053030462570F7F7E5FB01200C
:10C62000D0E700BFD4C40100609F0100EDC4010049
:10C6300055CD01004FCD010007B56846FFF7B8FFA3
:10C64000044BD87118B169460020FFF71DFF03B0F5
:10C650005DF804FB000000202DE9F041304EF17937
:10C6600088B0002954D196F8C24014F0010411D1C9
:10C670002C4A2D4802210BF095FB0024F47116255D
:10C6800000240127F379E0B283422BD8002B3FD05E
:10C6900000203AE06A464FF60940FFF79DFA08B1DC
:10C6A000224AE6E7DDF800C0DCF80C5095F801807E
:10C6B000B8F1000F0ED0AB1C02AA123518685968E9
:10C6C000174603C70833AB423A46F7D118683860BB
:10C6D0009B88BB806046F7F787FBB8F1000FCDD190
:10C6E000134AC6E708AB05FB0033694653F8182C1C
:10C6F00033F8143CCDF80120ADF805308DF800700A
:10C70000FFF7C2FE01340028BCD008B0BDE8F081BC
:10C710000021084608B0BDE8F041FFF7EDBE00BFBC
:10C72000000000200BC50100609F010037C501001B
:10C7300057C5010038B5104DEB7913B100242046E0
:10C7400038BDFFF779FF044628B10C4A0C48012197
:10C750000BF028FBF3E7EB79002BEFD1FFF77CFF21
:10C7600004460028F1D1681CFFF752FE0446002859
:10C77000E5D0044AEAE700BF0000002080C50100C0
:10C78000609F01009FC5010070B5054686B00E464A
:10C790004FF0FF304FF0FF31FFF7C6F80446A0B16D
:10C7A00002210C3009F06FFF094A4670057003A999
:10C7B000204600950523FFF7A5F80022214642F206
:10C7C0000C00FFF709FA06B070BD6FF06800FAE7D9
:10C7D000D400002008B50C4B0246400903EB800052
:10C7E0000BF00CFB02F01F0340FA03F313F00100FF
:10C7F00006D122B905480BF001FB40F3C01008BD7B
:10C800006FF07700FBE700BFFC450020D40000205C
:10C810000A4ABFF35B8F430902EB830200F01F005B
:10C8200001238340DB4352E8000F184042E8000137
:10C830000029F8D1BFF35B8F704700BFFC45002093
:10C8400030B587B05E480022002307F063F9044644
:10C85000002840F092805B485A4D0BF0CFFA10F060
:10C86000010346D02B1D93E8070006AB03E9070040
:10C8700055480BF0C3FAC0F3401352480BF0BEFA10
:10C88000044600286CD07BB10C2250490DEB02000D
:10C890000DF0BDF8044600286CD000210846FFF7D3
:10C8A00073FF0446002865D100239DF80C00ADF805
:10C8B0000930BDF80E30ADF80530BDF81030ADF8D8
:10C8C0000730431E8DF8040058420DF1090158410C
:10C8D0000BF087FA044600284CD14FF0FF304FF0A0
:10C8E000FF31FFF721F80546002849D16FF06804B1
:10C8F00040E03548364A0BF081FA10F0800F0ED038
:10C900009089D1891269ADF80E004FF48074ADF8AA
:10C910000C40ADF81010ADF812300592A8E72D4C80
:10C920002068616803AB03C3A068186092F8D9302F
:10C93000180748BF0523234848BF8DF80D300BF07A
:10C940005DFA810706D53023ADF810306023ADF8CD
:10C950000E308DE71B480BF051FA4207F3D487E7FE
:10C9600043B10146FFF710FF044618B9174B286181
:10C97000C3E90100124807F03FF9204607B030BD77
:10C98000072201A90C3009F084FE2246294642F212
:10C990000B00FFF721F904460028EBD19DF80D109C
:10C9A000012001F00101FFF7EFFE04460028E1D16C
:10C9B00006AA12E90700054B83E80700DAE700BF83
:10C9C00018460020FC450020D40000200C46002022
:10C9D00000000020ACA0010010B54422002108484E
:10C9E0000DF00DF8064B03F11C001C460CF0DEFBAD
:10C9F00004F130000CF0DAFB024B00221A6010BD8B
:10CA0000FC45002048460020032838B5054603D1E0
:10CA1000BDE83840FFF714BFFFF7DCFE0446C8B995
:10CA2000BFF35B8F0C4B6A0903EB820305F01F0118
:10CA300001228A4053E8000F104343E80001002917
:10CA4000F8D1BFF35B8FFFF7FBFE044610B1284619
:10CA5000FFF7DEFE204638BDFC4500202DE9F04FF3
:10CA600000F10C0789B00446384609F044FE06463A
:10CA700060480BF0C3F900F001035E4801930BF02E
:10CA8000BDF9C0F38003009316B909B0BDE8F08F7B
:10CA9000019B13B9009B002BF7D0238A082B07D8E2
:10CAA000554A5648012109B0BDE8F04F09F073BC62
:10CAB0000921384609F017FE037A228A01339A4287
:10CAC0000546EDD30123ADF81C307F238DF81630D9
:10CAD000037A034400F1010A5B7A8DF81530FF23D5
:10CAE0008DF814300023ADF81A3002788DF8172035
:10CAF000042A9CBF424B9B5CADF8183090F808901C
:10CB00003C480BF07BF903463A480BF077F9DA071B
:10CB100003D5BDF818305B0764D450460BF0CCF851
:10CB20000DF10808002849D0514640460BF0B9F8ED
:10CB3000344BD3F800A0BAF1000F14D0E268636957
:10CB4000B4F810B09DF91510A4F81090A2EB0308EA
:10CB500002A83B469DF81720D0476369A4F810B09F
:10CB600013FA88F3E36002AB0493274B1B68002B96
:10CB700036D053F80889B8F1000F01D0A8F10808A1
:10CB80001A688AB1E1686269B4F810B0A4F810902C
:10CB9000A1EB020A1B68394604A898476369A4F808
:10CBA00010B013FA8AF3E360B8F1000F18D0D8F888
:10CBB000082002B1083A43469046E1E76B78FF2B24
:10CBC00009D1124B186802909A889B7988F8063030
:10CBD000A8F80420ACE751460BF0E6F80346F1E76D
:10CBE00000230493297A38460131013E09F073FD90
:10CBF000F6B249E7FC450020C2C50100689F01006C
:10CC00008CCD0100484600204046002048CD010060
:10CC1000F8B5054622480BF0F1F843070F463CD51E
:10CC20002A78012A03D96FF015042046F8BD6B78E5
:10CC30000F2BF8D86888031F9BB243F6FC74A342FD
:10CC4000F1D8A9880B1F9BB2A342ECD88842EAD343
:10CC50007AB914480022002306F05CFF044600283D
:10CC6000E3D1FFF7B7FD044640B10E4806F0C4FF1C
:10CC7000DBE70BF0B4F80028EBD1D4E7286869684B
:10CC8000094E0A4B03C6A868306020461F60FFF7B4
:10CC9000BBFE044606F12400E8E76FF00A04C4E78F
:10CCA000D40000202C4600200046002048460020EA
:10CCB000024B002018600BF0A7B800BF48460020C8
:10CCC00000F1070C2CF0030C10B4541E1860A4B231
:10CCD000ACF80020023A93B201FB04F24FF0000CD2
:10CCE00040F802C074B103FB011403FB01F22044BD
:10CCF000121B4FF6FF7C013B9BB263458050A0EBBB
:10CD00000100F8D110BC70470346006810B10268FA
:10CD10000AB91A60704700F1070C2CF0030CD11D02
:10CD2000BCF800C021F003010CF1FF3CA1F800C0E9
:10CD3000EFE700BF0B687BB1073323F003031A88CA
:10CD4000013292B20346D1F800C043F807CB23F07A
:10CD500003031A80086070470122F3E7531E114451
:10CD60009BB242B1DB430138CA1811F8013D00F80B
:10CD7000013F9142F9D17047014402E010F8013BB4
:10CD80001BB98842FAD1002070470120704700BFCC
:10CD900010600860704700BFD2F800C0CCF80000F7
:10CDA000D2F800C0CCF8041010607047884203D05D
:10CDB0001AB1436813607047002070470B688342C4
:10CDC00009D02AB1586810601A680A60184670477E
:10CDD000002BF9D1FAE70023F8E700BF2DE9F8436B
:10CDE0000E4EDFF83C904FF090080C2706F120041F
:10CDF00009EB08052A1D29462046083CFFF7C8FF15
:10CE0000B442A5F10C05F5D1043F3B1DA8F1300853
:10CE1000A4F12006EAD1BDE8F88300BFA8460020AF
:10CE2000F4460020F8B506461C460D4602B32278AB
:10CE30006378D21A12F0030229D1294F71004FEA08
:10CE4000450C3144AC44890001EB0C110133043131
:10CE5000DBB27A18606823702146FFF79DFF214BF3
:10CE60000122294630465A5503F002FD0020F8BD44
:10CE700003F0E8FC0028DAD02946304603F0D4FC61
:10CE8000637860B92278D21A12F00302D5D0012A51
:10CE900003D00133DBB22370E1E71046F8BD05EBA8
:10CEA000450206EB46010E4F120102EB81023A44A5
:10CEB0007100907AD27A90424FEA450C05D02078E2
:10CEC000C01A10F00302E2D1BBE72278D21A92070F
:10CED00002D00233DBB22370D4E902039847C5E7DE
:10CEE000D04600204C4600202DE9F04FDFF860913D
:10CEF00019F8003089B0002B59D0DFF858A1C0EBE9
:10CF000000134FF0000B00EB40079B000324CDE91A
:10CF100004BB09F800B00AEB071703930294834699
:10CF2000B8460023B96A58F8240F079307AAFFF7F9
:10CF30003DFF044607AAB4B1079D2E786978761A9A
:10CF400006F00306012E35D02B78591A01F00301A3
:10CF50000129DBB23DD1D7E90901FFF727FF0446DC
:10CF600007AA002CE8D197F82E3097F82F209A4284
:10CF700003D087F82F300123049397F82C3097F8CB
:10CF80002D209A4203D087F82D3001230593029B70
:10CF90005D1EEBB2FF2B0293A7F10C07C0D10499E1
:10CFA000D846DDF814B011B1BBF1000F45D009B07F
:10CFB000BDE8F08F01396970079BD3E90202904701
:10CFC000079D2A786978D3B2521A02F00302012A27
:10CFD00021D0B86A019300224146FFF7EFFE6C6052
:10CFE000019B6A786B702B789B1A03F00303012B6B
:10CFF00008D0D7E9090107AAFFF7D8FE012E044699
:10D0000098D10EE0039B6A701A1D294620465244AF
:10D01000FFF7C2FEEDE7D7E9090107AAFFF7C6FE51
:10D020000446029B8BB101235946584609F80B3040
:10D0300003F01EFC09B0BDE8F08F5A464146404659
:10D0400009B0BDE8F04F03F0E3BB002C8BD0EAE75A
:10D050004C460020D0460020A2EB010C1CF4000F2F
:10D0600010B4836844690AD12CF07F4C6344A34216
:10D070000DD8E41A00234461836010BC7047891AFC
:10D0800021F07F418B4208D95B1AA342F1D91B1BC7
:10D0900000244461836010BC70470C44E41AE9E743
:10D0A0002DE9F04F87B00346427A019000685C6832
:10D0B0000290002A00F0E780531EDBB204EBC303AA
:10D0C000884603932C270594039B5A685E78049244
:10D0D000B8F1FF0F55D0029BCDF8008007FB08FA8E
:10D0E00003EB0A0413F80A800025019B4FF0FF09A7
:10D0F00084F80090D3F800E0197E0EEB0A0B494546
:10D10000DBF808300ED1B8E09B1A05D1BBF81EA0A1
:10D11000BCF81EC0E24572D81EF80020FF2A8946DE
:10D120005DD0114607FB01F00EEB000CDCF8082087
:10D130009A42E9D9B9F1FF0FCBF808308BF800100B
:10D1400057D1DDE90020027607FB01EEDEF808206A
:10D15000D21ACEF80820A37801336370002DB7D01F
:10D160006B6A00202870A8700BB1A96A98476368A1
:10D17000002BADD16B6A2362AB6A6362B8F1FF0F1B
:10D18000A9D1039BDDF81090987807FB06F3721C79
:10D19000B04209EB0305D6B2039A66D0117819F8AC
:10D1A0000320B14208BF0026042AEED16A78029912
:10D1B00007FB02FA01EB0A044FF0000C6078A1783B
:10D1C00088421ED009F803C06B6A4FF001020120AB
:10D1D000AA700BB1A96A9847039B9878D5E707FB1B
:10D1E00001F1CBF80830009B8BF800200EF80130DD
:10D1F000B1E707FB09F9009A0EF80920A4E71346E6
:10D2000098E70092019AAB8A51694FF6FE729342F9
:10D2100007D04FF6FF729B1AB3FA83F35B0984F8C9
:10D220002830EB6863602B6923624FF00009C4F873
:10D230002490AB8A4FF6FD72934288BF4B46A3837E
:10D24000AB69A361EB69E3602B6A2361AB68A36000
:10D25000C4F814906A682046FFF7FEFEE378A4F84D
:10D260001E9043F00103E3703FE70599507091422F
:10D27000A2F1080307D0039326E7DDE900320EF898
:10D280000A10137667E707B0BDE8F08F2DE9F04F7D
:10D29000447E01238DB08376002C40F0AE80037E67
:10D2A000FF2B804600F0A88002F04AFFD8F8142037
:10D2B000D8F81C3098F81870D8F80090801A20F030
:10D2C0007F46B34294BF00230123FF2F0393A2465E
:10D2D00071D04FF02C0B04942DE0039B23B9D8F8A8
:10D2E0001C30534540F28E80E278E38B22F001023D
:10D2F0000133E27094F828209BB2E383002A7FD0A8
:10D30000A28B9A427CD2A570E56895B123696069C9
:10D31000626A0193E37803F001030093D8F81430B4
:10D32000AAEB0000184420F07F404FF6FF73002165
:10D33000A847FF2F3ED00BFB07F709EB0704A368B4
:10D34000B34237D8A27819F80770F61A9A4463786E
:10D350009B1ADBB2012BECD1A3690293013AD5B23F
:10D36000002BBAD1A570E568002DE2D0E18B606991
:10D37000D8F81430626AAAEB0000184420F07F400D
:10D380000B4621690191E17801F001010091002132
:10D39000A847DDE90223002A18BF43F001030393E5
:10D3A0004FF00003E383E378002262F30003FF2FD2
:10D3B000E370C0D1049C98F80B3098F80A209A4288
:10D3C00008D10132D2B2022A1ABF144623460023E2
:10D3D00088F80B4008EB83030022C3F80CA0D8F8B0
:10D3E000244088F81A204346012204210320A44641
:10D3F0000DB0BDE8F04F604784760DB0BDE8F08F0A
:10D40000A57096E7FF2F60D0E18BA28B6068DDF8F6
:10D4100008C0089791422ABF8B1A0B469BB203FBA8
:10D420000003CDE90A120593CDE9066A3B464FF0A9
:10D43000000E0995014622E0002E37D0002937D092
:10D44000A5EB070A1FFA8AFAAF4214D8059D301AD5
:10D4500006FB0A0085422CBF00250125D278E07822
:10D4600002F0010700F00106B7423ED84240D20761
:10D4700001D4002D39D119F80330FF2B1AD02C22FA
:10D4800002FB03F309EB030290688644E64511D8DA
:10D490009569002DEFD0D58B978B5668AF42CBD9CD
:10D4A000002EE8D00029E6D0AA46CDE73546D5E7DC
:10D4B0000D46D3E7DDE90875A570E5680A99DDE951
:10D4C000066A002D3FF437AF51E7A570E568002DDF
:10D4D0003FF470AF6369626AE18BAAEB0300D8F88E
:10D4E0001430184420F07F404AE7DDE90A124B1C53
:10D4F000E17821F00101E17094F828109BB2DDE998
:10D50000066ADDE90875E38300297FF4FAAEA570A9
:10D5100011E700BF2DE9F04F8BB0837E0090002B08
:10D5200040F0238190F81990B9F1000F6CD1009868
:10D53000837AC27A012141769A424169059100F0CD
:10D5400032820133DBB2022B009912BF1A464A46DF
:10D550004B4601EB82028B72D268059B0292134408
:10D5600023F07F434B610124009D2B7E069302F044
:10D57000E7FD6A7A2B680193531ED5F80480049066
:10D58000DBB2002A00F0F680CDE9079408EBC30572
:10D590002C27CDF80C80D5F80480EE78AC78611C8F
:10D5A00007FB04F3A642C9B208EB03025BD028785C
:10D5B000884208BF0021A97018F80300042839D94F
:10D5C00008282BD80199567807FB061C9CF802E026
:10D5D0009CF80110A1EB0E0111F0FF012CD10628DF
:10D5E0001CD10099C97EB14200F0A8804FF0000123
:10D5F00008F80310536A9170002BCED0916A002076
:10D600009847EE78AC78CAE7446A042103460122C1
:10D610000420A4460BB0BDE8F04F60474FF0000176
:10D6200008F80310536A01209070002BB5D0916A5E
:10D630009847B2E70C46B2E7052876D1506848B95A
:10D64000906838B9D06828B9106918B9506930F0B5
:10D650007F40E3D001290FD0009B04215E6A0122A4
:10D660000846B047AC70039A9542A5F108037FD0F5
:10D670001D4690E70628B4D0009991F818B00C68C0
:10D68000BBF1FF0F5CD059464FF00009B24606E0EF
:10D69000205CB668FF288B46B14451D0014607FB99
:10D6A00001F08A4504EB0006F2D1314656465E454C
:10D6B0008A4602D1009E215C3176215CDAF80800AE
:10D6C00007FB0BFBFF2904F80B1004D007FB0144F8
:10D6D000A1680144A1609CF802E048440099CCF89C
:10D6E00008008CF801E0C87E517888427FF47EAF54
:10D6F00018F80310062921D00098FF21C17618F8E8
:10D70000031006291AD0082918D0049C00994869EA
:10D71000211A0E0216D4029821F07F410144009C88
:10D72000E069884288BFE16160E70129A2D006284C
:10D7300092D10099C97EB1427FF458AF5468E5E7B1
:10D740000020CBE70299001B20F07F4081428CBF74
:10D75000091A0021E3E74FF00109009A00235376EC
:10D76000937E59EA030340F0E1800BB0BDE8F08FEF
:10D77000DDE90794009B1F7E002C00F0A580DDE909
:10D7800004329B1A23F07F4B009BFF2FD3F80080BD
:10D7900000F04F810026FF22CDF810900196C1467F
:10D7A000DFF894A2DDF8088003923D4607971E46F5
:10D7B00004E0A3786370357EFF2D7DD02C2303FB1E
:10D7C00005F709EB0704A368434500F28E80019A30
:10D7D000A178B4F81EC01A4401926278521AF16915
:10D7E0008B42A8EB0308ABEB030B31BFC91A4FF018
:10D7F000FF330021F376F161A369D2B20BB1022AA3
:10D8000014D00023A36019F8073033766068C8B9D4
:10D81000002ACED0012A02D0BCF1000FC9D0236A61
:10D82000002BC6D0616A01209847C2E7BCF1000F07
:10D8300000F081800023A36019F807303376606818
:10D840000028ECD0E38B0293002B39D1A38B0293F9
:10D850001946D4E908E30022DFF8E0C173449C4490
:10D86000D44501F1FF31024406D8A3F1E873A3F5D2
:10D87000D433A3F5A5730132B1F1FF3FECD194F895
:10D8800028106362002900F09280029BA260E3836B
:10D89000019A059B71699A1822F07F422046FFF792
:10D8A000DBFB039B09F80730637803950133DBB298
:10D8B0006370357EFF2D81D1DDF81090079F1CE04D
:10D8C000A37863700021C4E7FF210098FFF7E8FB0D
:10D8D000009B069A1B7E934218D1974216D1009A5C
:10D8E00000235376937E0BBB3FE742469B1AA3600F
:10D8F000009BDDF81090079F1D7E069B0399AB42AD
:10D90000E3D0009C2046FFF7CBFB237EFF2B7FD08C
:10D91000069AFF2A6FD0DDF80080D8F800202C216D
:10D9200001FB0322976897B9009B5F76009B012259
:10D930005C6A03216CE6F361F576C4F808C019F857
:10D9400007303376606800283FF433AF7AE702F09F
:10D95000F7FB0A260446D8F81430E21A22F07F4278
:10D96000974206F1FF3602F103017FF6F4AEB942A9
:10D970002CBF5B18DB1923F07F452846D8F82830E8
:10D98000984702F0DDFB031B2D1B23F07F4302337E
:10D9900025F07F45AB427FF6E0AE0EB10446DAE7F4
:10D9A00000DE0446D7E74C46CDF80890DCE5934509
:10D9B0007FF66BAFCDE908948C4620491E4C73442A
:10D9C00003EB01090CF1010CA14502441FFA8CFC88
:10D9D00006D8A3F1E873A3F5D4330132A3F5A573F8
:10D9E0009345EBD80299DDE908948C4463621FFAF1
:10D9F0008CF3029349E702F0A3FB044602F07CFBA0
:10DA000018B9009A137E546185E7009B1B7E82E75C
:10DA100002F082FB044600287FF461AF009DE861BC
:10DA200002F08EFB6C766861AB7E002B3FF49DAEFE
:10DA30007CE73D46039760E7592B177F5A2B17FF6A
:10DA4000F8B5069E9DF81C40089DB0B9144F3A6089
:10DA50005A1E39727B727E60D2B26BB106EBC20382
:10DA60002C205D60194613F808298E42A4EB0204AD
:10DA700000FB0255E4B2F4D10CB10120F8BD099BC2
:10DA80003B620A9B7B62FF250B9BBB623D7602F0EB
:10DA900057FB7C817861FD76FC612046F8BD00BFB4
:10DAA0009047002040B9064B1A7EFF2A01D1187218
:10DAB00070476FF00F0070476FF01500704700BFA0
:10DAC0009047002010B4074B2C2202FB00335C6A05
:10DAD0002CB1A446012210BC03210220604710BCD7
:10DAE000704700BF904700202DE9F843244F2C26B3
:10DAF00006FB007788467C68BDF8301014F83800C3
:10DB000004EBC80E1D469EF803409EF8013004F158
:10DB1000010C5FFA8CFC604598BF4FF0000C634528
:10DB20002AD006FB04F4DEF80460089B4FF00409D9
:10DB300006F804903444A3600A9BE3600B9B2361C6
:10DB40000D9BA3610E9BE3610F9B2362109B63629D
:10DB5000119BA362022362706560A182A3708EF89C
:10DB600003C0D7E90835404698473B46494600225E
:10DB7000A847A078BDE8F8830120BDE8F88300BF7E
:10DB80009047002010B58AB00C9C00940D9C029424
:10DB9000002401940E9C0394BDF83C400494109C16
:10DBA0000594119C0694129C0794139C0894149C51
:10DBB0000994FFF799FF0AB010BD00BFF8B5184EE1
:10DBC0002C2707FB0066746804EBC10014F8315081
:10DBD00090F803E044780EF1010C5FFA8CFC654587
:10DBE00098BF4FF0000C644518D0446807FB0EFE48
:10DBF000072504F80E5074446362069BA362022357
:10DC00006270A37080F803C0336A756A084698474B
:10DC1000334600220421A847A078F8BD0120F8BDB2
:10DC20009047002002F08CBA401A20F07F407047E5
:10DC300080200021704700BF002303700B707047E5
:10DC400038B5054600200C4601F0F2FA10F0060F38
:10DC50000ED13DB9074B44B120681860A2889A8064
:10DC6000002038BD044B002CF6D11C609C80F7E7E7
:10DC70000C2038BDC4470020BC470020012804D830
:10DC800008B903487047034870470020704700BF39
:10DC9000C4470020BC470020012809D830B9064BF2
:10DCA000186808609A888A8018467047034BF7E71F
:10DCB00000231846704700BFC4470020BC4700201F
:10DCC00010B5044601F01AFD38B902F06DF948B9F3
:10DCD0002046BDE8104006F011B800DE02F064F9FD
:10DCE0000028F5D000DE2046BDE8104006F006B85A
:10DCF0000860014806F002B8FC4A002005F0FEBFAB
:10DD00002DE9F041DFF86480B8F80050FE2D25D8E9
:10DD100015F0FF0520D0164F7C7D3B7D1548013462
:10DD2000E4B2052C08BF00249C4215D0FEF7ECFF9E
:10DD30000646114886B1FEF7E7FF88B106607B7D95
:10DD400047F82300B8F800307C75013D013B15F021
:10DD5000FF05A8F80030E0D1BDE8F081FF25DAE743
:10DD600030460449BDE8F041FEF7E4BF004800201A
:10DD70004C4900200448002038480020F0B5324DBE
:10DD8000324E83B0D5E9000101AAFFF70FF804462F
:10DD900098B1019F002F4FD03B79022B20D00ED994
:10DDA000052B0ED02D2B0CD000DED5E9000101AAE9
:10DDB000FEF7FCFF04460028EBD103B0F0BD012BB9
:10DDC000F2D1294668680022FEF7F8FF204A39465A
:10DDD0002046FEF7E1FF1F4B186805F08FFFD1E7E3
:10DDE000002268682946FEF7E9FFBA6832B1137865
:10DDF000002B26D01378013BDBB213703B7B03B1C1
:10DE000000DE00233B73737D317D0133DBB2052BD4
:10DE100008BF0023994212D03C60717D46F8217002
:10DE20007375002AAED01378002BABD19368002B0A
:10DE3000A8D0D0689847A5E700DE019FACE700DED8
:10DE4000EFE700DED6E700BFF8470020DC490020FE
:10DE5000F4470020F84A00202DE9F8432E4B2F4FBD
:10DE60000422981814214FF00008A7F81480FEF738
:10DE700027FF2B4B042208219818FEF721FF97F863
:10DE800014907C7D04260134E4B2052C08BF0024E4
:10DE9000A145234813D0FEF737FF05461E4875B14C
:10DEA000FEF732FF002831D0C5F8048005607B7D85
:10DEB00047F82300013E16F0FF067C75E3D1194BAD
:10DEC000042298184421FEF7FBFE174B0622181D6A
:10DED0000821FEF7F5FE1448FEF716FF90B1134A2D
:10DEE000111FFEF755FF1048FEF70EFF60B1104AF4
:10DEF000111FFEF74DFF0F4B04221A80BDE8F843B7
:10DF0000FFF7FEBE00DEEAE700DEF0E70449284640
:10DF1000FEF710FFD3E700BF88490020DC4900204E
:10DF2000644900203848002004480020FC470020B5
:10DF3000F44700200048002030B51E4B1E4C87B02F
:10DF4000186002F0CBF8237863B31C4A1C4D1D4CBB
:10DF50001D49CDE904251D4A0220CDE902240423F0
:10DF60000C24CDE900141A4A087408760B700B7261
:10DF700000200321FFF764FDC8B9012200211548E4
:10DF80000BF0F8F901F06AFB08B107B030BDFFF7FC
:10DF900063FF02F007F80028F7D107B0BDE8304072
:10DFA00001F098B8FEF71AFF01232370CDE700DED9
:10DFB000E3E700BFF84A0020FD580020BD0801003B
:10DFC0005D0901009D080100244D0020144B002034
:10DFD000444D0020FC4A002030B587B001F07CF8A9
:10DFE00020BB144A144B0024A2F800419C82012259
:10DFF000214668460BF0BEF9104B2246214603200D
:10E000006D46C3F808D0FEF70DFF88B94FF0FF3218
:10E010004FF0FF33284605F0ABFEFFF71DFF002150
:10E02000012007B0BDE83040FFF70ABE00DED8E7A8
:10E0300000DEEBE7F44900204C490020A00200205C
:10E0400008B5FFF7C9FF01F03FFB00B108BDBDE80F
:10E050000840FFF727BD00BF10B50022074B82B074
:10E060000260044601AAD3E90001FEF79FFE08B151
:10E07000019B2360002002B010BD00BFF0470020CC
:10E0800000B50C4983B000234868019301AAFEF74C
:10E0900095FE60B10849FEF74DFE019B1B79052BEB
:10E0A00002D02D2B00D000DE03B05DF804FB00DEB3
:10E0B000F0E700BFF04700200448002070B5046876
:10E0C00006465CB1104D204624680379052B0CD020
:10E0D0002D2B0AD043B100DE002CF4D10023336095
:10E0E000BDE87040FFF70CBE00DE2B88032B07D87D
:10E0F000013306492B80FEF71DFE002CE3D1EDE72E
:10E1000000DE2B88F4E700BF0048002038480020DC
:10E11000022810B50C4602D00B68022B07D0044829
:10E120004FF0FF324FF0FF3305F022FE206810BDA4
:10E13000FC4A002070B505682B7886B0EBB1044628
:10E140000122002168460BF015F90D4B6E46C5E91A
:10E1500002362B788BB10B4B0022114603209C60BA
:10E16000FEF760FE38B94FF400420023304605F058
:10E17000FFFD06B070BD00DEF5E76FF07700F8E751
:10E18000FDDC000090020020F0B5244E336885B01D
:10E190000C461746002B36D0994215D10223039323
:10E1A00003AB0246009303211D4B0020FFF706FD41
:10E1B000022805460CD0039B022B09D195B1336888
:10E1C0000BB19C4221D014B36FF02D0005B0F0BD0F
:10E1D00014484FF0FF324FF0FF3305F0C9FD039DA7
:10E1E000002DECD13846FFF7A5FF33680BB19C42F8
:10E1F00010D0002CE8D10028E8D010F1780F08BF2B
:10E20000002005B0F0BD3160C8E7002333606FF037
:10E210007700DBE735600028D8D0EEE7EC47002038
:10E22000F1DC0000FC4A00200B490A7D4B7D9A423C
:10E230000AD8A3EB020C5FFA8CFC604509D89A421D
:10E2400007D051F82200704705339B1ADBB2984281
:10E25000F7D90020704700BF4C490020074A117DC4
:10E26000537D8B4208D04B1CDBB2052B08BF00232B
:10E2700052F8210013757047002070474C49002068
:10E2800010B5054AFEF788FD0122BDE81040034B9A
:10E2900011460020FEF7C6BDFC470020800200208A
:10E2A0002DE9F0431A4D9DF81C8095F801C10CF141
:10E2B000010E5FFA8EFEBEF1080F994695F8003107
:10E2C00008BF4FF0000E73451DD0144605EB4C1CE3
:10E2D000E36807460E4610685168926864460FC4AA
:10E2E0009CF81C30CCF8186008F0010823F00303F8
:10E2F00043EA0803CCE904978CF81C3085F801E167
:10E300006046BDE8F0834FF0000C6046BDE8F08346
:10E31000F4490020054890F8003190F801219A4214
:10E3200014BF00EB43100020704700BFF4490020E9
:10E3300001460B480A7890F80131072A84BF90F80B
:10E3400000210A70934208D0531CDBB2082B08BF8F
:10E35000002300EB42100B7070470020704700BF95
:10E36000F44900202DE9F04F3D4E96F8003196F823
:10E37000012187B09A4202903ED04FF00008CDE9CB
:10E38000048806EB43130A24CDF80C80C346C2462A
:10E390001D7FD3F80090DF68C5F3400205F001054A
:10E3A000002C4DD0013CE4B24AB396F8011196F826
:10E3B0000031994220D00133DBB2082B08BF002383
:10E3C000994286F8003117D0590106EB4313002A11
:10E3D000DED1D86805BBBAF1000F33D0BBF1000F16
:10E3E00036D01A7F9707D3D15045725834D058454C
:10E3F000CED105998A42CBD107B0BDE8F08F19493B
:10E4000002988B600B4611460192FEF70BFD019AB4
:10E410000028CAD000DEC8E7039ABAB1B8F1000FED
:10E4200008BFB8461A7F9507B2D4D207DCD5BBF136
:10E43000000FADD1039A8242DED08045A8D1DBE740
:10E4400000DEAFE7BA46CDF81090EBE70397E9E7B7
:10E45000BB46CDF81490E5E704998A42C7D1CBE7D3
:10E46000F44900207002002070B5114A117D537DDF
:10E470008B421BD04B1CDBB252F82140052B08BF4E
:10E480000023137584B10223054600262068094A3B
:10E49000237121462660A560FEF77EFC0122064B13
:10E4A00011463046FEF7BEFC204670BD0024FBE757
:10E4B000DC490020FC4700208002002010B582B01B
:10E4C0000024049B93F80AC02CF0020C83F80AC0C5
:10E4D000CDE9004401F010FA02B010BD10B50346BA
:10E4E000007F1A699969012482B02040CDE90004B7
:10E4F000586901F001FA08B902B010BD7730FBD0BD
:10E5000000DEF9E730B50B8A83B0002B37D0054623
:10E5100001F10C000C4608F0EEF80128034626D164
:10E52000002301A92046019300F066FA0146C0B11C
:10E53000C36828691A78042A05D0036828469847D2
:10E5400020B103B030BD5B78052BF6D1019D45B1FC
:10E55000284600F079FD034601990C486B710AF0DA
:10E56000F4FE2046F5F740FC002003B030BD084A19
:10E570000848012107F018FF6FF01500E1E7064A8F
:10E580000448012107F007FFF6E700BFCC4D00204B
:10E5900058A60100489F010044A6010010B5046977
:10E5A000FFF74EFD40B90548F5F708F90448F5F7BF
:10E5B00005F90020206010BD00DEF4E760150020A2
:10E5C000181600202DE9F041076982B006464FF089
:10E5D00000082A484FF0FF324FF0FF3305F05CFB94
:10E5E0000028F6D090F9053001905A1E032A2ED843
:10E5F000022B34D04FF0FF324FF0FF330220FCF7F4
:10E60000BDFE04460198002C33D0214600F04EFC9C
:10E61000019B01A8C3F80080FFF750FD204608F0D9
:10E620001EF805462146002008F01DF82B8A012B14
:10E6300004462946304606D93B68984705F0C8FF8E
:10E64000002CEBD1C5E72846F5F7CEFBF6E700DE58
:10E65000019B01A8C3F80080FFF730FDB9E7002255
:10E66000002301210020FCF7A1FE04460198002CA4
:10E67000CBD1046001A8FFF721FDAAE7CC4D002013
:10E6800010B582B00DF1020101A8FFF7E5FC0028EA
:10E69000F8D1019B6BB1FFF7F3FC019C204600F021
:10E6A000D3FC0199607107480AF04FFE019B002BD3
:10E6B000E8D14FF0FF324FF0FF33034805F058FB2D
:10E6C000E0E700BFCC4D0020E84D0020F0B5054646
:10E6D000076989B00E4624480AF0F7FD4FF0FF3273
:10E6E000002122480AF046FE2048FFF725FC044698
:10E6F00000282FD13E6000F0AFFC002600276FF00D
:10E700000903CDE90334CDE90667CDE90144184B8F
:10E71000184900954FF4E072174805F05BFD174962
:10E72000154805F0D1FC6FF00702CDE90324CDE9CF
:10E730000667CDE90144124B124900954FF460720F
:10E74000114805F047FD11490F4805F0BDFC204672
:10E7500009B0F0BD0E4A0F482346012107F024FE00
:10E76000204609B0F0BD00BFCC4D0020E84D002090
:10E7700081E60000C0860020601500208CA6010004
:10E78000C5E50000C0880020181600209CA60100E6
:10E790006CA60100489F010008B505F0D3FE0548AE
:10E7A0000AF0A0FD03480AF090FDBDE8084005F01E
:10E7B000DDBE00BFCC4D00202DE9F047DFF8C4A03E
:10E7C000DAF80090B9F1000F33DB80460F461646A9
:10E7D00043D02D4C00250622214630460BF017F978
:10E7E00018B914F8013CBB4226D00135A94504F103
:10E7F0000804F0D12548264903683568DA00541C1E
:10E80000B9F10F0F0D510C44B588A5800A4401F8E9
:10E810003370D4BF09F1010301334FF00101D8BFB8
:10E82000CAF8003001FA08F1102BD17108BF00239B
:10E8300003600020BDE8F087154B03EBC503DA79D0
:10E8400022FA08F1C90702D50120BDE8F0870121AD
:10E8500001FA08F10A43DA71EBE70C48146805681D
:10E860000B49EB005A1C8C505418CA18B388A3806B
:10E87000012303FA08F801F8357082F80780CAF816
:10E880000030D5E7044E0020094E0020004E002045
:10E89000084E0020F0B5013887B01446092806D884
:10E8A000DFE800F009283E050550056281946FF00D
:10E8B000150007B0F0BD4E4B0D21188809F046FA3F
:10E8C0000D2120600C3007F0DEFE4FF48062002343
:10E8D0004FF002140421A0F8052001220370C0F8B3
:10E8E0000140C171037242728372C37203730020CC
:10E8F00007B0F0BD3E4B4121188809F027FA4121AD
:10E9000020600C3007F0BFFE002104463E2200F8D4
:10E91000031B0BF074F840F2A733A4F80130E6E7CC
:10E92000334B0921188809F011FA092120600C30B5
:10E9300007F0A9FE0346002203F8012BC0F80120CE
:10E940005A60D4E7C9680020FFF77AF9284B012103
:10E95000188809F0FBF9012105460C3007F093FEF9
:10E96000002303702560C2E7224E214F0FCE01AD78
:10E970000FC5336838882B70122109F0E7F912218E
:10E9800020600C3007F07FFE0446002301AE04F83F
:10E99000013B84460FCE2D78CCF801006160A26067
:10E9A000E3602574A3E7124B1821188809F0CEF90B
:10E9B000182120600C3007F066FE00230446012178
:10E9C00000F8023B01F010FB607090E7084B21213A
:10E9D000188809F0BBF9212120600C3007F053FEA4
:10E9E0000146002301F8113B013001F04DFB7EE7A9
:10E9F00050510020D0A60100F0B5038A89B000264E
:10EA0000022B039638D9054603210C3007F06BFE24
:10EA10002A8A83789A42C0F0ED800388DB4FC3F3E3
:10EA20008522082A98B23B80C3F309042DD012D85E
:10EA3000032A00F0C780042A18D1631E082B15D8BA
:10EA4000DFE813F01E01FF00ED00140014001400B5
:10EA500014001400DE003F2A08D103AA29462046EC
:10EA6000FFF718FF163040F014823888012109B0F2
:10EA7000BDE8F04009F07CB9C54AC648012107F05D
:10EA80008AFC0025284609B0F0BD631E4A2BEDD84C
:10EA900001A252F823F000BFA9EC000013ED000022
:10EAA000CBEC00006DEA000045EE00006DEA0000CE
:10EAB0006DEA00006DEA00006DEA00006DEA0000FA
:10EAC00027EE0000EBED00006DEA00006DEA0000AB
:10EAD0006DEA00006DEA00006DEA00006DEA0000DA
:10EAE0006DEA00006DEA00006DEA00006DEA0000CA
:10EAF000B1ED00006FED00006DEA00006DEA00006E
:10EB00006DEA000053ED00006DEA00006DEA0000C0
:10EB10006DEA00006DEA00006DEA00006DEA000099
:10EB20006DEA00006DEA00006DEA00006DEA000089
:10EB30006DEA00006DEA00006DEA00006DEA000079
:10EB40006DEA00006DEA00006DEA00006DEA000069
:10EB50006DEA00006DEA00006DEA00006DEA000059
:10EB60006DEA00006DEA00006DEA00006DEA000049
:10EB70006DEA00006DEA00006DEA00006DEA000039
:10EB80006DEA00006DEA00006DEA00006DEA000029
:10EB90006DEA00006DEA00006DEA00006DEA000019
:10EBA0006DEA00006DEA00006DEA00006DEA000009
:10EBB0006DEA00006DEA00006DEA00006DEA0000F9
:10EBC00033ED0000032C00F04581632C08D0012CAC
:10EBD0007FF44CAFEA68704B1168526819605A6054
:10EBE000012109F0B3F8012105460C3007F04BFD77
:10EBF000067047E7694A6748012107F0CCFB40E708
:10EC0000072109F0A3F8072105460C3007F03BFD6A
:10EC10000146002001F8010BFFF73EF832E7092119
:10EC200009F094F8092105460C3007F02CFD034645
:10EC3000002203F8012B6021C0F801205A604171C5
:10EC400020E7412109F082F8412105460C3007F008
:10EC50001AFD00210446402200F8011B0AF0CFFEF5
:10EC6000C022A2714FF40A7204234D49A4F80F2068
:10EC70008022E372E375C4F81A1084F8272001E7B4
:10EC8000092109F063F8092105460C3007F0FBFC67
:10EC90004FF450610023434A01800D218370C370FB
:10ECA0000171C0F80520EDE6EA683F4B1168196074
:10ECB00052685A60012109F049F8012105460C30DB
:10ECC00007F0E1FC00230370DCE6092109F03EF8BF
:10ECD000092105460C3007F0D6FC0346002403F852
:10ECE000014BC0F801405C600646FEF7A1FF2346D9
:10ECF00061F30703C1F3072262F30F23090C61F3E9
:10ED00001743090A61F31F63C6F80100C6F805300E
:10ED1000B8E6042109F01AF8042105460C3007F082
:10ED2000B2FC00231B210322037041708370C27068
:10ED3000A8E6032109F00AF8032105460C3007F084
:10ED4000A2FC0146002301F8023B0130FEF774FFEC
:10ED500098E6092108F0FAFF092105460C3007F072
:10ED600092FC0023114A0260436003728AE6092183
:10ED700008F0ECFF092105460C3007F084FC002365
:10ED800000F8013B082100F0AFFC7BE65051002069
:10ED9000E4A60100409F010040010020FCA6010004
:10EDA000170CC008F105FFFF3801002000303300C8
:10EDB000E868002304AA00F1100101F021FE388860
:10EDC000112108F0C3FF112105460C3007F05BFC50
:10EDD0000646002306F8013B04AC07460FCCC7F8F3
:10EDE00001007160B260F3604CE6EB6818780028AF
:10EDF00051D05B78002B4ED0284A00231360284A5C
:10EE0000136000F0DBF904460C2838884FF001014C
:10EE100008BF002408F09AFF012105460C3007F0D6
:10EE200032FC04702EE6EC68B4F801106379B4F893
:10EE300003202078A4790094F1F76EFC01210446A8
:10EE40003888E7E7E9680120FEF7FAFE0121044669
:10EE50003888DFE7124A134B4FF0FF3111604FF053
:10EE6000FF3041F6FF71C3E900010F4B1F20002165
:10EE7000C3E90001FFF7B0F83888012108F066FF08
:10EE8000012105460C3007F0FEFB0670FFF784FCFD
:10EE9000F8E5039DF6E54FF0FF33B0E7004E0020A4
:10EEA000044E002040010020380100200379032B8C
:10EEB00000D17047052B01D000DE70472DE9F04FDF
:10EEC0005E4B5F4A04460D4693E8030083B05368E7
:10EED000ADF804100A0C8DF80620227E00905242F4
:10EEE00056B2627ED10703F000535AD41BB1554B82
:10EEF0001B689B0702D403B0BDE8F08F207F04F1AC
:10EF00001E08C0F38011424600F00F00FFF754FCCA
:10EF10000028F0D1237F03F00F03012B00F0838042
:10EF2000637FA3F1060A03F1060B5FFA8AFA053341
:10EF30005FFA8BFB5FFA83F957460C3502212846AE
:10EF400007F0A1FB3E23037080F801B001212846A1
:10EF500007F099FB034602221A704946284607F03B
:10EF600092FB01230370237F03F00F036B4404F132
:10EF700024011B784370237FC3F380138370D4F87C
:10EF80001E30C0F80330B8F80430A0F8073000F1A4
:10EF90000A0380F809A03A4618460AF022FDC65531
:10EFA000A9E7002BA7D0274B1B685A05A3D5207FC4
:10EFB00000F00F03012B3DD104F11E07C0F38011B7
:10EFC0003A4600F00F00FFF7F7FB002893D10C350D
:10EFD0000221284607F057FB41F23E23038001211E
:10EFE000284607F050FB03460B221A7028461121D1
:10EFF00007F049FB40F201130380237FC3F3801322
:10F000008370D4F81E30C0F80330638CA0F807304A
:10F01000237FC3F3C0134372636AC0F80A30238DA1
:10F02000C381067467E707464FF00B094FF00C0BDE
:10F03000824682E700DE207FBEE700BFA4A0010079
:10F0400040010020380100200079A0F10500B0FA4D
:10F0500080F04009400070470849094A094B4FF0C9
:10F06000FF3008604FF0FF3041F6FF71C2E9000148
:10F070001F200021C3E90001FFF78EBB044E0020D2
:10F08000400100203801002038B5059D9DF810C0D2
:10F090002C4614F8101B0131C9B2297099B10B49E3
:10F0A000C1E90002887A0B81094BCC606CF3000047
:10F0B00000228872996001201146FDF7B3FE00B965
:10F0C00038BD00DE38BD00DEE9E700BFD016002005
:10F0D000B00200200020704770B51B4E00241B4A70
:10F0E0000220A2F11001A4B996F8284014F00104FE
:10F0F0000FD0FFF749F8054668B996F82830134A4B
:10F1000060F3000386F828300220A2F11001002CE1
:10F11000EAD0002070BD10F1780FFAD040F29123B0
:10F120000B4A0C490C4806F0E5FC0C482A46002125
:10F1300006F0E0FC002383F31188BFF36F8F0323F5
:10F14000184602DFCBE700BFE0160020F0160020D3
:10F1500028A7010068A7010080A70100A0A701005F
:10F1600038B50546023001F11002C0B2FFF70CF8C5
:10F17000044600B938BD10F1780F01D10C2038BD1C
:10F1800040F29123094A0A490A4806F0B3FC0A48AA
:10F190002246294606F0AEFC002383F31188BFF314
:10F1A0006F8F0323184602DF0C20E8E728A7010031
:10F1B00068A7010080A70100A0A7010010B5144CAA
:10F1C00094F8283003F0010278B17AB99B0706D58C
:10F1D0000120FEF753FD0621FDF7CEFDA8B10C4836
:10F1E000F1F7D2FA10B9002010BD0AB90C2010BDF9
:10F1F0002146FFF7B5FF0028F8D194F8283060F3D6
:10F20000000384F828300020EEE7122010BD00BF74
:10F21000E0160020044A0068044B801AA3FB00306B
:10F22000C0F34710704700BFE0160020A38B2EBA32
:10F2300068B9084A92F8283013F0010008D0107D10
:10F2400003F00103C0F3401003FA00F07047002000
:10F25000704700BFE016002000F046BA684620F074
:10F2600007018D4601B500F079FFF4F797FABDE884
:10F2700001408546704700BF08B50A4BD3F84021CE
:10F280003AB90120FDF730FEBDE808400220FDF745
:10F290002BBE0020C3F84001D3F84031FEF712FC2A
:10F2A000EFE700BF00B000400020FDF71DBE00BF2B
:10F2B00090B90E4B0E4A197810788842CBB20DD116
:10F2C0000C480D4990F800C0013313700B7863456A
:10F2D00007D003780B70704700DEEAE700DE137892
:10F2E000EEE700DE03780B70704700BFFE58002089
:10F2F000FF58002003590020025900200B4A0C4BF4
:10F30000117893F800C08C450DD012781A70094A14
:10F31000094B18B911781878884202D012781A70FF
:10F32000704700DEFAE700DEEFE700BF015900207A
:10F3300000590020FE580020FF58002001F030B88E
:10F3400008B50B480B4B027819788A420CD00A4B4F
:10F35000017000220398986011460120FDF762FDBC
:10F3600000B908BD00DE08BD00DE1978EFE700BF78
:10F37000FE580020FF580020C00200202DE9F04177
:10F38000304A314E127833789A428AB00C4605D111
:10F390002E4B2F4A1B7812789A4247D02768DFF805
:10F3A000B48007F12D0525F07F45D8F800102846D8
:10F3B000FEF73AFC10F4000002D10AB0BDE8F0817B
:10F3C000254A264B11781A78914213D11F4A2049B9
:10F3D0001278097891420DD01A780132D2B21A709F
:10F3E00000221F4B009211461046FEF7E7FB10F07B
:10F3F000FD0F24D11B4BE168C8F800500022CDE975
:10F400000732194BCDE90322CDE90531CDE90122BF
:10F410002D23009334780134E4B23B461146104664
:10F420003470FEF7AFFB0AB0BDE8F0810768DFF883
:10F43000248007F12D05044625F07F45DAE700DE3C
:10F4400000DED7E70259002003590020FE580020B3
:10F45000FF580020984E002000590020015900203C
:10F46000FDF20000B1F2000041F300007A4A936817
:10F47000002B00F096802DE9F04F136889B081468B
:10F48000002B46D04FF0FF338DF80A300DF10A0003
:10F49000FEF74EFF044600283BD0037F9907F5D1C5
:10F4A000857A15F00205F1D1C3684B4555D0066841
:10F4B000A8462F460DF10A00FEF73AFF8346F0B149
:10F4C000027F9207F6D1827A9307F3D4C268B8F12B
:10F4D000000F21D04A4558D0DBF800A031465046F5
:10F4E000FEF7A2FB00F4000000280DF10A001CBF8B
:10F4F0005F465646FEF71CFF83460028E0D1002FEA
:10F5000008BF274639463846FFF738FF30F0020378
:10F5100039D109B0BDE8F08F91458046DCD1237F19
:10F52000E16843F0020323772046A3699847FF234D
:10F530008DF80A300DF10A00FEF7FAFE04460028A5
:10F54000E7D0037F9F07F5D1837A9E07F2D4C36883
:10F550004B4502D000DED0F80C903F4A4846D2E935
:10F56000001303AA98470646002843D010F1100F55
:10F5700059D0394A002093681168984716F10B0F4B
:10F5800010D08C36C5D000DEC3E7227FE16842F0A0
:10F59000020222772046A2699047D8457FF472AFD5
:10F5A000C5E770472C4A0023D2F80890D2E90048FA
:10F5B00002261360FF278DF80B700DF10B00FEF78C
:10F5C000B7FE90B1037F9A07F7D40DB9DB07F4D4E7
:10F5D000C368A342F1D1037F826943F0020303773A
:10F5E000214690478DF80B70E7E70125AE420AD01F
:10F5F0002E46E0E7237FA269E16843F00203237708
:10F600002046904785E70022CDE904220692039B1D
:10F6100000964946404604AA0794FEF741FE00289A
:10F620007FF477AFAFE7A37A43F00203A3720DF143
:10F630000A00FEF77DFE014600283FF46AAF037F13
:10F640009D07F4D1837A9C07F1D4FFF797FE30F041
:10F6500002033FF45EAF96E71017002010B517487D
:10F6600009F030FD30B3164B00249C6000F0F6F931
:10F6700000281EDB224621460120F3F7F3FF224635
:10F6800001210B20F3F7EEFF214622461820F3F765
:10F69000E9FF0C4B1022C3F804230120F3F7B2FF5B
:10F6A0000B20F3F7AFFF1820F3F7ACFF00F070FD6D
:10F6B000204610BD6FF0120010BD00BF289C010055
:10F6C000101700200010004008B500F0D9F90028FC
:10F6D00009DB0120F3F7A4FF0B20F3F7A1FF1820AB
:10F6E000F3F79EFF002008BD034603488AB219467F
:10F6F00083681B68184700BF289C010000207047E2
:10F7000070B5044682B0002833D0204B1A6882427C
:10F7100029D0FF250DF107008DF80750FEF708FEF0
:10F72000034640B91DE0A1420CD00DF10700FEF7E1
:10F73000FFFD0346A8B11A7F9207F6D4D968184690
:10F74000002CF0D11A7F9E6942F002021A77B0476E
:10F750000DF107008DF80750FEF7EAFD034600287B
:10F76000E9D102B070BD9B686BB10146002098479B
:10F77000CFE7064A9368002BCBD011680029C8D088
:10F7800000209847C5E700DEC3E700BF1017002040
:10F790000020704710B50446FEF7BCFD8CB90D4B38
:10F7A0009A68AAB11C6800229A601A6004B12468A1
:10F7B0000020FEF7D7FD2046FEF756FE28B10020B8
:10F7C00010BD0028F3D100DEF1E700DE002010BDFF
:10F7D00000DEE7E710170020054A136892681B1A3D
:10F7E00018BF0123B2FA82F00B704009704700BFC6
:10F7F000101700202D20704710B51446FEF712FA9E
:10F800002146FEF711FA030204D40230092898BFFA
:10F81000002010BD002010BD262810B5044613D0CE
:10F82000272809D0252817D1022000F027FD2046DF
:10F83000BDE8104000F028BD502000F01FFD20461C
:10F84000BDE8104000F020BD1A2000F017FD204652
:10F85000BDE8104000F018BD0A2807D927280AD9AA
:10F8600000DE2046BDE8104000F00EBD0230400032
:10F8700000F004FDDBE70330400000F0FFFCD6E7BA
:10F8800008B500F08DFDBDE8084000F0D7BE00BF10
:10F8900008B500F085FD00F0D1FE00F0B5FEBDE832
:10F8A000084000F093BE00BF08B50146114800F0C3
:10F8B00065FC00F09FFD60B100F082FF00F09EFC4F
:10F8C00000F004F900280EDBBDE808400020FFF737
:10F8D00061BF00F045FD00F073FF00F08FFC00F009
:10F8E000F5F80028F0DA00DE0020BDE80840FFF758
:10F8F00051BF00BF3DF300002DE9F04F89B01F4616
:10F900009DF848B0FF238046894692468DF81F3007
:10F910000DF11F00FEF70CFD002846D0037F9D0768
:10F92000F6D1837A9C07F3D405683E689DF81F30B2
:10F930000593044629463046FEF776F9BBF1000FE1
:10F9400053D0BC4208BF002426460DF11F00FEF72D
:10F95000EFFCD0B1027F9107F7D1827A9207F4D4FD
:10F9600002680490294610460392FEF75DF9039A57
:10F97000049B00F4000000280DF11F001CBF154679
:10F980001E46FEF7D5FC0028E4D1059B8DF81F30FC
:10F99000314B9A68002A30D17EBB54B1BBF1000FC5
:10F9A00048D1BC4205D000DE03E02B4B9A680446E8
:10F9B00012BBFA681A60C3E901893846D047044689
:10F9C0000DF11F00FEF7B4FC014650B1037F9A070A
:10F9D000F6D1837A9B07F3D4FFF7D0FC30F0020313
:10F9E00033D1204609B0BDE8F08F0002A9D5FF232E
:10F9F000354605935C46A7E706464946CDF800B074
:10FA0000534640463A46FEF74BFC014680B1BBF1F7
:10FA1000000F0AD1BB7A980707D4C6B13046FFF76A
:10FA2000ADFC30F0020300D000DE6FF07604D8E7C2
:10FA300000DEECE7CDF800B053463A464946404672
:10FA4000FEF72EFC0028F0D1EEE700DEC9E7002C1F
:10FA500014BF26460E46E1E71017002010B501201E
:10FA6000064C01F0F3F800230121A1606360E3601C
:10FA70002146BDE8104006F032BB00BFA04E00207A
:10FA800010B5012001F0E2F80449044606F096FBA7
:10FA90002046BDE8104006F06DBB00BFA04E002020
:10FAA00008B5094BBFF35B8F53E8002F511C43E8A7
:10FAB00000100028F8D1BFF35B8F002A01DC01F0B1
:10FAC000CDF8002008BD00BF9C4E002008B50E4BAD
:10FAD000BFF35B8F1A68BFF35B8F002A10DDBFF3A3
:10FAE0005B8F53E8002F511E43E800100028F8D127
:10FAF000BFF35B8F012A01DC01F0C6F8002008BDCE
:10FB00006FF0770008BD00BF9C4E002000B9704721
:10FB100000DE70470021F0F7C3BE00BF08B5064BFA
:10FB200003989860002211460120FDF77BF900B987
:10FB300008BD00DE08BD00BFE002002010B504468D
:10FB4000FFF7A6FE237923F0010323719B0617D547
:10FB5000962000F083FD002318461A46194600F04F
:10FB6000B5FC0120FEF760FB88B11C3000F0DEFB25
:10FB700000F01CFD21460748BDE8104000F0FEBA29
:10FB800000F004FD0120FEF74FFB0028EDD100DE60
:10FB9000EBE700BF79FD000010B50446FFF778FEE3
:10FBA00000F028FD2046BDE81040FFF77DBE00BFF5
:10FBB00008B5FFF7C3FF00F0CDFBBDE8084000F03B
:10FBC00019BE00BF70B50546FFF75AFE00F0DEFC17
:10FBD0000120FEF729FBF0B11C3000F0A7FB00F07C
:10FBE000F5FB00BB00F00EFE00210446084600F0C5
:10FBF000ABFB00210646084600F0A4FB3444CB349E
:10FC0000201A00F0E9FD00F0D1FC29460748BDE8C4
:10FC1000704000F0B3BA00DE1C3000F087FB00F04B
:10FC2000D5FB0028DED000DEDCE700BF79FD000058
:10FC300010B50446FFF782FF23792279C3F341030D
:10FC4000013303F00303032B08BF002363F34202D5
:10FC500014BF03F1250025202271FFF7DDFD0020F0
:10FC600000F07EFDBDE8104000F0C4BD70B5C36873
:10FC700004461E68FDF7D6FF05463046FFF7BAFD7D
:10FC800000232D1AC4E90053238120460121BDE839
:10FC90007040F0F705BE00BF814208B50DD00B697A
:10FCA00013B16FF08B0008BD084B1360FFF7F8FE2F
:10FCB000002809DB6FF00A0008BD054800F05EFA75
:10FCC00000F04EFB002008BD00DEF3E76DFC0000F5
:10FCD00031FC000010B548B10C46FFF7F7FE0028D4
:10FCE0000BDB2046BDE81040FFF754BD044800F090
:10FCF00045FABDE8104000F033BB00DEF1E700BF7D
:10FD000005FD000030B5044685B0FFF7C1FD0DF1DB
:10FD10000F012046FFF760FD08B105B030BD054674
:10FD200000F068FC22790095C2F34103013303F02F
:10FD30000303032B08BF002363F3420222712B4607
:10FD4000012229462846FDF739FF94F90430002B9B
:10FD500004DB2046FFF7A8FD05B030BD054B0122AE
:10FD6000294628469C60FDF75DF80028F1D000DEAA
:10FD7000EFE700BFD00200202DE9F843044600F071
:10FD80002FFBC0B200286AD000F04AFB054600F005
:10FD900045FC074600F04CFC00F022FCEDB20646A4
:10FDA00000F002FCFFF774FD3DB921467B4800F0EE
:10FDB000E5F9BDE8F84300F0D3BA0120FEF734FAC4
:10FDC0000546002800F0D78023791A07C3F3C1083D
:10FDD00048D42A7F12F00F01F6B247D0062945D049
:10FDE0004527CF4017F0010740F0BE80012900F001
:10FDF0009F800429D9D16A7F063A1F2AD5D8DB070C
:10FE0000D3D500F017FB2B7F0278C3F38013B3EB3D
:10FE1000D21FCAD10830062205F11E0109F0F7FDF4
:10FE20000028C2D16B7F002BBFD00320FEF7FCF966
:10FE300005460028B9D0FEF711FA4FF6FF73EB80A4
:10FE400005232B71002E6FD17F206B7E287667F300
:10FE5000000328686B762946FEF712FAA5E7FFF73C
:10FE600017FDA2E7FFB2002F9FD0B2E76A7F063AE4
:10FE70001F2A9AD803F02103202B7AD1962000F074
:10FE8000EDFB002000F0DAFA0320FEF7CDF907467B
:10FE900000288AD0FEF7E2F94FF6FF73FB800523B6
:10FEA0003B71002E73D17F227B7E3A7623F00103D3
:10FEB0007B7639463868FEF7E3F900F0BBFA027842
:10FEC000032161F3030202702A7F0178C2F38012DA
:10FED00062F3C7110C22017042702279C9B2C2F3D9
:10FEE000801262F38611024602F8021BD4F8051054
:10FEF000C0F80210B4F809109180D5F81E20826075
:10FF00006A8C828100F018FA00F060FA002842D171
:10FF100000F070FC2379224843F00103237121464D
:10FF2000BDE8F84300F02AB900F04AFBC0B28CE704
:10FF3000697F0C297FF439AFC3F38013B3EBD21F71
:10FF40004FEAD21919D0B8F1010F7FF62EAFB9F1EF
:10FF5000000F3FF42AAF95F8293003F0C003402B7F
:10FF60007FF423AF012760E76B7F063B1F2B3FF633
:10FF70001CAF002759E700DE26E7062205F1240121
:10FF8000601D09F044FD00283FF44FAFDBE700F0AF
:10FF900017FBC2B288E700DEBAE700BFB1FB000082
:10FFA000C5FB0000002070470020704710B582B0EC
:10FFB0000446FFF775FD002809DB084A084909488F
:10FFC00000940023FEF77AFA18B902B010BD00DEE3
:10FFD000F3E77730F9D000DEF7E700BF15FB00004C
:10FFE000D5FC000099FC00004FF080530246D3F886
:10FFF000A410013107D04FF08051D1F8A00010F0CB
:020000021000EC
:10000000010009D17047D3F8A8304FF6FF719BB2B9
:100010008B42F0D100207047D1F8A4301360D1F8A2
:10002000A8301371C3F3072363F03F035371D1F872
:10003000903001331CD0D1F89430013318D0D1F86E
:100040009830013314D0D1F89C30013310D0D1F85E
:100050009030C2F80630D1F89430C2F80A30D1F8A6
:100060009830C2F80E30D1F89C30C2F8123008E057
:100070000023C2F80630C2F80A30C2F80E30C2F8C7
:1000800012300120704700BF00234FF08052036000
:1000900043608360C360D2F88030013318D0D2F857
:1000A0008430013314D0D2F88830013310D0D2F824
:1000B0008C3001330CD0D2F880300B60D2F8843011
:1000C0004B60D2F888308B60D2F88C30CB607047B0
:1000D00000230B604B608B60CB607047054B4FF487
:1000E00080320021C3F80815C3F84423C3F8042361
:1000F000704700BF00B00040054B1878421C1A70D2
:1001000018B9044B01221A6070470120704700BFE4
:100110000459002000B00040074B187848B101385E
:10012000C0B2187018B9054B01225A6070470120FF
:10013000704700DE1878F2E70459002000B0004054
:10014000014BD3F80405704700B00040024B00F5A6
:10015000A87043F82010704700B00040044BD3F85B
:10016000103123B1034A044B10681B6818477047CD
:1001700000100040C44F0020C84F0020024A034B2B
:1001800011601860704700BFC44F0020C84F0020A6
:100190004FF080434FF0FF320021C3F8002EC3F828
:1001A000042EC3F8081EC3F80C2EC3F8101EC3F8A3
:1001B000142EC3F8182EC3F81C2EC3F8202EC3F833
:1001C000242EC3F8282EC3F82C2EC3F8302EC3F8E3
:1001D000342E7047074B084810B44FF49051002458
:1001E0004FF41052C0F81845C3F80018C3F804289B
:1001F00010BC704700F0014000100040704700BF85
:10020000054B02280CBF0421032140F20122C3F850
:100210001015C3F85026704700100040072819DC5D
:10022000831EDBB2052B11D9002818DA031D1BDA57
:1002300010F1080F1ADA10F10C0F19DA10F1100F83
:1002400018DA10F1150FCCBFEC20D8200A4BC3F8F8
:100250000C057047084B0820C3F80C057047064B87
:100260000020C3F80C057047FC20EFE7F820EDE70D
:10027000F420EBE7F020E9E700100040014BC3F861
:100280000805704700100040084B00F07F00C3F8DD
:100290005405D3F8182522F00072C3F81825D3F8B6
:1002A000182542F00072C3F818257047001000406E
:1002B000084A00210123C2F82C15C2F83035C37852
:1002C000C2F824358178038843EA01431B02C2F84F
:1002D0001C3570470010004002F01C03A3F1080316
:1002E00002F00302B3FA83F3013A5B091B06022A08
:1002F00098BF43F4801300F00F000A4A184340F4FB
:100300008070C2F81405D2F81805074B0340C2F8F4
:100310001835D2F81835194341F44031C2F8181590
:10032000704700BF001000400000F8FE014BC3F80A
:100330000405704700100040014BC3F804057047E6
:10034000001000400120704702280CBF05200A2041
:10035000704700BF014B01225A60704700100040F7
:100360000B4B0C480C4910B44FF41064C3F808450B
:1003700001224FF480245A60DA60C0F84843074CE9
:10038000C3F808450020C1F800020A6110BC70479C
:1003900000F0014000B0004000100040C001700CAF
:1003A000094B0022C3F80021D3F80011C3F804213F
:1003B000D3F80411C3F80C21D3F80C11C3F81021A1
:1003C000D3F81031704700BF00100040034BD3F842
:1003D0000001003818BF0120704700BF0010004026
:1003E000034BD3F80C01003818BF0120704700BF41
:1003F00000100040034BD3F85005B0FA80F04009DC
:10040000704700BF00100040044B40F20312C3F8D5
:100410003425C3F83805C3F83C1570470010004078
:10042000034BD3F80004003818BF0120704700BF09
:100430000010004000487047C04E0020F0B41D4B33
:100440001D4D1E4E1E4C1F4F0322C3F800222A785A
:10045000C6F8687502F10C03DBB2D000DB00910036
:1004600003F1804300F1804003F5F83300F5F830E4
:1004700001F18041C6F86C0501F5104104EB8204DE
:100480001148C3F81045C3F81405D1F840352D2B99
:100490008ABFD1F8403501232D3BC1F840350132E8
:1004A000064B4FF4106102F00102C3F804152A70E4
:1004B000F0BC7047001000400559002000F00140DA
:1004C000409100400C110040041000402DE9F04123
:1004D000284E294C294FDFF8A8E0DFF8A880032335
:1004E000C6F800322178CEF8688501F10C03DBB242
:1004F000DB00CD0003F1804303F5F83305F18045BF
:1005000007EB810705F5F835CEF86C554FEA810CFD
:10051000C3F8107549F63465C3F814654AF2B81388
:10052000022A18BF1D460CF1804C42F2B84241F23B
:100530008833022818BF13460CF5104C124A2B447E
:10054000A2FB0323DCF84025B2EB931F85BF98097B
:10055000DCF8403501231B1ACCF840350131084B3B
:100560004FF4106201F00101C3F804252170BDE8C9
:10057000F08100BF0010004005590020409100406C
:1005800000F001400C110040D34D62100449054BAE
:1005900003204FF41062C1F80002C3F80825704729
:1005A0000010004000F0014000207047034AD2F8DC
:1005B000003243F48873C2F80032704700100040E4
:1005C000014BD3F84805704700100040034B002250
:1005D000C3F81C21D3F81C31704700BF0010004045
:1005E000034BD3F81C01003818BF0120704700BF2F
:1005F00000100040034AD2F8403623F0FF03C2F84F
:100600004036704700100040034B0022C3F814210D
:10061000D3F81431704700BF00100040034BD3F8EB
:100620001401003818BF0120704700BF00100040BF
:10063000014BD3F810047047001000400449054BEB
:10064000054A4FF48020C1F84803C3F808257047D5
:1006500000B0004000F00140C001700C034B044AA0
:100660001B7803F5A87342F8230070470559002052
:1006700000900040F0B4A2F574232F4DA3F5107341
:10068000AB42044606D902F1E87202F5D4320139D0
:1006900002F5A572294B2A482A4D2B4E0127DF600F
:1006A0000027C3F80475A0FB02020427C3F81075E5
:1006B000900C0227C3F80875244AC3F84005C5F812
:1006C00048154FF48021C5F844134021C2F8406515
:1006D000C2F84435C2F8041544B34FF48013C2F88D
:1006E00004351B4A194B1B4D0124D46000210424FE
:1006F000C2F80415C2F81045C2F80815C3F8282935
:100700000C32C3F85055C3F8542502F5AF32124CE1
:10071000C3F8584502F5FC72C3F85C250F49C3F8CD
:1007200060150832C3F86425F0BC70474FF400131D
:10073000C2F80435D5E700BFBFBDF07F00800040A0
:1007400083DE1B4300B0004048B1004000F0014090
:10075000009000400C110040409100404491004046
:1007600070B4154B0122DA64D3F84C25E8B103F5D7
:10077000B8334FF48011C3F804150F4B114600260F
:10078000012502E0D3F840416CB9C2EB4102C3F845
:100790004061501CD3F84011C3F84005DD64D3F824
:1007A0004C158A42EED370BC7047044B4FF40011D5
:1007B000C3F80415E1E700BF0080004000F00140ED
:1007C0000349044A01234B600B6153601361704776
:1007D00000800040009000400449054BC1F84405EA
:1007E0004FF08862C3F80425704700BF00800040C6
:1007F00000F00140024B4FF00062C3F8042570473F
:1008000000F00140014BD3F84805704700800040DC
:100810000139012905D80B200AB1F2F7F3BEF2F72E
:10082000FFBE00DE704700BF29B10139012905D89C
:100830000B20F2F709BF1820F2F706BF00DE0020F8
:10084000704700BF88420BD0012803D0022809D08E
:1008500000207047A1F10200B0FA80F04009704713
:1008600001207047A1F10100B0FA80F04009704703
:10087000012908D0022906D059B9074B4FF08072E0
:10088000C3F800217047044B4FF40062C3F8002105
:10089000704700DE704700BF00E100E0032803D886
:1008A000054B185C28B1704700DE034B185C00282C
:1008B000F9D100DE704700BF58A80100013810B41C
:1008C0001C46042806D8DFE800F008111A230300AC
:1008D00004292FD000DE10BC70470429FAD1194B2F
:1008E0009C6010BC02210020FCF79CBA0329F1D1C6
:1008F000154B01219C6010BC0846FCF793BA0429F3
:10090000E8D1124B9C6010BC02210120FCF78ABA8E
:10091000032908D00429DDD10D4B02219C6010BCB5
:100920000846FCF77FBA0B4B9C6010BC01210220EB
:10093000FCF778BA084B9C6010BC02210320FCF73E
:1009400071BA00BF400300203003002020030020C4
:100950000003002010030020F002002001460020C8
:10096000FFF7F4BB124B30B401210446002059605C
:10097000C3F80445C3F80001C3F80401196005E099
:10098000D3F8042132B9D3F804251AB1D3F80021E1
:10099000002AF5D05960D3F80421002AE7D1D3F812
:1009A0000455002DE3D0C3F8042530BC704700BFC8
:1009B00000E0004070B5114C0126D4F80455666083
:1009C0000E20F2F72DFED4F8040140B10021C4F846
:1009D0000411D5E90E323046BDE870401847D4F80E
:1009E000003143B1C4F80001D5E90E3205F1200110
:1009F000BDE87040184700DE70BD00BF00E0004059
:100A000070B58CB00E4615460146102268461C464D
:100A1000FCF7A4F910220DEB02003146FCF79EF919
:100A20006846FFF79FFF25B1102208A92846FCF76A
:100A300095F92CB108AD0FCD20606160A260E36034
:100A40000CB070BD70B50D460649411A04464911F7
:100A50000548402207F0EAF92B4601462046BDE84A
:100A60007040184710500020D49B010037B50C4649
:100A70000A490B4A411A402300934911054623466F
:100A8000084807F0FFF9014628B12846234603B07D
:100A9000BDE83040184703B030BD00BF1050002003
:100AA000F17E0100D49B01000022F8B5012105462A
:100AB0001046F2F7D7FD104801F052FF0446B8B9CE
:100AC00001F06EFF2F690D49384605F0F5FA031E57
:100AD00009DB0126BE642D69084905F1200005F0F7
:100AE000EBFA031E02DA1C462046F8BD6E65FBE7F2
:100AF0006FF00404F8E700BF310C01005CA80100AE
:100B000010B5002286B00123CDE9022304ABCDE964
:100B100004336C46074A6B46CDE9004407F0E1F91F
:100B200028B94FF480420023684603F021F906B04B
:100B300010BD00BFFD7E010010B5EFF3118420232E
:100B400083F31288BFF36F8F074A136823F0020103
:100B5000DB07116002D4012007F02AFD84F311881D
:100B6000BFF36F8F10BD00BF6850002030B4104B32
:100B70000C2202FB003301460020D3E91052186416
:100B8000EFF31180202484F31288BFF36F8F9C6CE5
:100B900004F0C00444F002049C6480F31188BFF3A5
:100BA0006F8F1DB12B46034830BC184730BC7047CF
:100BB00010500020D49B010010B4EFF311802022CC
:100BC00082F31288BFF36F8F17490B6843F002045A
:100BD00013F001030C601AD04FF08043D3F80C14CB
:100BE000D3F80C3413F0010311D0EFF3118182F329
:100BF0001288BFF36F8F0D4A936C03F0C00343F06C
:100C00000203936481F31188BFF36F8F012380F394
:100C10001188BFF36F8F1BB110BC0020FFF7A6BF78
:100C200010BC012007F0BCBC685000201050002010
:100C300010B1012804D07047034B9B6C5B0701D1B6
:100C4000FFF794BF704700BF10500020024BC0B2A6
:100C500003EB4010704700BF10500020094BBFF35A
:100C60005B8F53E8002F42F0010143E80010002899
:100C7000F7D1BFF35B8F930702D4012007F090BC3C
:100C8000704700BF6850002010B5EFF31184202397
:100C900083F31288BFF36F8F074A136823F00101B3
:100CA0009B07116002D4012007F082FC84F31188B5
:100CB000BFF36F8F10BD00BF685000202DE9F041D9
:100CC0003849BFF35B8F8046012251E8003F41E87D
:100CD00000200028F9D1BFF35B8F33B93249334884
:100CE0004B60CB608A6005F0FAF908F1FF33012B05
:100CF0004BD8B8F1010F07D14FF08043D3F81C3423
:100D000003F00303012B40D008F088FB054658B1DF
:100D1000EFF31186202383F31288BFF36F8F012531
:100D2000234F4FF080441EE0224B1B78002BEFD066
:100D30004FF080430222C3F808230646F0E735B39C
:100D4000304605F02DFCD4F8183563B9D4F80421E9
:100D50004AB1C4F80431D4F804310123C4F8183579
:100D6000C7F88031A360D4F81824D4F81834D2031B
:100D7000E5D503F00303012B02D0B8F1010FDED15A
:100D800055B186F31188BFF36F8FBDE8F081002164
:100D9000212008F00FFCD6E74FF080430222C3F871
:100DA0000423F2E70C500020FC4F002030500020BC
:100DB00000E100E01859002008B5074808F082F962
:100DC00038B10648F2F70CFF0448F1F7C1FA0020E9
:100DD00008BD6FF01200FBE7449C0100E10D01002B
:100DE0000A2838B5074D044604D1AB680D215B686D
:100DF00028469847AB6803485B68E1B298472046AD
:100E000038BD00BF449C0100EFF31182202383F31F
:100E10001288BFF36F8F0A4BD3F8001161B1002124
:100E2000D3F80805C3F80011D3F80031C0B282F33B
:100E30001188BFF36F8F70476FF00A00F7E700BFAC
:100E400000D00040F0B503468478C678EFF3118EE9
:100E5000202080F31288BFF36F8F1D7893F801C0B4
:100E6000641B3440A24288BFA2B2AF183740284664
:100E70001F708EF31188BFF36F8F8F188F4218D1B8
:100E800065450CD1EFF31181202080F31288BFF368
:100E90006F8F1878587081F31188BFF36F8F1B79AB
:100EA000A41AA34228BF074B90B224BF01221A60A4
:100EB000F0BD03EB000E01309EF805E001F801EBF8
:100EC0003040DBE700D00040DB432DE9F04713F072
:100ED00001050F46144604D02448FFF7B3FFBDE8D0
:100EE000F087B2B3EFF31186202383F31288BFF3A8
:100EF0006F8F0D20F2F7A8FB80460D20F2F790FBD4
:100F000086F31188BFF36F8FDFF864A0194ECAF81B
:100F10000051DAF800314FF400590123CAF80030CB
:100F20002546C6F88091DAF80031A3B1FFF76CFFCF
:100F3000031EA4BF05F1FF35ADB2C6F88091A8BF6E
:100F40007B55002DEFD1B8F1000F02D00D20F2F744
:100F500059FB2046C3E7EFF31180202383F3128867
:100F6000BFF36F8F05F01CFBDDE700BF9C50002036
:100F700000D0004000E100E070B50D4614460CB909
:100F8000204670BD4FF0FF334FF0FF320C4802F0A7
:100F9000EFFE224629460B48FFF754FF0646084855
:100FA00002F0ACFE3EB94FF0FF324FF0FF3306487F
:100FB00002F0DEFEE6E7A41BA4B23544DFE700BF83
:100FC0006C500020B15000208450002038B5012220
:100FD0001146184808F0CEF9164D0122002105F1FE
:100FE000180008F0C7F940F20743A5F848304FF061
:100FF00070632B630C2385F8343000240E4B85F886
:101000004540A5F84640D3F8042542F00102C3F854
:1010100004250121C3F80041D3F80021C3F80413CB
:10102000224619600D20F2F71DFB0D20F2F7EAFAB7
:10103000204638BD6C50002000D0004010B5FFF7AE
:10104000E3FE002820DB174B93F8322093F8314061
:1010500093F83310141B31EA0404C0B20DD193F895
:10106000472093F8464093F84810141B31EA0404D3
:101070000BD10D4B01225A600EE09C180132114039
:1010800084F8350083F8321010BD9C1801321140ED
:1010900084F84A0083F847100448BDE8104002F085
:1010A0002DBE00BF6C50002000D0004084500020B6
:1010B0002DE9F043476840F20636D0063B7C87B006
:1010C00002EA060654BFC2F3401C4FF0030C01F0C5
:1010D0001F05B6F5837F144645EA43158DF803C016
:1010E00044D00DD8062E16D005D8A6B1022E3FD07A
:1010F0006FF0150037E0B6F5807FF9D101260AE0E0
:1011000040F20222964235D0B6F5407F34D0B6F593
:10111000007FEDD10226220330D57A6801238B406F
:10112000C2F80835B868A0BB05F01F036D092DD0C3
:10113000012D77D13E4A02EB8302C4F30043D2F87B
:10114000001783F00103C4F3404444EA430421F44C
:10115000E16144EA8C0421F0070144EA06230B43D1
:10116000C2F80037002007B0BDE8F0830726D2E7B9
:101170000426D0E70526CEE70326CCE7630341BF6C
:1011800001237A688B40C2F80C35CBE74FF0A042C0
:10119000D1E70DF10202294607F08AFC14F4403F22
:1011A00080460CD1B868294607F0B7FCB8F1000FAB
:1011B000D8D19DF80210B86801F088FDD2E74FF051
:1011C000000901ABCDE90199CDE90439CDF80C90C6
:1011D000B86803AA294607F040FB4845C2DB14F46F
:1011E000003314D0C4F300449DF803308DF80E3062
:1011F00084F001048DF80C608DF80D40B8684B4602
:1012000003AA294607F0DCFB0028CFDAAAE7CDE9DC
:1012100004330DF103030393B86803AA294607F0CA
:101220001CFBF1E703F5E07350F82330FFDE00BF4D
:1012300000030050420970B5034602D0012A17D0BE
:1012400070BD0D4E326951680029F9D003F01F03BB
:1012500001250C689D400029F2D08A682A4002D0FE
:101260004B68304698472CB1236821461C46F2E76C
:10127000024EE7E72346F8E70C9C0100F09B0100D3
:1012800038B54568A86890B107F041FC014670B9CF
:10129000A86807F020FC044658B902460649A86829
:1012A00007F003FC224605210620F2F7DBF90020B7
:1012B00038BD6FF00400FBE735120100F0B545685A
:1012C0001646A8682A7C01F01F0487B044EA42143D
:1012D000002869D0B6F5001F04D1214607F070FC44
:1012E000002052E001AA0020B6F5800F0190506066
:1012F00037D1B3F1007F14BF052304238DF80430E8
:101300000023CDE904230393EB6823FA01F111F0E4
:1013100001010DF103073AD1B6F1A07F37D104F0F6
:101320001F03620903F5E07326D0012A3FD1214A49
:1013300052F82330DB072AD4A8683A46214607F042
:10134000B7FB16301BD00297A86803AA214607F006
:1013500084FA002819DBA8680122214607F0DFFB88
:10136000BEE7B3F1C06F05D0B3F1007F14BF012316
:101370000223C3E70323C1E74FF0A042D8E7A868E0
:10138000394601F0A9FC0028DDDA07B0F0BDA868F5
:101390003A46214607F08CFB0028D5D19DF8031072
:1013A000A86801F093FCCFE76FF08500EDE751F8F6
:1013B0002330FFDE00030050036803F01F025B09C7
:1013C000026004D0012B034818BF002070474FF083
:1013D000A0407047000300502DE9F04F00EB810959
:1013E000654985B01546834640F2FF1AD94503D1B9
:1013F000002005B0BDE8F08FDBF80020C2F3C7285D
:1014000018F00808C2F3C320C2F3080440F0B1800A
:101410005A4B544508BF4FF0FF34B2F10C5F1E5CCD
:101420004FEA126015D2222815D8DFE800F01727FE
:101430002B382E3438141414143E48141414141475
:10144000141414144B86898C1414148F9396999C3D
:101450009F004E2826D06FF08500CAE7C5F80C45DE
:10146000621C67D003A80394FFF7A6FF039A012725
:1014700007FA02F2C0F80825384639E0C5F81445E5
:10148000002718E0C5F80845EAE7C5F80845002731
:10149000601C22D14EE0C5F80C450127F8E7C5F8DD
:1014A0001045EDE7C5F81445DAE7C5F80845002E04
:1014B000E6D100270626631C3CD0002018E0C5F8C2
:1014C0000C45F4E7C5F86045BBF80220671C02F044
:1014D00001022FD0002AC5D1012703A80394FFF7EA
:1014E0006BFF039A8446012000FA02F2CCF80C2527
:1014F000DBF80020019202F4004CBCF1000F08BFA1
:10150000804603A818BF01270394FFF755FF039CEB
:10151000019A00EB8400C2F3412CD0F8004732025C
:1015200042EA8C0242EA08020C40224342EA4702A5
:10153000C0F800270BF1040B58E7C5F86445C3E772
:10154000C5F86845C0E7C5F86C45BDE7C5F8244552
:101550000127B0E7C5F8284582E7C5F83045F7E729
:10156000C5F83445F4E7C5F83845F1E7C5F83C451A
:1015700076E76FF015003CE7F0F8FCFF91CD010035
:101580002DE9F041044647680D4607F047FF88B152
:101590004FF02008EFF31186314688F31288BFF32D
:1015A0006F8F606806F05FFD50BB86F31188BFF354
:1015B0006F8FEFE71F4B1B78002BE9D04FF020080F
:1015C0006426606806F04FFD70B9012006F097FFB1
:1015D000013EF6D10021212007F0ECFFF0E786F371
:1015E0001188BFF36F8FF5E7EFF31186314688F36B
:1015F0001288BFF36F8F606806F035FD0028EED0CB
:10160000BB691D706368BA691B680020C3F8442574
:101610000122C3F84825C3F82001D3F82041C3F8BC
:101620005801D3F858019A6081F31188BFF36F8F86
:10163000BDE8F081185900202DE9F041002205464F
:1016400001210220F2F70EF80220F1F7DBFF6C68AF
:101650000121E06806F038FD6B681A682369C2F85A
:101660002435617D237D0B43A17D0B43C2F86C358E
:101670006F68D7E9004313F0010318D0D5F8108044
:1016800004F10C0108F1080204F5907006F074FFF3
:10169000061E07DA224A2348012104F07CFE304668
:1016A000BDE8F08198F8080001F046F9012308220E
:1016B000C4F80025BA69C4F8442501210022C4F801
:1016C0004825A1606BB9D4F82031002BFBD0C4F8B9
:1016D0002021D4F820310123E3604FF48073C4F853
:1016E0000433D4F85831002BFBD00021C4F8001586
:1016F0006D682C68E86806F0E7FC0823C4F800353C
:101700002A7A52B9EB69C4F834350123C4F8383564
:10171000C4F81021D4F8102123600026BFE700BFD1
:1017200038C6010040A00100F7B545680669AF69F9
:1017300001AA0021384606F069FC041E16DB019B55
:101740003A6819791868FFF747FE041E0EDB296A0C
:101750004A1C12D0E86906F030FD10F1130F044660
:1017600007D10B4A0B48012106F0BDFC204603B00F
:10177000F0BD431D01D1084AF4E76B699847F36B4C
:1017800023B9336306F1340002F0B8FA0024EDE720
:1017900075C60100F89F0100A0C6010038B50378A6
:1017A0000C4673B9D1F88C5065B9D1F888301C69F2
:1017B0006FF07303636604F14C0002F09FFA84F843
:1017C000905038BDCB6F33B19D4216D9254A26487B
:1017D000012106F088FCD4F8843043B1D4F88C2081
:1017E0009A4222D91F4A2048012106F07CFCD4F8F5
:1017F0008800BDE8384006F090BC5B1BCB6773B92E
:101800008B6E08338B66CB6E013BCB6601F17C029D
:1018100004F168006C3106F06DFCA067DBE78B6FAC
:10182000002BD8D02B448B67D5E79B1AC4F88430A3
:1018300083B9236F08332367636F013B636704F148
:10184000840204F1740104F1700006F053FCC4F842
:101850008000CCE7D4F88030002BC8D01344C4F803
:101860008030C4E7BDC60100F89F01002DE9F04FAC
:1018700089B000AF04697B6043683B608B88814618
:1018800098048A46934631D44FF0FF324FF0FF332D
:1018900004F1340002F06CFAC4F830A0D9F81080DA
:1018A000D9F8042098F8913023B1D8F82C309A4513
:1018B00000F0D480BAF8046016F400631DD0B24A78
:1018C000B248012106F00FFC6FF08505E36A13B101
:1018D0009B889B0405D40023236304F1340002F0A9
:1018E0000DFA28462437BD46BDE8F08FE36B002B88
:1018F000CAD1236B9942C7D1D0E7F10717D56D46FE
:1019000088B0D9F800106A46A148CDE905014FF426
:101910000071ADF81C109F4942F8101F9B484FF40E
:10192000E251F1F7C9F8AD466FF01505CEE735077E
:1019300005D5994A9548012106F0D5FBF4E706F450
:10194000FC63B3F5807F01D0944AF3E7DAF80050E6
:10195000934B9D4201D8934AECE79446BCE80F00B4
:1019600007F10C0EAEE80F00DCF80030CEF80030C6
:101970008D4B9D424DD98D4B9D424DD98C4B9D42F7
:101980004DD98C4B9D424DD98B4B9D424DD98B4BA4
:101990009D422CBF4FF000454FF0804516F00201EC
:1019A0007D6106F0040343D0002B0CBF0223032308
:1019B000C6F300163B767E76D8F80030D3F80835AB
:1019C000581C0CD003F01F0001225B09A9BB8BB38C
:1019D000934240F00C817A4B8240C3F80C2598F872
:1019E00091302BB1404607F05DF9002388F8913023
:1019F0004346744A07F10C01404607F033F90346A9
:101A000038B3714A6148012104F0CEFC6FF004053F
:101A10005CE74FF00075C1E74FF08065BEE74FF01F
:101A20000065BBE74FF08055B8E74FF00055B5E7CC
:101A30009B08BDE74FF0A043CEE73BB1012B40F040
:101A4000D9805F4B8240C3F80825C8E74FF0A04318
:101A5000F8E7012388F89130C8F82CA0012384F816
:101A600090303B68196A4A1C09D0D86906F0CDFB52
:101A7000743004D1554A4548022106F034FBBBF1CD
:101A8000000F6AD1C4F868B00023E36604F17C0259
:101A900004F16C0104F1680006F02CFB7B68A06780
:101AA000002B62D123670023636704F1840204F1F1
:101AB000740104F1700006F01DFB0025C4F88000DD
:101AC0006566484606F029FBE06E2B462A468242B0
:101AD00053D10022656F1146A9427BD1934238BF92
:101AE00013464FF4FA5202FB03F5E36A4FF4004C3D
:101AF0001B68B5FBF3F540F2E730C83500214FF421
:101B00007A720023E5FB0C01EEF77EFC04F14C0633
:101B100002460B46304602F02BF9002861D02C4AD1
:101B20001A48012106F0DFFA4FF0000AC4F88CA031
:101B3000204607F0B7F884F891A0D9F810806FF02C
:101B40007305C8F8645008F14C0002F0D7F888F823
:101B500090A0304602F032F9B8E6DBF80030A36618
:101B6000002B91D0DBF804308FE77B681B6823677C
:101B7000002B98D07B685B6896E7A16E01EBC201F1
:101B8000013249680B44A2E7DBC60100F89F01005F
:101B9000F5C601000300000117C7010036C70100A8
:101BA00047E8010065C701008FD003001FA10700AF
:101BB0003F420F007F841E00FF083D0000127A00A4
:101BC000000300509D17010096C70100BBC701002C
:101BD000E5C70100206F00EBC100013140680244FD
:101BE0007AE7656E15F1740F7FF470AE9CE7C1F86B
:101BF0000C15FFDE0023C3F80835FAE700F01F02DA
:101C000040090DD001280ED10A4B03EB82030A4A8A
:101C1000D3F80007024042EA8102C3F80027704768
:101C20004FF0A043F1E702F5E072002353F82230B1
:101C3000FFDE00BF00030050F0F8FCFF2DE9F04785
:101C40004568D0F81080012100AF0646686B06F0A9
:101C50001EFBE96B481C19D0A86B06F0AEFA10F118
:101C6000130F04460AD1374A3748012106F0F5FA26
:101C70006FF012042046BD46BDE8F087411D05D136
:101C8000324A3148012106F0E8FAF3E7EB6A984757
:101C9000D8F830504FF001090835D8E90C3203EB81
:101CA000C203A5F1080293420AD808F1280006F001
:101CB00031FB73680021586B06F0E9FA0024D9E77C
:101CC00055F8080C07F0FEF9034615F8041C55F802
:101CD000080CABB96C468AB000686A461C4D079187
:101CE0004FF40071ADF820101A49CDE9055042F8C3
:101CF000101F15484FF41151F0F7DEFEA546B7E767
:101D000035F8023CD0F810C0D0F808A0DCF800404C
:101D1000DA0754BF43F4B01383F4D01323F48012D2
:101D200009FA01FEDB074CBF44EA0E0424EA0E0464
:101D3000CCF80040DAF800309847041E05F1080599
:101D4000ABDA97E775C6010000A00100A0C601004C
:101D500025C801000400000110B502780346002ADE
:101D60006ED10C69D4F890203AB9D4F88C006FF099
:101D70007301BDE8104006F0F6BAD4F8840050B103
:101D8000D4F8881039B1DB682BB1834203D0D4F882
:101D90009C1007F026FED4F8803043B1D4F8902090
:101DA0009A4216D9274A2848012106F056FAD4F853
:101DB000883043B1D4F890209A4224D9214A22484D
:101DC000012106F04AFAD4F88C00BDE8104006F074
:101DD000DCBA9B1AC4F880307BB9E36E0833E36643
:101DE000236F013B236704F1800204F1700104F1C9
:101DF0006C0006F039FAE067D9E7E36F002BD6D024
:101E00001344E367D3E79B1AC4F8883083B9636F40
:101E100008336367A36F013BA36704F1880204F1F1
:101E2000780104F1740006F01FFAC4F88400CAE7D0
:101E3000D4F88430002BC6D01344C4F88430C2E7F1
:101E400010BD00BFBDC6010000A001002DE9F04F8C
:101E50008DB01D468B880469D0F804B09B0400AF98
:101E600080468A46164643D44FF0FF324FF0FF3388
:101E700004F1380001F07CFFC4F82CA0002E3ED104
:101E8000E6660023236704F1800204F1700104F187
:101E90006C0006F0E9F90646E067002D35D165676C
:101EA0000023A36704F1880204F1780104F17400AF
:101EB00006F0DAF90023C4F88400A36616B1D4F85A
:101EC000803043BB10B1D4F8883023BBA36A13B170
:101ED0009B889E0405D40023E36204F1380001F0DE
:101EE0000DFF6FF0150528463437BD46BDE8F08F6D
:101EF000236C002BB8D1E36A9942B5D1BEE73368B1
:101F0000E366002BBDD07368BCE72B686367002BCA
:101F1000C6D06B68C5E7D8F80450D8F810902B6885
:101F20007B6099F8953023B1D9F828309A4500F0B4
:101F3000CF80BAF804C01CF4006312D0A74AA848A6
:101F4000012106F08AF96FF08505A36A13B19B8819
:101F50009B04C8D40023E36204F1380001F0CEFEF4
:101F6000C1E71CF0010F17D06D4688B0D8F80010FB
:101F70006A469C48CDE905014FF40071ADF81C108C
:101F8000994942F8101F96484FF4E251F0F794FD3A
:101F9000AD466FF01505D8E71CF0080F05D0934A41
:101FA0008F48012106F059F9F3E70CF4FC63B3F50F
:101FB000807F01D08E4AF3E7DAF800E08D4B9E4532
:101FC00001D88D4AECE704350FCD07F108060FC69E
:101FD0000FCD0FC67B68734528BF73469E4695E8B4
:101FE0000300864B9E4586E8030017D2844B9E452E
:101FF00014D2844B9E4511D2834B9E454AD8834BC5
:102000009E4549D8824B9E4548D8824B9E4547D82D
:10201000814A824B8249964588BF0B461CF00201DB
:10202000FB610CF004033DD0002B0CBF0223032303
:10203000CCF3001C87F8203087F821C0D9F8003095
:10204000D3F808355D1C0CD003F01F0001225B099A
:1020500069BB4BB3934240F0B980724B8240C3F8E6
:102060000C2599F895302BB1484601F057F900231B
:1020700089F895306C4A434607F10801484606F056
:1020800071FF051E1FDA694A55482B46012104F0ED
:102090008BF95AE7664BC1E7664BBFE7664BBDE776
:1020A000664BBBE79B08C3E74FF0A043D6E73BB1C5
:1020B000012B40F08E805B4B8240C3F80825D0E7AF
:1020C0004FF0A043F8E7012389F89530C9F828A01C
:1020D000012384F89430DBF83C10481C0AD0DBF86C
:1020E000380006F092F8743004D1554A3C48022179
:1020F00006F0B3F80022012104F1280006F0EAF806
:10210000404606F042F90023206F1A4682423DD134
:102110000022A56F1146A9423FD1934238BF134612
:102120004FF4FA5202FB03F5A36A4FF4004C1B680C
:10213000B5FBF3F540F2E730C83500214FF47A7271
:102140000023E5FB0C01EEF75FF904F150060246AF
:102150000B46304601F00CFE024628B3394A2048AF
:10216000012106F07AF800252046C4F8905001F0CD
:10217000D5F884F895506FF07301404606F0F3F8F7
:10218000304601F01BFE6FF07305DEE6E16E01EBF9
:10219000C201013249680B44B8E7606F00EBC1002F
:1021A000013140680244B6E7A56E15F1740FDAD02C
:1021B0002DB9A36A9B889A047FF5C7AE93E6D8F839
:1021C00010001146283006F085F8BEE6C1F80C155F
:1021D000FFDE0023C3F80835FAE700BFDBC60100C5
:1021E00000A00100F5C601000300000117C70100AF
:1021F00036C7010047E8010065C701000048E80153
:102200000024F40000127A00FF083D007F841E00C5
:102210003F420F001FA107008FD0030048E80100D4
:1022200090D0030000030050591D010096C7010023
:1022300000093D0080841E0040420F0020A10700DD
:10224000BBC70100E5C7010070B5012383400F4AF9
:10225000BFF35B8FDC4352E8001F01EA040542E84C
:102260000056002EF7D1BFF35B8F4FF480328240CF
:102270000748C0F80823BFF35F8FBFF36F8F03EAEF
:102280000100003818BF012070BD00BFE8500020D9
:102290000010014070B41249D1E90034D01AC318BB
:1022A00044F1000422F07F46C1E90034A6F5001392
:1022B000B3F5400F09D20B4B1B681A0A1B069C1979
:1022C000094B42F10005C3E90045EFF311812023DA
:1022D00083F31288BFF36F8F70BC02F00DBC00BF98
:1022E00030170020EC5000203817002011B3BFF346
:1022F0005B8F0123104A834052E800CF4CEA030C65
:1023000042E800C10029F7D1BFF35B8F0B4A4FF4BD
:1023100080338340C2F80433094BBFF35B8F1B68E3
:10232000BFF35B8FC340DB0742BF064B4FF4003265
:10233000C3F80021704700BFE850002000100140A2
:10234000E450002000E100E00D4B1868010A00068F
:10235000BFF35F8F0B4BD3F80435181841F1000120
:10236000B3F5801F0AD2084BD3E90023904271EBEA
:10237000030303D210F1807041F10001704700BFE8
:10238000EC50002000100140381700202DE9F04FDC
:1023900085B016461F469DF840A00446FFF754FF3F
:1023A0000190FFF7D1FFB04271EB07035ED23E4BC5
:1023B000301A67EB0101984271F1000109D36FF007
:1023C000150520460199FFF791FF284605B0BDE8A5
:1023D000F08F364B03EB0413D3E902239F4208BF6F
:1023E000964254D032494FF4803804F1500508FA2F
:1023F00004F8AD00C1F848832046ADB206F026F8D7
:1024000026F07F4B05F1804504F5A87305F5883566
:10241000DC464FF003090293029A2CF07F4341F807
:102420002230C1F84483D1F80435224A6FF002000B
:10243000C01A604420F07F40904228D9286868B1D3
:10244000D1F804350393A3EB0B0020F07F40B0F5E7
:10245000000F1CD9204605F0F9FF039BBAF1000FCD
:10246000ADD109EB030C09F10109D5E7BAF1000F71
:10247000A5D10123104ABFF35B8FA34052E8000FA0
:10248000184342E800010029F8D1BFF35B8F0749E8
:102490000E98230101EB0412C8500F9B5360C2E950
:1024A000026700258DE700BF010080002017002093
:1024B00000100140FDFF7F00E45000207FB51C4C60
:1024C0001C4BC4F80833C4F848331B4B00254FF0AD
:1024D000FF304FF0FF31C4F80855C3E902014FF453
:1024E0008033C4F80433154B02264FF40032012127
:1024F000C4F804631120C3F880212A46F1F7B2F82A
:102500001120F1F77FF80E4A0123A36023601360C6
:102510000C4B0D4A0093CDE9015500232846FFF7E7
:1025200035FF3046FEF7CAFB284604B070BD00BF39
:102530000010014003000F002017002000E100E020
:10254000E850002095220100FFFF7F002DE9F743AE
:102550002E4CD4F8043399070BD5D4F8043143B189
:102560002B4A0023C4F80431D4F804311368013332
:102570001360D4F80433DA0343D5BFF35B8F254BE4
:1025800053E8002F22F0010143E800100028F7D1A2
:10259000BFF35B8FD30702D4D4F840318BB300254F
:1025A000C4F84051D4F84031FFF7CEFEEFF311826A
:1025B000202383F31288BFF36F8F174BD3E9026791
:1025C000B042B94120D34FF0FF304FF0FF31C3E9A3
:1025D0000201D3E900981D604FF48033C4F84833FA
:1025E000C4F84051D4F8403182F31188BFF36F8FA3
:1025F000B9F1000F05D0CDF8008032463B460020EF
:10260000C84703B0BDE8F083A946EDE700100140DC
:10261000EC500020E45000202017002030B5431C6F
:10262000124C85B005D08442A8BF0446012CB8BF27
:102630000124FFF789FE0E4B0C4DD3E90013401A1D
:10264000B0F5000F10D22218AA4228BF2A4652180D
:102650004FF0000007490091CDE9010043F100036C
:10266000FFF794FE05B030BD2A46F0E7FFFF7F007C
:10267000301700209522010008B5FFF765FE024BD8
:102680001B68C01A08BD00BF3017002037B50469A9
:1026900094F835300D464BBB0B7B022B29D10B68D0
:1026A0000BBB94F834204B68D2B9134A591E91429F
:1026B00019D823630DF10701204606F0B6FC10F18E
:1026C0000C0F0BD0AB689DF8070013B1021D44F846
:1026D000223094F83430013384F8343003B030BD04
:1026E000226B9A42E6D06FF01500F7E76FF00F000B
:1026F000F4E76FF08500F1E7FEFFCF0710B5002289
:10270000046901211020F0F7ADFF00232046034AA1
:10271000BDE81040194606F064BC00BF2127010047
:10272000F8B50A4E0C46012704B9F8BD94FAA4F591
:10273000B5FA85F52B1D56F8233013B10448294608
:10274000984707FA05F524EA0504EDE7840400201C
:10275000609C0100024AD2F80034002BFBD0704785
:1027600000E0014010B54FF08053D3F83021082A23
:102770004ED14FF080420021C2F80C11C2F8101166
:10278000C2F8381502F54042D3F80414C2F82015F7
:10279000D3F80814C2F82415D3F80C14C2F828157D
:1027A000D3F81014C2F82C15D3F81414C2F830154D
:1027B000D3F81814C2F83415D3F81C14C2F8401515
:1027C000D3F82014C2F84415D3F82414C2F84815DD
:1027D000D3F82814C2F84C15D3F82C14C2F85015AD
:1027E000D3F83014C2F85415D3F83414C2F8601575
:1027F000D3F83814C2F86415D3F83C14C2F868153D
:10280000D3F84014C2F86C15D3F84434C2F87035CC
:1028100005F065FE18B1374B374AC3F88C2605F032
:102820005EFE18B1354BFB22C3F8182505F057FEA4
:1028300058B14FF080424FF08051D2F8E43ED1F8C9
:10284000581261F30303C2F8E43E05F048FE20B1DC
:102850002B4B4FF40072C3F840264FF08053D3F84F
:102860003031082B17D14FF08043D3F80024D20722
:1028700044BF6FF00102C3F800244FF08053D3F837
:102880003431042B81BF4FF01023D3F808224FF0CE
:102890008043C3F858254FF01023D3F80022002AB4
:1028A00003DBD3F80432002B22DA164901234FF060
:1028B0001020C1F804351224FFF74CFFC0F8004285
:1028C000FFF748FFC0F80442FFF744FF0023C1F8B8
:1028D0000435FFF73FFFBFF34F8F0B490B4BCA681F
:1028E00002F4E0621343CB60BFF34F8F00BFFDE7FC
:1028F00010BD00BF005000404881030000F00040C0
:102900000090024000E0014000ED00E00400FA0504
:10291000014B1860704700BFF050002010B5054B08
:102920001868144605F0EDFD0028A4BF20700020B3
:1029300010BD00BFF0500020024A01238340C2F8BE
:102940000435704700F00140014B00201B68184718
:10295000F4500020014B1B68184700BFF4500020C2
:1029600010B50C4C237993B9012323710A4B2060D5
:10297000002818BF184600F049F850B923680748E6
:10298000002BBDE8104008BF184600F08FB86FF06C
:10299000770010BDF450002049290100552901009D
:1029A00008B5064B1B683BB10020F0F74DFE18B987
:1029B000BDE80840F0F726BE08BD00BFF450002077
:1029C00038B54FF080440123C4F808336360002316
:1029D000C4F80031D4F8003142F21075D4F80C2458
:1029E000D4F80C34D20307D5DB0705D5012005F058
:1029F00086FD013DF2D138BD05F0E9FD0028FAD091
:102A0000014B00225A71F6E7FC50002010B508492E
:102A10000C794CB9012308600B7105F0D8FD08B999
:102A2000002010BD4C71FBE76FF07700F9E700BFA5
:102A3000FC5000204FF080430022C3F80021D3F85F
:102A40000021094901221A60096811B1C3F8042361
:102A50007047D3F80021002AFBD00022C3F80021E0
:102A6000D3F80031704700BFFC50002010B54FF084
:102A70008043D3F80423D20715D5D3F8002192B1AF
:102A80000022C3F800210121D3F80021C3F8081364
:102A900005F09DFD044B10B15A7922B95971BDE87A
:102AA00010401B68184710BDFC500020074A1379DE
:102AB00043B90121106011714FF080421846C2F8ED
:102AC000183570476FF07700704700BF0451002041
:102AD00010B54FF080431D4CD3F81814D3F81824C8
:102AE00011F4803F1AD002F00302012A01D092B9FA
:102AF00000224FF08043C3F818250022C3F80421B8
:102B0000D3F8042101229A6022688AB9D3F80421FB
:102B1000002AFBD014E005F06BFDE9E7D3F814249C
:102B2000D107E5D5D3F81C249207F4D422681AB152
:102B30000222C3F8042310BDD3F80421002AFBD0DD
:102B40000022C3F80421D3F80431F4E70451002033
:102B5000F8B54FF08043194FD3F80443012504F032
:102B60001A04002604B9F8BDB4FA84F0C0F11F00BD
:102B7000830003F580739BB203F1804305FA00F2F2
:102B8000196892B224EA02040029EBD01E601B6887
:102B90004FF08043022AC3F808230BD1D3F818144E
:102BA000D3F81814890705D1C3F81855C3F80423BE
:102BB0009D60D7E73B68C0B29847D3E70451002037
:102BC000036803F01F025B09026004D0012B034875
:102BD00018BF002070474FF0A0407047000300501E
:102BE000034A430900F01F00D35C1844C0B2704789
:102BF00099CD0100024611F0010030B515D18B07C7
:102C0000C1F3400022D51249D1F8200550604FF0A1
:102C10008052C1F82005D2F83021082A08BFD1F827
:102C20002025003818BF012010E04FF0A0444FF0DD
:102C30008055D4F820351360C4F82035D5F83051CC
:102C4000082D08BFD4F82045002BD8D030BD00BFD8
:102C500000030050F7B504460846FFF7C1FF04EB38
:102C600040060D46B38ADB072AD5204605F0D3FD82
:102C70002946204605F02FFD50B1204605F041FDC4
:102C8000276807EB80000023C0F81035C0F8103526
:102C90002946204605F05EFD0021B18201A801957C
:102CA000FFF78EFF019B00EB8300074BD0F8002756
:102CB000134043F00203C0F80037084603B0F0BDEC
:102CC0006FF01500FAE700BFF0F8FCFF014805F0CF
:102CD00036BC00BFC004002010B504480C4605F007
:102CE00010FC0028A4BF2070002010BDC0040020EC
:102CF0002DE9F04F074689B057F8049BD9F8041323
:102D0000C9B28346082241F00041484605F05BFD08
:102D1000051E2FDA0023032106A8CDE90633FFF7AD
:102D200069FF634B01930DF118084FF0000A019AF7
:102D3000604912F8013B0192DA0803F007038A5C4C
:102D400022FA03F3DB071CD40AF10103022B08F17A
:102D500004084FF0010AEAD14FF000410022484632
:102D600005F031FD032106A8FFF744FF0028D8D164
:102D700025F000450124002D40F0848009B0BDE815
:102D8000F08F4D4B53440293D8F80060002EDBD0F7
:102D9000029B96FAA6F61C78B6FA86F646EA441422
:102DA0002046FFF71DFF0BEB4000F208818A18F860
:102DB00002000594C1F382030393009306F0070613
:102DC000012303FA06F620EA060008F8020005A827
:102DD000FFF7F6FE059A039B02F5E07211F0100F63
:102DE00050F82260C6F3014633D0009A3846214697
:102DF00005F091FC05A80594FFF7E2FE059B03F59D
:102E0000E073F6B250F82330C3F301439E4207D17A
:102E10000021204605F050FC3146204605F04CFCD0
:102E200005A80594FFF7CCFE059B012202FA03F3E7
:102E3000C0F820354FF08053D3F83031082B01BF54
:102E4000D0F82035D0F82035D0F82035D0F820350E
:102E50009AE7022E14BF022103212046039305F0B6
:102E60002BFC039B032B03D0022E07D1012BD7D1C0
:102E7000009A2146384605F04EFCD1E7032ECFD10B
:102E8000022BF4E795FAA5F3B3FA83F304FA03F2FD
:102E900025EA020503F5A2720BEB430359F8222041
:102EA000B3F87C10C2F30142384605F034FC62E707
:102EB000A9CD0100A0A90100A9CD0100036803F07C
:102EC0001F025B09026004D0012B034818BF0020D9
:102ED00070474FF0A04070470003005007B50190C5
:102EE00001A8FFF7EBFF019B00EB8300054BD0F837
:102EF0000027134043F00303C0F8003703B05DF828
:102F000004FB00BFF0F8FCFFCB7B37B50446002B79
:102F100038D10B7B0878012B6ED805F062FE0B7858
:102F2000019301A8FFF7CAFF019B00EB8300384B18
:102F3000D0F80027134043F00103C0F80037487869
:102F4000FF2804D005F04DFE4878FFF7C7FF8B78C7
:102F5000FF2B0FD001A88D7B0193FFF7AFFF019BE3
:102F600000EB83002A4BD0F80027134043EA850387
:102F7000C0F80037C878FF2804D005F025FEC878CF
:102F8000FFF7ACFFCB7884F822300B7C9BB94B78F1
:102F900020680D78FF2B18BF1A468B78C0F80855AB
:102FA00008BF4FF0FF32FF2B08BF4FF0FF33C0F8D0
:102FB0000C25C0F8103523688A68C3F824254B7B9C
:102FC0000A7B2068003B18BF0123022A17D0032A7E
:102FD00018D0012A01D143F00203C0F854354B79CF
:102FE00084F82330636883B1206840F3073003B06E
:102FF000BDE83040F0F706BB05F0E6FD8FE743F093
:103000000403EAE743F00603E7E703B030BD00BF7F
:10301000F0F8FCFF07B5019001A8FFF74FFF019BF7
:1030200000EB8300054BD0F80027134043F0020368
:10303000C0F8003703B05DF804FB00BFF0F8FCFFF8
:10304000036803F01F025B09026004D0012B0348F0
:1030500018BF002070474FF0A04070470003005099
:1030600037B51446421C054618D0012902D1BBB120
:1030700005F023FF01A80195FFF7E2FF019B0A4A33
:1030800000EB8300A300D0F8005743EA41030B4351
:103090002A40134343F44073C0F8003703B030BDF7
:1030A00005F018FFE6E700BFF0F8FCFF104B984270
:1030B0001BD011D80F4B984217D008D80E4A0F4B8F
:1030C000984218BF90420CBF0120002070470C4B63
:1030D000C31A5842584170470A4B984205D002D84B
:1030E000094A0A4BECE70A4BF2E70120704700BFA0
:1030F00080841E0020A1070090D0030048E8010052
:1031000040420F000024F40000127A0000093D0044
:103110000048E8012DE9F84F91F8213007460C46A8
:10312000002B00F0968091F822806569674B9D42E4
:1031300000F0A88000F29880654B9D4200F0A580C9
:1031400000F28A80634B9D4200F0A280624B9D4258
:1031500014BF4FF080454FF0806594F8232097F816
:10316000223062F3000387F82230227CDBB262F364
:10317000410387F8223094F823600EBB237E206839
:10318000012B94BF0023012301213246FFF768FF82
:10319000606833463246FFF763FFA27EA06833467D
:1031A0003146FFF75DFF237CE06883F00103324680
:1031B0000121FFF755FFE0690B463246FFF750FF4C
:1031C00094F82130002B6CD04FF0FF337B6294F8E1
:1031D000211094F812E0207E627E00296BD0E66810
:1031E000217C94F8249094F820C03B68B9F1000F3A
:1031F00012D1D4E900BAD4F80890E469C3F808B54C
:10320000C3F80CA5C3F81095C3F86C45C3F8146552
:10321000C3F86815C3F86485003A18BF0122022874
:10322000C3F8C0E5C3F8245548D0032849D0012885
:1032300001D142F00202C3F85425C3F860C57B688F
:10324000002B41D03868BDE8F84F40F30730F0F765
:10325000D9B94FF0020868E7204B9D4214BF4FF0E8
:1032600080454FF0805578E71D4B9D4213D01D4B94
:103270009D4213D01C4B9D4214BF4FF080454FF030
:1032800000456AE74FF0005567E74FF0006564E7D7
:103290004FF0007561E74FF020655EE74FF0A055F5
:1032A0005BE7E3687B62227C97F8223062F341039C
:1032B00087F822308BE74FF0FF3692E742F00402A6
:1032C000B9E742F00602B6E7BDE8F88F80841E0039
:1032D00020A1070048E8010090D0030040420F0001
:1032E0000024F4000048E80100127A00431C07B5EE
:1032F0000ED0019001A8FFF7A3FE019B00EB830015
:10330000054BD0F80027134043F00203C0F8003704
:1033100003B05DF804FB00BFF0F8FCFF38B50446CD
:10332000006840F30730F0F77BF9636843B121464A
:103330001A4A51F8043BC3F80823206805F0D7FD6A
:103340002368D3F80805D3F80C15D3F8105594F872
:103350002230DB0714D4FFF7C9FF2846FFF7C6FF6A
:103360000846FFF7C3FF606AFFF7C0FF2368D3F882
:103370006C05D3F81415FFF7B9FF0846FFF7B6FF41
:1033800005F03BFD28B1064A2368934204BF0122A1
:103390005A60002384F8203038BD00BF5201080075
:1033A00000F00240F0B590F8213085B005460E4699
:1033B0001746002B40F0CF8043682BB112F0140F5A
:1033C00004BF012380F8213096E80F0005F11004B6
:1033D00084E80F00686A441C05D095F822309907EC
:1033E00017D505F06AFD31682C6821B101F0604302
:1033F000B3F1005F06D1B36873B103F06043B3F17A
:10340000005F09D0002385F821306FF00C0005B073
:10341000F0BD05F05FFDE6E705F0EFFC38B34F4B7C
:103420009C4224D14FF080437268D3F8000E4C4B7D
:103430001860E2B14B4821F4FF5323F01F0383428D
:1034400077D85018DFF820C1C3F34F3101228A40EA
:10345000002103F50053984241EA02014FEA42027B
:1034600001D96345F5D34FF08043C3F8001E17F030
:10347000010318BF0123C4F8503517F0020318BF29
:103480000123C4F84035D6E900C0D6E90212002372
:10349000C4F844C517F01C0FC4F84805C4F8341527
:1034A000C4F83825C4F81831D4F8183144D1D4F808
:1034B0000035073B18BF012395F8226063F38206AD
:1034C00085F82260072317F00806C4F8003512D1EA
:1034D0006B684FF0010EC4F810E063B9D4F81831EE
:1034E000002BFBD0CDE90212CDE900C06A46402195
:1034F000204605F0A4FC6B681BBB05F07EFC40B1C8
:10350000164B9C4201BF164B1A684FF08043C3F81C
:10351000002E686A421C05D095F822309B070DD515
:1035200005F0D8FC1EB9291D204605F0E0FC00205E
:103530006DE74FF4807196E70123BDE705F0BDFC10
:10354000F0E717F0040F4FF0400314BFC4F808333E
:10355000C4F80433EBE76FF00F0058E700F00240C7
:103560000C510020FFFF00200020012070B5024612
:10357000044652F8105B4021284605F060FC38B341
:1035800005F03BFC40B1134B9D4201BF124B1A6842
:103590004FF08043C3F8002E606A421C05D094F8B7
:1035A00022309B0711D505F095FC94F821301BB112
:1035B000211D284605F09BFC2046002300F80C3F07
:1035C000D4E90131BDE87040184705F076FCECE71E
:1035D00070BD00BF00F002400C5100200368034A98
:1035E00001F5C07143F82120704700BF3546526E87
:1035F00010B50446EFF792F90348044A012102F09E
:10360000CAFE204605F069FDE09F01007FC8010069
:103610002DE9F843044600AF0D46EFF3118820234F
:1036200083F31288BFF36F8F04282A4A98BF2A4B6E
:103630009668117C94BF53F82030284BE9468AB035
:103640006A462748CDE9073140F20133ADF824300E
:10365000244BCDE9050442F8103F234800234FF4E2
:103660003151EFF729FACD4645B1EB69C3F30803B1
:1036700023B11E4A1C48012102F08DFE2EB13046B6
:1036800005F0D2FE08B1037803B91948E9468AB0BB
:103690006A46184B0790CDE9053640F20133ADF884
:1036A0002030154B42F8103F00230F484FF41151C2
:1036B000EFF702FA2946CD462046FFF799FF88F337
:1036C0001188BFF36F8F3046F0F778F8BD46BDE83C
:1036D000F88300BF10510020A4A90100CDBB010058
:1036E0008EC8010005000001E09F0100B6C801007E
:1036F00038BA0100D7C801000400000138B50A4BF0
:1037000053F82040013053F82050A54200D838BD6E
:10371000606830B1037EDB0701D405F0BBFC0834E0
:10372000F3E723689847FAE7B8A9010070B52F4B73
:103730002F4C304D86B0012203201A70FFF7DEFFB8
:1037400001F01AFCAC4219D10420FFF7D7FF2A4C34
:103750002A4D2646AE4204F1300415D300F0F2FEA5
:10376000254CAC422CD300F001FFEDF765F9244A5B
:10377000938923F00103938106B070BD54F8043B94
:10378000002BE1D09847DDE754F80C3C059354F842
:10379000103C049354F8143C039354F8183C0293DF
:1037A00054F81C3C019354F8203C009354E90A233C
:1037B00054E90C0100F098FC54F8303C5E65C8E711
:1037C000D4E90A23B3F1FF3F08BFB2F1FF3F05D0B0
:1037D00052EA0301206803D105F005FF3034C0E749
:1037E0000849183001F0F8F8F8E700BF1859002030
:1037F000149F0100289F01006C9E01006C9E010037
:10380000F81700200595010070B5174E174D18499F
:1038100086B0B82303FB0066164B059301220F23E5
:10382000CDE903320023CDE90133142303FB005516
:1038300004464FF4C07000FB04110F4B00954FF489
:10384000A072304600F050FC337C0C4AEE6023F04E
:10385000040333744FF4046304FB033313442C74E4
:103860006B6006B070BD00BF4017002010510020F3
:10387000C094002039C9010037910100808C0020DC
:103880007FB50020FFF73AFF294B83F30888294CC6
:10389000636943F4007363610025E02384F82230F8
:1038A000E57725766576A57684F82050636A43F43B
:1038B000E023636284F82350EFF760FEEFF768FFC0
:1038C0004FF0FF33A362E362F0F79CF8EFF7E2FFFB
:1038D000EEF77EFF1848194C00F0A8FC0120FFF716
:1038E0000DFF0220FFF70AFF00F06AFE144B154996
:1038F0005C61154B059301234FF48062CDE90353BE
:10390000CDE90155114B0095204600F0EDFB237CDD
:10391000064623F004032046237405F0BFFD284625
:10392000FFF772FF094A31462046EFF711FF00BF4B
:10393000C094002000ED00E0B0180020F81700202F
:1039400010510020409600203EC901002D37010093
:1039500038B5064C064DAC4201D3002038BDD4E941
:103960000112204605F0C1FB1834F4E78805002059
:1039700088050020F7B50E4604469DF82010EFF3A9
:103980001187202080F31288BFF36F8F656A20694A
:10399000854245D22568AC4219D0C5B1284605F00C
:1039A000D5FB05F1180005F078FEE268686931463C
:1039B00006F017F80023C5F8B030284605F06EFD74
:1039C00004F10800394605F0CBFD002036E0E2683E
:1039D000D9B1206A314606F004F8236AE26813443C
:1039E000A2692362934201D163692362636A01334E
:1039F0006362102104F1280005F0CDFF0028DFD11B
:103A000087F31188BFF36F8F18E0E069636998420C
:103A100008BFA069801AE061314605F0E2FFE5E7E2
:103A200052EA03010CD00849896804F108004E618C
:103A3000CDE900233946224600F0E2FC03B0F0BD98
:103A40006FF02200DCE700BF10510020F7B50446FC
:103A50000846EFF31186202181F31288BFF36F8FA0
:103A6000616A00293BD0E268E16905F0BAFFE369C9
:103A7000E26825681344A269E361934204BF636965
:103A8000E361636AAC4203F1FF33636236D02846D8
:103A9000002D34D005F05AFB05F1180005F0FDFDAE
:103AA0006969E268206A05F09CFF236AE2681344B2
:103AB000A2692362934204BF63692362636A002799
:103AC000013363622846C5F8B07005F0E7FC04F1E5
:103AD0000800314605F044FD384603B0F0BD52EA17
:103AE000030111D00A4989684861CDE900233146B4
:103AF000224604F1080000F083FCEEE7002086F384
:103B00001188BFF36F8FE8E76FF02200F7E700BF7F
:103B1000105100202DE9F341044617461E46EFF3ED
:103B20001188202383F31288BFF36F8F304BC26854
:103B30009B6872B18068984217D057EA060216D186
:103B400088F31188BFF36F8F6FF00F0002B0BDE8EC
:103B5000F08193F90E1021610132C4E9023288F339
:103B60001188BFF36F8F0020F0E72169F3E793F925
:103B70000E1090F90E30994230DA9942A8BF1946DA
:103B800005F00CFB0546CDE900761A482246414671
:103B900000F036FC0028E6D0EFF31186202383F3F3
:103BA0001288BFF36F8FA068D0B1236821699C424F
:103BB0000AD04BB193F90E309942A8BF19466FF065
:103BC0007F039942B8BF194605F0E8FA40B10948A9
:103BD000314605F0C5FC6FF00A00B7E70025D2E7D3
:103BE000002DF4D186F31188BFF36F8FF3E700BF88
:103BF0001051002019590020F8B583680546002BA4
:103C000040D0234A926893423FD1C368012B03D925
:103C1000013BC3600020F8BDEFF31187202383F33D
:103C20001288BFF36F8F0169806805F0B7FA2C68BE
:103C3000A54207D10023C5E9023387F31188BFF3FA
:103C40006F8FE7E7002CF5D0D4E9003213605A609B
:103C5000237C002623F002032374C4E90066A660D7
:103C600004F1180005F019FDAC6094F90E302B61D9
:103C70002046C4F8B06005F011FC0648394605F04E
:103C80006FFCC7E76FF01500C5E74FF0FF30C2E7E4
:103C9000105100201959002037B5EFF3118520216C
:103CA00081F31288BFF36F8F04689CB12368426868
:103CB00023F003039442036008BF436001212046C0
:103CC00005F0F7FA044685F31188BFF36F8F20469D
:103CD00003B030BD52EA0301F5D0CDE900232946F7
:103CE00000F10C02083000F08BFB0028EFD1024BF2
:103CF0009B685C69EBE700BF1051002070B5EFF3E3
:103D00001186202383F31288BFF36F8F0468A042CB
:103D10001BD0D4B1D4E9003213605A60237C002553
:103D200023F00203C4E900552374A56004F11800D0
:103D300005F0B3FCC4F8B050204605F0AFFB3146A7
:103D40000A48BDE8704005F00BBCD0E902329A4247
:103D500018BF013383600221103005F01CFE0028DB
:103D6000EDD186F31188BFF36F8F70BD1A59002013
:103D700013B5EFF31181202484F31288BFF36F8F02
:103D8000846844B1013C846081F31188BFF36F8F74
:103D9000002002B010BD52EA030406D181F311885D
:103DA000BFF36F8F6FF00F00F3E7CDE900230246FA
:103DB000014800F025FBECE71A590020F8B505464C
:103DC000EFF31186202383F31288BFF36F8F002750
:103DD0002C68A54219D0C4B1D4E9003213605A60EE
:103DE000227C002322F00202C4E900332274A36083
:103DF00004F1180005F051FC6FF00A03C4F8B0306C
:103E0000204605F04BFB0127E2E70023AB600221CF
:103E100005F1100005F0BFFD28B927B986F3118818
:103E2000BFF36F8FF8BD31460248BDE8F84005F09A
:103E300097BB00BF1A5900202DE9FF41544E04469C
:103E40002027EFF3118887F31288BFF36F8FD4F820
:103E5000BC50F5B9022104F1D40005F09BFA00280A
:103E600070D004F1CC0500220121284605F0DBFBCF
:103E70000028F8D1002302934FF0FF324FF0FF33B8
:103E8000CDE90023414604F1C402424800F0C6FCDB
:103E9000D7E7D4F8C0202B68C4F8BC30954208BFDF
:103EA000C4F8C030D4F8D43043F00203C4F8D4309E
:103EB000EB6823F0040343F00103EB606B6888F3C5
:103EC0001188BFF36F8F28469847EFF3118887F367
:103ED0001288BFF36F8FEB68D80623F001023ED43F
:103EE000EA60EB689A0717D5306823F00203EB60AD
:103EF00090B10368002178B1426895423DD10368D2
:103F0000002934D172683360904200D1736000237D
:103F100040F8083BFFF7F2FED4F8D43023F0020358
:103F2000C4F8D430DB0530D4D4F8BC30003B18BF23
:103F3000012388F31188BFF36F8F002B81D000F02D
:103F400047FB7EE7D4F8D430D90693D5C4F8D40023
:103F500088F31188BFF36F8F04B0BDE8F08123F0C0
:103F60001103EB6005F11000FFF7C8FEB9E70B6025
:103F70007368984208BF7160C9E701461BB11A68AF
:103F800018461346B7E71A46FAE70023D1E700BF01
:103F9000345100201B590020F8B5C3689A07044625
:103FA0000E46C3F3400542D45F0742D40B680BB9F9
:103FB00083680B60E368D80744BFA3683360376841
:103FC0004CBF0225012557B31B4B9A68D7F8B83070
:103FD0009A421ED105F022FA80F00100C0B2D7F853
:103FE000D430D907C3F380021CD5F2B1F8B1002355
:103FF0002360D7F8C03073B9C7E92F44384605F0BD
:10400000D4F9E36843F00403E3603368A36028460F
:10401000F8BD0020E3E71C60C7F8C040EEE76FF092
:10402000150506E06FF0120503E01B07DFD56FF002
:104030000F0500233360EAE71051002001460148D4
:1040400005F0D6B988190020F0B589B004460020E3
:10405000C4E92F000E9D04F1C400C4E9310004F14D
:10406000CC00C4E9330055B32879002840F2011090
:1040700008BF0120C4F8D40000204FF0FF364FF0F5
:10408000FF37CDE90330CDE90100CDE906670D4BDF
:104090000094204600F09EF855B1296811B12046E1
:1040A00000F012F86B791BB1A38943F00103A381DF
:1040B000204605F098FAC4F8B84009B0F0BD0120D8
:1040C000D8E700BF393E010010B5044608B9054BDA
:1040D0009C681F2204F1780005F0A9FC002084F8F8
:1040E000970010BD105100202DE9F04F073285B028
:1040F00022F0070204461E467F3200F15803C0E951
:10410000163322F03F02129BA38100200D46119B23
:10411000DDF838A0139FA06004213F2AC4E90600FF
:104120002174A373E07305F14009A2F1400B05D897
:1041300080F31188BFF36F8F084602DF05EB02089A
:1041400041462046EEF7CEFF0730109B20F00700D7
:10415000C4E9269BC4F8A00002930F9BA8EB000BB8
:10416000CDE900A35A46334629462046EFF7BCFA6C
:104170000F9BE3664FF00008109BC4F85480C4E91D
:10418000196A2367EFF31182202181F31288BFF3AC
:104190006F8F0F4D296A61672C6282F31188BFF31C
:1041A0006F8F8FB11F22394604F1780005F03FFC74
:1041B00084F89780AB680BB1D3F8A430C4F8A4306E
:1041C000584605B0BDE8F08F84F87870F2E700BF7C
:1041D00010510020F0B587B000250595109D04957D
:1041E0000F9D03950E9D0295DDE912760D9D0195BB
:1041F0000C9D00950446FFF777FFB6F1FF3F08BF1F
:10420000B7F1FF3F05D056EA070305D1204605F078
:10421000EAF9204607B0F0BD3A46334604F11800EB
:10422000014900F0D9FBF4E705950100012303746F
:1042300083810023C0E92633C0F8A430014B986085
:10424000704700BF105100200A4A93686FF00A01BE
:10425000C3F8B0100849C3F8AC004B6843F0805372
:104260004B60002383F31188BFF36F8F9368D3F8FB
:10427000B00070471051002000ED00E070B590F9DB
:104280001020037C002A2FDBD9062DD11A4C63F0B5
:104290007F032246037452F8183FE169934207D125
:1042A000C0E900210860E0610FE09942F8D01B6886
:1042B000002BF5D093F90E6090F90E50AE42F4DD6C
:1042C0005968C0E9003108605860A569954200D07E
:1042D00005B9E568A3681A7CD20606D1DA897F2A77
:1042E00003D9AA690AB9636170BDAB4202D02846FE
:1042F00000F0D6FA6561F7E71051002038B590F963
:104300001020037C002A014604DA03F07F030374C3
:1043100005F08CF80D4D2A46AB6852F8184F9442C0
:1043200000D004B9EC688B4207D01A7CD20604D1C5
:10433000DA897F2A01D9A2692AB1A34202D0204694
:1043400000F0AEFA23466B6138BD00BF105100206B
:10435000B3F1FF3F08BFB2F1FF3F03D0024918306D
:1043600000F03ABB704700BF05950100034648B90D
:10437000EFF3058232B9064A51699268914201D041
:10438000FFF762BF83F31188BFF36F8F704700BFE1
:104390001051002038B5184CA168E0690B688142C3
:1043A00014BF1A46002249680B605960A368E1698E
:1043B0002AB9124AC3E900210B60E3610AE092F9CD
:1043C0000E5093F90E00854212DD5168C3E90021B9
:1043D0000B605360A569094B9D4200D005B9E568A3
:1043E000A3689D4202D0284600F05AFA656138BDA4
:1043F0008A42DED01268DBE71051002028510020ED
:10440000F8B50E4B0C4611460D4A98681060DDE970
:104410000667EFF31182202282F31288BFF36F8FB9
:104420009D68284605F014F8284632463B46FFF7BB
:104430008FFF2046BDE8F840FFF706BF105100206F
:104440003C510020F8B50446EFF31187202383F395
:104450001288BFF36F8F037C03F01F02002A0CBF8A
:104460000126002649B235D103F07F03037404F01E
:10447000DDFF294D037C817363F07F032A460374BB
:1044800052F8183FE869934207D1C4E9002004605C
:10449000EC610DE09842F8D01B68002BF5D093F941
:1044A0000EC08C45F6DD5968C4E900310C605C60D3
:1044B000AC69944200D004B9EC68AB689C4202D06D
:1044C000204600F0EDF96C6187F31188BFF36F8F20
:1044D0003046F8BD9B071CD5856804F0A7FF8173A3
:1044E0002B689D4209D16B68C4E900531C606C6065
:1044F000EAE76A689A42F6D01B68002BF3D093F97A
:104500000E208A42F5DD5A68C4E9003214605C600E
:10451000DAE78173D8E700BF10510020034648B99D
:10452000EFF3058232B9064A51699268914201D08F
:10453000FFF78ABE83F31188BFF36F8F704700BF08
:1045400010510020EFF31181202383F31288BFF371
:104550006F8F054B9A68D37B013BD37381F311882E
:10456000BFF36F8F704700BF1051002070B5EFF39D
:104570001186202383F31288BFF36F8F0F4DAB6832
:10458000DA7B0132DA732A4652F8184F944200D08F
:1045900004B9EC681A7CD20604D1DA897F2A01D9E1
:1045A000A2692AB19C4202D0204600F079F9234644
:1045B0006B613046BDE87040FFF7D8BE1051002057
:1045C000024B03F11802C3E9062270471051002084
:1045D00070B5EFF31186202383F31288BFF36F8F3A
:1045E0001A4CA168E0690B68814214BF1A46002288
:1045F00049680B605960A368E1692AB9144AC3E9A4
:1046000000210B60E3610AE092F90E5093F90E006D
:10461000854216DD5168C3E900210B605360A5692E
:104620000B4B9D4200D005B9E568A3689D4202D0BE
:10463000284600F035F965613046BDE87040FFF767
:1046400003BE8A42DAD01268D7E700BF10510020BB
:1046500028510020F8B550EA010306460C4603D164
:10466000FFF7B6FF0020F8BDEFF31187202383F397
:104670001288BFF36F8F124D124BA8681860FFF7B6
:104680003DFEA868104923463246183000F0A4F9D0
:10469000AA68137C43F00403137404463846FFF7FA
:1046A000D3FDAB68D3E90A23B3F1004F08BF002A5A
:1046B000D8D105F027F8201A20EAE070D3E700BF30
:1046C000105100203C51002005950100014B9868D5
:1046D000704700BF105100202DE9F8430446878938
:1046E000EFF31186202383F31288BFF36F8F037CCF
:1046F000190705D586F31188BFF36F8FBDE8F883DE
:10470000D90943F0080272D10274A36813B120469C
:1047100004F094FE04F1180004F0BFFFA56D04F14D
:104720005808A84511D04FF0000975B1284604F08B
:1047300085FE05F1180004F0B0FFC5F8B0902846DA
:10474000FFF79CFDA56DA845EFD1DFF8C480D8F830
:1047500008309C4253D1EFF30589B9F1000918BF25
:104760004FF00109D8F818502A4A954200D00DB9E7
:10477000D8F80C50AB4202D0284600F091F8204601
:10478000C8F8145001F0F5FE204600F0D9F8B9F150
:10479000000F02D02048FFF749FDD8F808309C42AE
:1047A00030D1EFF305836BBBA289D20711D586F315
:1047B0001188BFF36F8F83F31188BFF36F8F0423CA
:1047C000184602DFEFF31186202383F31288BFF32C
:1047D0006F8F3046FFF738FDFB078FD5002383F33B
:1047E0001188BFF36F8F0423184602DF86E703F0BA
:1047F0007F0343F00803037404F018FE85E74FF0CD
:104800000009AFE786F31188BFF36F8FE4E700BFBD
:104810001051002028510020B0180020D3B5DDE948
:104820000667089CCDE90067FFF7EAFD1CB1034B62
:104830009B685B69236002B0D0BD00BF10510020AF
:10484000027C12F01F02034610D10A4988420DD0A3
:104850000949086868B1D9897F2909D893F90E20D8
:10486000064B1B689A42B8BF002070470020704773
:104870001046704740170020C4040020405100201B
:10488000044BC01A044BC0105843044B01221A5465
:10489000704700BF68190020ABAAAAAA1C590020C3
:1048A00070B50C4B0C4D1E7CFFF7CAFF182303FBA1
:1048B00006550446284604F0F0FE084B00229A559F
:1048C0003CB1621E28460649BDE87040D31700F08F
:1048D00083B870BD10510020681900201C590020B9
:1048E0008148010038B5EFF31185202383F3128846
:1048F000BFF36F8F0F4B104A9C681068A04206D11F
:10490000FFF7CEFF85F31188BFF36F8F38BD00210D
:104910001B7C1160094AD35C002BF3D02046FFF7C3
:104920008FFF0028EED0237CDB0601D1FFF732FD9C
:104930002046E5E7105100203C5100201C59002082
:10494000EFF31181202383F31288BFF36F8F0A4A9C
:10495000136A834207D15B6F136281F31188BFF33F
:104960006F8F70471346002BF7D05A6F8242F9D1F0
:10497000426F5A67F1E700BF10510020024B1868E0
:10498000984208BF00207047C8040020034B1B68F2
:104990000BB9FDF771BE0020704700BF44510020E5
:1049A00030B570B10B4B5B6898420AD0036843B1D5
:1049B000D3E90421D0E90445121941EB0501C3E90B
:1049C0000421D0E9003213605A600023C0E90033AB
:1049D00030BD00BFC8040020B3F1FF3F08BFB2F1F3
:1049E000FF3F2DE9F84F0446994615461F467AD0F9
:1049F0008160EFF31188202383F31288BFF36F8F58
:104A0000B9F1000FDFF8E4A020DBFFF7BFFFDAE920
:104A10000027013549F100092D1849EBE073C4E97D
:104A20000453AD18064643EB07074FF00109FFF7A3
:104A3000A5FFDFF8BCE0DEF804A00346EBB9C4E94B
:104A400000EACAF80040CEF8044028E0DAE9001293
:104A50006FF001035B1A4FF0FF3161EB02025B1B49
:104A600062EB0902012B72F10001BCBF012300229D
:104A7000C0E904324FF00009D9E7D3E9041CD4E9B6
:104A800004208A4270EB0C0B24DA891A5A686CEB0A
:104A90000000C3E90410C4E9003214605C60FFF751
:104AA0006DFF84420ED1134B1B685BB9B9F1000F47
:104AB00002D1FFF76BFF0646304604F0D7FD002118
:104AC000FDF7ACFD88F31188BFF36F8F2846394698
:104AD000BDE8F88F521A60EB0C005345C4E904207E
:104AE000ADD01B68AAE700252F46EFE7801900200C
:104AF000C8040020445100202DE9F047DFF8A890B9
:104B0000DFF8A880C9F800000246FFF737FF0D461E
:104B100000260027D8E900134FEAE27E50B1D0E921
:104B2000044CA2427EEB0C0A1BDAA41A6CEB0E06B4
:104B3000C0E9044652184FF0000443EB0E03204630
:104B4000C8E90023C9F8004004F090FD2146FDF7B4
:104B500065FD85F31188BFF36F8FBDE8F047FFF760
:104B6000C1BE611843EBE473C0E90467C8E90013F0
:104B7000FFF716FF01224FF00043C0E9042385F33D
:104B80001188BFF36F8F83689847EFF31185202357
:104B900083F31288BFF36F8FD9F80020121BC9F876
:104BA0000020FFF7EBFEB5E74451002080190020FC
:104BB00010B5EFF31184202383F31288BFF36F8FB6
:104BC000FFF7E4FE054A0346D2E90001181841EB5D
:104BD000E37184F31188BFF36F8F10BD801900203B
:104BE000F8B50446EFF31187202383F31288BFF34F
:104BF0006F8FD0E90423B3F1004F08BF012A04D01E
:104C000087F31188BFF36F8FF8BDD0E90A566A1C8D
:104C100046F10003022A73F1000334D3013D46F14B
:104C2000FF36002EBCBF00252E4604F06FFD01307C
:104C300041F10001401946EB0101012871F1000129
:104C400048DB04F063FD013041F100016FF0020325
:104C5000401946EB010183426FF000438B413EDB7C
:104C600004F054FD013041F100016FF001024019E0
:104C700046EB0103121A4FF0FF3161EB03031A49AF
:104C80002046FFF7A9FE236B01332363236A63B138
:104C900087F31188BFF36F8F20469847EFF3118792
:104CA000202383F31288BFF36F8F54F8185FA54257
:104CB000A6D0002DA4D0284604F0FFFB0023C5F8A1
:104CC000B03087F31188BFF36F8F2846BDE8F840F6
:104CD00004F0E4BB6FF001024FF0FF33CFE7002296
:104CE0004FF00043CBE700BFE14B01002DE9F0415D
:104CF00005461C4690461F46EFF31186202383F39A
:104D00001288BFF36F8FB4F1FF3F08BFB2F1FF3FCE
:104D100005D186F31188BFF36F8FBDE8F081002CB9
:104D200009DB012A74F10003BCBF0122002412F147
:104D3000FF3844F1FF37284604F0AFFCDDE90601F7
:104D40000023C5E90A012B6342463B462846024937
:104D5000FFF742FEDDE700BFE14B010070B50546FD
:104D6000EFF31184202686F31288BFF36F8F04F0CF
:104D700094FC20B184F31188BFF36F8F70BD6B6A10
:104D800063B184F31188BFF36F8F6B6A284698472D
:104D9000EFF3118486F31288BFF36F8F05F11800CB
:104DA00004F0C0FB0028E5D004F078FB214602485F
:104DB000BDE8704004F0D4BB1D590020F0B51423A9
:104DC000154E03FB01000024202701B9F0BD10F8A7
:104DD000073C40F80C4C03F03F03102BA0F1140CDF
:104DE0000CD826FA03F3DB0708D550F8143C2BB196
:104DF00050F8105C2B605D6040E9054482F3118837
:104E0000BFF36F8FEFF3118287F31288BFF36F8FB9
:104E100001396046D9E700BF160101002DE9F74FBF
:104E20001D46274B9F68012387F8603087F8613063
:104E300052EA050316460CBF0123002307F1600266
:104E4000804604F0DEFC8146EFF3118B4FF0200A20
:104E50008AF31288BFF36F8F97F860404CB9014610
:104E60005A464046FFF7AAFF8BF31188BFF36F8FB6
:104E70000BE0002387F8603056EA050309D18BF375
:104E80001188BFF36F8F6FF00A04204603B0BDE8AE
:104E9000F08FCDE900650B4A0B485946FFF7B0FA91
:104EA0000446EFF311858AF31288BFF36F8F2A4609
:104EB00049464046FFF782FF85F31188D6E700BFD9
:104EC00010510020D00400201E59002010B50346C8
:104ED000EFF31184202282F31288BFF36F8FC16039
:104EE000012181600068834205D184F31188BFF3FA
:104EF0006F8F002010BDD0E9003213605A6000238C
:104F0000C0E9003304F004FD0248214604F028FB08
:104F1000EFE700BF1E590020F8B507460C461646BD
:104F200004F07CFA08B10020F8BD0E4B9B68D3F862
:104F3000A450002DF7D0221DF5D2EFF311842023C9
:104F400083F31288BFF36F8F47F004012846B04700
:104F500084F31188BFF36F8F0028E4D040F8045B1E
:104F6000E2E700BF105100200146024A0020FFF78F
:104F7000D3BF00BFAF590100014800F0AEBD00BF74
:104F800046C9010007B5074B0093074907484FF092
:104F9000FF334FF40062FFF757F8002003B05DF8CD
:104FA00004FB00BFD0A90100809A002088190020CE
:104FB0000CB430B58BB004460D462022002102A867
:104FC00004F01DFD02238DF80A30002D0C4B0393D5
:104FD000069412DB01D06B1E1C440FAA0E99079495
:104FE00002A8019200F00EF815B1069B00221A707B
:104FF0000BB0BDE8304002B070470024EDE700BFC1
:105000001B9B01002DE9F04F8BB043680093837820
:105010009C078046924640F1F980002508780028D8
:1050200000F0F68025280AD04B1C0193013541463B
:10503000009B98470028C0F2E3800199EEE74E7884
:105040008B1C252E0193F1D00027B9463C460A223D
:105050001F2C22D8A6F12003102B20D8DFE803F064
:10506000141F1F1A1F1F1F0B1F1F1F121F171F1F89
:10507000090044F00104019B13F8016B0193002E19
:10508000E6D13AE044F0020444F00404F3E744F0CB
:105090000804F0E744F01004EDE77F2C24D8A6F1D3
:1050A0003003092B08D860064EBF02FB073702FB0E
:1050B000093944F02004DEE72A2E0DD161065AF8A2
:1050C000043B53D4002BA7BF44F020049946C3F1FE
:1050D000000944F02804CEE72E2E05D1630600F126
:1050E000978044F04004C6E76C2E2ED028D8682E56
:1050F00032D06A2E37D04C2E35D0002F46F0200308
:10510000B8BF24F04004A3F16502BCBFA4B20027DD
:10511000022A01D9612B2BD10AF1070A2AF0070ACA
:105120009C4E0AF1080A0727210760D506EB070BFA
:1051300034465C455DD1AE1BA219A9EB070959E1C4
:10514000742E98D07A2E96D0D7E7260648BF44F41E
:10515000007444F080048EE7E00548BF44F4007416
:1051600044F4807487E744F4207484E71F4682E7A0
:10517000A6F16302122A00F2D880DFE812F01300D1
:105180004D00D600D600D600D6004D00D600D60081
:10519000D600D600D600E800D100D600D6001A000E
:1051A000D600A0005AF8043B8DF81030012704AE59
:1051B000BAE75AF8046B784B002E08BF1E4614F06D
:1051C000400F14BF39464FF0FF31304604F042FC27
:1051D0000746A9E7009B41462020984700280FDB9F
:1051E000013CA742F6D34D442D1BA1469EE74C46F9
:1051F000F7E714F8010B009B41469847002898DA1E
:1052000098F8023043F0040388F802304FF0FF357D
:1052100028460BB0BDE8F08F220630D5A3052AD56D
:105220000AF1070A2AF007039A4659685AF8080B48
:1052300024F0100B00291FFA8BFB2FDA404261EBA0
:1052400041014BF4806B04AC0A23224604F00EFCAF
:105250001BF0400FA0EB040200F08E802BF0010445
:105260009742A4B240F38F80002E40F08E802BF046
:105270001104A4B21DE05AF8040BC117D8E7E005E9
:105280005AF8041B01D40846F7E7A2054BBF48B201
:1052900008B241F3C01141F3C031C9E750EA01033C
:1052A000D1D16306CFD5002FCDD124F01104A4B203
:1052B0003A463B4640F206410C4262D124E024F0DB
:1052C0001004A4B20A2314F0800243D014F4007135
:1052D0001FBF0AF1070A2AF007029246516814BF5D
:1052E0005AF8080B5AF8040B50EA01023ED124F098
:1052F000160B62061FFA8BFB3CD5002F3AD124F027
:105300001704A4B23A463B4621075AD4E10705D513
:10531000994572DDA9EB03039F184B469B464AE073
:1053200044F0100410237826CDE7782B04D1C6F181
:10533000780343F01003C6E7009B414625209847B9
:105340000028FFF65DAF02354146304670E608237F
:105350000026B8E714F480715AF8040BC4D014F492
:1053600000711ABFC0B2114680B2BDE724F0060436
:105370001FFA84FB04AC68E713465C46E10699D546
:105380002EB90133C0E71346F8E73B46F6E7023390
:10539000BAE700BF84C901007DC90100CDE902322E
:1053A0004146009B202098470028FFF629AFDDE901
:1053B00002320BF1010BD945F0DCEB1A03EB0B05C4
:1053C0005B46E10627D5CDE902324146009B3020FD
:1053D00098470028FFF614AFDDE902327EB90135A7
:1053E0002F44791B8A4229DB144604AE9CBB2A4415
:1053F000A9EB03091546914442E017468EE7CDE933
:105400000232023541463046009B98470028DDE9CC
:105410000232E5DAF4E640F206410C42E0D014F044
:10542000020F14BF2B20202014F4806FCDE902322C
:1054300005F10105414618BF2D20E5E7CDE902320F
:105440004146009B302098470028DDE9023205F1F3
:105450000105C6DAD4E6013CCDE90232305D009B9D
:10546000414698470028DDE90232BFDAC8E6009BD2
:10547000414620209847002805F10105FFF6C0AEFF
:10548000A9EB0503002BF2DCD7E500BF38B5C0F36C
:10549000C7537F3B162B014620F0004519DC002B3B
:1054A000024608DA00281BDA002D0E4908BF4FF02B
:1054B0000041084638BD0C4818410842F9D000297F
:1054C000BEBF4FF4000141FA03F3D21822EA0001F3
:1054D000EFE7B5F1FF4FECD3EAF718FE0146E8E736
:1054E0000021E6E7000080BFFFFF7F0070477047A4
:1054F00010B50C21044600F06AF9204610BD38B5FD
:105500000C461546EBF75AFB2A462146BDE83840C3
:1055100000F00DB87047704770477047704710B57E
:10552000044600F0C6F800232371204610BD00F0A9
:10553000C8B810B50421044600F049F9204610BD52
:1055400010B50421044600F042F9204610BD10B504
:105550000421044600F03BF9204610BD10B504219B
:10556000044600F034F9204610BD10B5042104466D
:1055700000F02DF9204610BD70477047072908B587
:105580000AD008290CD005290ED1EBF717FB022110
:10559000BDE80840EBF7E4BAEBF710FB0321F7E7AF
:1055A000EBF70CFB0421F3E708BD7047072908B5AA
:1055B0000AD008290CD006290ED1EBF7FFFA0121F9
:1055C000BDE80840EBF7CCBAEBF7F8FA0321F7E7B0
:1055D000EBF7F4FA0421F3E708BD0220EBF70ABE6B
:1055E00008B5EBF7EBFABDE808400421EBF7B8BAD1
:1055F00070470220EBF7FEBD1FB50023CDE9013354
:10560000039300F1BC044FF0FF324FF0FF3301A9C8
:105610002046FEF71BFA0028F5D101980028F2D0A9
:105620000368DDE902129B689847ECE7F8B5044689
:10563000002504F1BC06B822002104F0E0F904F1D1
:10564000F0072946C4F8B8503422304604F0D7F9A0
:105650002946F022384604F0D2F9304614230C22B1
:10566000394603F080FD2046F8BD1FB51446CDE94C
:10567000011203930022002301A9BC3003F087FD2F
:1056800028B12046EBF79CFB002004B010BD0120A0
:10569000FBE7FFF7EABF13460A4601464068FFF7FB
:1056A000E4BF13460A4601464068FFF7F2BF0160B7
:1056B000704700220260704701600B6808469B68D3
:1056C0001847006810B103681B6918477047436B9F
:1056D00023B1D3E90E010022FFF7E3BF704713B5F2
:1056E000044640F2E7304FF47A72002300EBC130F9
:1056F000490CEAF789FE02460B46CDE90001204637
:10570000FFF7F4FA02B010BDFFF728BB13B5002471
:10571000019401A802F051FC60B90198C4060BD4B1
:1057200041070BD482070BD4C3070BD4C0F3C000CE
:1057300002B010BD2046FBE70420F9E70520F7E79B
:105740000320F5E70220F3E708B503F0DFFF4FF48D
:105750007A72A0FB020302FB0131C00B4FF47A7294
:10576000002340EA4140C90BEAF7FEFD08BD0123D2
:1057700003FA01F103691B68194218BF82F00102A4
:1057800012B18368DB68184783681B69FBE77047C1
:1057900010B50C21044600F01AF8204610BD7047E1
:1057A00010B50C21044600F012F8204610BD0B681D
:1057B00003607047704710B50C21044600F007F8ED
:1057C000204610BD0160704700207047FEE7EEF7ED
:1057D00035BA00EBC100408840087047F8B5034671
:1057E000FFF7F7FFB0FA80F0C0F11F0003EB800C69
:1057F000CA00DCF81060171D0C4606328DB256B98F
:10580000012101FA00F0D9680143D960CCF81040B9
:10581000DD539D52F8BDF1000431585AD85303EBC3
:10582000C0009E52C5805D52F4E710B500EBC10484
:10583000E3888B4202F104010AD1012303FA02F248
:10584000C36823EA0203C360002340F8213010BD7F
:10585000A28840F8213000EBC20100EBC300CB80EE
:105860008280F4E708B50346FFF7B3FFB0FA80F291
:10587000C2F11F021846BDE80840FFF7D6BF2DE968
:10588000F843B1FA81F3C3F11F0200EB8209064627
:10589000D9F810700D4687B9C3F120034FF0FF34DB
:1058A0009C40F3681C4014D094FAA4F2B2FA82F23D
:1058B000131D56F82340214608E03C464FF00308EC
:1058C00021463046FFF785FF854205D83046FFF771
:1058D000ACFF2046BDE8F88306EBC404B8F101082C
:1058E000E488C9F81040D7D0BC42E9D1D4E738B534
:1058F0000446FFF76EFF0D46034611462046FFF7AC
:1059000068FF03449BB204EBC5055A006A80204639
:10591000FFF75FFF014424F8313038BD70B504460D
:10592000FFF757FF0B4604EBC305511A9B1A89B2C8
:1059300003444E009BB204EBC2006E805D004580C4
:1059400024F8321020461146FFF743FF014424F8A3
:10595000313070BD70B509B9002070BD056801F027
:1059600007030B33CC0804EBD304AB689C4228BF7D
:105970001C4621462846FFF782FF06460028EBD04A
:1059800001462846FFF725FFA04207D932192846CD
:10599000FFF7C4FF11462846FFF720FF05EBC602BC
:1059A0001046538843F0010353800430D5E7114675
:1059B000FFF7D0BF043A2DE9F843CC1D114424F081
:1059C000070421F00706A6EB04084FEAD807B7FA48
:1059D00087F2C2F12405AD004FF000090735C2F18E
:1059E0002002ED0804604946A760C4F80C909200BC
:1059F00004F1100004F003F8AAB2530043F00103CD
:105A000063807B1B9BB204EBC5015800A4F8009097
:105A1000488024F83520A6F8029024F8083004EBDA
:105A2000C70329465A8842F001025A802046BDE841
:105A3000F843FFF7D3BE2DE9F04706460D4617465B
:105A400098462BB398F8004093F80190DB78A400B7
:105A500004EB430498F802301C4444444FF0000A1D
:105A6000CA4509D3D8F8042008F10803394630465E
:105A7000AC46BDE8F047604714F8013B48F82340C6
:105A80002046EAF7E3FC013004440AF1010AE7E7A3
:105A90006FF01500BDE8F08730B502460024002005
:105AA00012F8013B43B178B18C4207D1702B04D07E
:105AB000A3F140053A2D07D8002030BDA3F14005E1
:105AC0003A2D01D80134EAE7252B08BF80F0010008
:105AD000E6E70020704700F0DBBB0FB407B504A970
:105AE00051F8040B019100F0D3FB03B05DF804EB17
:105AF00004B070470FB407B504A951F8040B019125
:105B0000FFF7E9FF03B05DF804EB04B0704710B590
:105B10000369024613F0080009D11368D4689C4257
:105B200097BF526AE31AD31A01200B6010BD0023FD
:105B30001846FAE713B501A90446FFF7E8FF20B1BC
:105B4000019BE268013B13440193606A019BC01A08
:105B5000013802B010BD10B5044650182269636ABE
:105B6000D20702D5013B184010BD984228BFC01A89
:105B7000FAE710B504460A46C168FFF7ECFF23694F
:105B8000E06023F00803236110BD38B50D46026ABA
:105B90008B00016843F0020342F82130044601689B
:105BA0002A46FFF7D8FFE36861682060984202BF89
:105BB000236943F0080323612A462046FFF7CBFF01
:105BC000606038BD2DE9F74FD0F80CB0066A00923E
:105BD00016F82B2002F00302022A08BF56F82B20E9
:105BE0009A4606EB8B030F4601934FF00001009B92
:105BF0000CBFC2F39D09894619600446CAF800101B
:105C0000B9F1000F07D04946FFF7B3FFE368A3607F
:105C10004FF0010804E001698A0705D44FF000083D
:105C2000404603B0BDE8F08FC16906EB8B008847A2
:105C300016F82B1011F001080546EFD08B071DD583
:105C40001FB139462046FFF7A0FF61682A4620466B
:105C5000FFF781FFD4E902138B42606007D12A4627
:105C60002046FFF778FF4FF000080146A060236947
:105C7000216043F00803E1602361D1E7014620463B
:105C8000FFF777FFE168A1601FB12068216A41F842
:105C90002090EA19CAF8002021682046FFF75BFF30
:105CA0002269206042F00802226116F82B2022F0BF
:105CB000010206F82B20DDE900321A60A8E770B572
:105CC00004461546FFF747FF2368834205D1236941
:105CD000216023F00803236170BD226AAB0043F00A
:105CE000020342F82130204661682A46FFF733FF5D
:105CF0006060F1E738B503695B07044606D5856A3D
:105D0000FFF718FF85422CBFA562A06238BD38B5E9
:105D10000D4604462022002103F071FEEB68E3618A
:105D2000AB68A3612B6823626B6863620022A26286
:105D30002A6923B1591E194208BF42F001022261AB
:105D4000012204F12C000021BDE8384003F012BB11
:105D50002DE9F04F9846436A87B000258B420446F0
:105D60000E46934603950595AA4638D3EFF311895D
:105D7000202383F31288BFF36F8F059A2AB1294637
:105D80002046FFF79CFF0023059304A92046FFF758
:105D9000BEFE0499B14207462AD32268236A13F84B
:105DA000221021F0030103F8221003EB820A21687C
:105DB00032462046FFF7CFFEE3682060984212D0BB
:105DC000002789F31188BFF36F8F039929B1A26966
:105DD0000AB12046904700230393002FC6D15046B6
:105DE00007B0BDE8F08F236943F008032361E7E7BC
:105DF00018B12046FFF7C9FEE3E75BEA08031CD0B1
:105E0000019103F00BFB0199B8B9B9F1000F14D15E
:105E100089F31188BFF36F8F5A46434604F12C0073
:105E2000FDF7A6FFEFF31189202383F31288BFF358
:105E30006F8FB0FA80F77F09C3E705AB03AA20464E
:105E40002568FFF7BFFE0746BBE770B50446C36988
:105E500008460D4698470246EFF31186202383F348
:105E60001288BFF36F8F2B7843F001032B706168AA
:105E70002046FFF770FE60602046FFF73BFF86F389
:105E80001188BFF36F8F70BD2DE9F84304460027DA
:105E90002026EFF3118586F31288BFF36F8F2369F5
:105EA000A268190702D46368934200D2636A9B1AFE
:105EB000002B42D0206A10F8221011F0030300EBEF
:105EC00082093AD0022B04D150F822305FEA9308BD
:105ED00005D1CB0720D4E369484698478046A1689E
:105EE00042462046FFF737FE0127A0604146204684
:105EF000FFF73FFE3B4685F31188BFF36F8F002B02
:105F0000C7D137B1B9F1000F03D104F12C00FDF76F
:105F1000F5FE4846BDE8F88341F0020100F8221082
:105F20004846E369D4F8088098474146024620462F
:105F3000FFF711FE0023A060DDE79946DBE7F8B527
:105F40000446C36908460D4698470646EFF3118795
:105F5000202383F31288BFF36F8F2B7823F0010384
:105F60002B7023699B0705D5E268236A03EB820344
:105F70009D421AD12B7823F002032B70D4E9023111
:105F8000994204D132462046FFF7E5FDA060314634
:105F90002046FFF7EEFD87F31188BFF36F8F04F102
:105FA0002C00BDE8F840FDF7A9BE2B6860F39F0305
:105FB0002B60F0E7EFF31181202383F31288BFF306
:105FC0006F8F02698368120702D442689A4200D236
:105FD000426AD31A81F31188BFF36F8F181E18BF5E
:105FE00001207047036800220BB9184670478B42A6
:105FF00010D10B6842B942680360914200D14360FE
:1060000000230B600120704713604368994208BF6A
:106010004260F5E71A461B68E6E7838B13F0070337
:1060200006D10368002B18BF032008BF002070476B
:10603000022B05D1C08BB0FA80F040098000704778
:10604000012B04D10368002B18BF0520EDE70020C9
:10605000704710B50C4600B111B96FF0150010BDB6
:10606000081D00F0C6F80028F9D1A368032BF6D963
:10607000F3E72DE9F0410D4607461946281D9046E5
:106080001E4600F0CAF8044638B133464246294657
:106090003846A446BDE8F0416047BDE8F08110B441
:1060A000EFF31182202484F31288BFF36F8F816194
:1060B00010BC0121ECF76CB938B50C46054658B157
:1060C00051B10B6843B14B6833B12022002103F07A
:1060D00096FC2C61002038BD6FF01500FBE7F8B589
:1060E00004460E46FFF7B5FF051E3BDBEFF31182BA
:1060F000202383F31288BFF36F8FE38BA78B4FF6B8
:10610000FF718B4207F007072ED0062F2FD8DFE84C
:1061100007F0182E082E180418006FF085050023CC
:1061200003E00133E3830225012382F31188BFF3E7
:106130006F8FBBB100233A4631462046FFF799FFE7
:1061400010E000233360636823B9C4E9006627B117
:106150003D46E4E71E606660F9E702212046ECF761
:1061600017F93D462846F8BD6FF00A05D7E76FF0EE
:106170000405D4E710B5EFF31182202383F31288CE
:10618000BFF36F8F848B04F00704022C0AD0012C1C
:106190000CBF6FF004006FF0850082F31188BFF32D
:1061A0006F8F08E0C38B013B9BB2C38323B92146A9
:1061B000ECF7EEF8204610BD2046EEE738B5A8B162
:1061C000A1B1EFF31185202282F31288BFF36F8F04
:1061D000848BFFF707FF30B104F0070085F31188C7
:1061E000BFF36F8F38BD6FF07700F7E76FF01500E2
:1061F000F8E7034640B1426802F00302022A06D0E3
:10620000032A04D0012A05D06FF0150070471A68E0
:10621000002AF9D000209860704710B5426881606C
:1062200002F00302022A03460AD0032A0BD10468B3
:10623000002000225A6008B1FEF748FE204610BD3B
:1062400000680024F5E700242046F2E77047037851
:106250005B075FBF03684288C3F34A2303EB121056
:106260005DBF173020F00700800800207047002035
:10627000704702F0F7B80346BFF35B8F53E8000F97
:10628000421C43E800210029F8D1BFF35B8F70471F
:106290001FB50023CDE90201CDE900331A461946A6
:1062A0001846ECF789FC05B05DF804FB0120ECF71B
:1062B00035BA002070474368DA7143681960436853
:1062C00001225A71ECF71CBA70B515460C4669B13B
:1062D000D2E901369B1B99420AD813680A46014647
:1062E000981903F07EFBAB682344AB60204670BD79
:1062F0006FF01B00FBE770B50E46154619460446C5
:1063000018B9BDE87040ECF709BA33B1C2F34A23BB
:106310001030120D184403F064FBC4E90056204607
:10632000BDE87040ECF7A8BB2DE9F3415F1C4FEAD4
:106330008708064608F1170020F0070080080C4681
:106340001546ECF76DFA0023ADF805308DF80730EF
:106350008DF8047068B10346019A43F8102FA8F134
:1063600004012A46294452F8045B43F8045F8A4238
:10637000F9D1A20102F4E07242EA482222F07F42FF
:1063800022F47002002322F03F02314602B0BDE841
:10639000F041FFF7B0BF07B50123019201AAFFF753
:1063A000C3FF03B05DF804FB07B5CDE9002302236A
:1063B0006A46FFF7B9FF03B05DF804FB1FB5CDE9EE
:1063C0000123069B039301AA0323FFF7ADFF05B04A
:1063D0005DF804FBF8B506460D4614461F4604B9A1
:1063E000F8BD214628463A46B047241A0544F6E748
:1063F00010B5426881680446D2E900230068FFF7BF
:10640000E9FF636800221A6010BD38B54B681A684E
:10641000CB689A4205460C4602D10846FFF7E8FFD2
:106420006368BFF35B8F53E8002F511C43E80010F3
:106430000028F8D1BFF35B8FA3689D54002038BDBE
:106440000A2838B504460D4602D10D20FFF7DDFFBE
:1064500029462046FFF7D9FF002038BD2DE9F0433B
:10646000054689B008460E8891F80090D1F808805A
:106470000C461746ECF7F2FB011EC6F38216C9F371
:10648000C2091FDB4846ECF709FB0346214660883A
:1064900051F8102B0296C2F34A22002A01EB0204A3
:1064A000C0F30B1008BF00210022CDE90507CDE99C
:1064B0000314CDE9002241462846ECF7FBFB09B066
:1064C000BDE8F0830023E1E743681B685B680020B8
:1064D0009961704743681B681A6852685360704737
:1064E0002DE9F04143681B685A68012111771D6846
:1064F000D5E90136D3E900482F681CB96B681C60E8
:10650000BDE8F081214630464246B847241A064489
:10651000F3E743681B681868ECF702BD70B5436881
:106520001D686B6898690C46ECF7D4F82146034661
:106530000F222868BDE87040184703F060BA03F0E6
:1065400050BA01460068ECF76DBD08B5ECF7C6FD22
:10655000BDE80840EDF722B90B4601461846FFF7A3
:1065600033B90A460121FFF716BF00210120ECF7DD
:1065700059BD6FF08500704761B662B680F311882F
:10658000BFF36F8F704772B6002383F31188BFF398
:106590006F8FBFF34F8F30BF62B6BFF36F8F7047FF
:1065A00072B6002383F31188BFF36F8FBFF34F8F51
:1065B00020BF80F31188BFF36F8F62B67047202829
:1065C00009D9B0F1004F08D80138B0FA80F0C0F115
:1065D0001F0040007047082070473E20704708B5F4
:1065E000D1E904319847002008BD08B5EDF7F0FA6D
:1065F000002008BD7047002303824369C3607047D1
:10660000816A8968EDF770BBEFF31182202383F371
:106610001288BFF36F8F00230B60436833B9C0E962
:10662000001182F31188BFF36F8F704719604160CA
:10663000F7E710B50346EFF31181202282F31288A9
:10664000BFF36F8F006828B15C6802681A60A042CF
:1066500008BF5A6081F31188BFF36F8F10BD027AB3
:1066600001320272704710B508B14B6843604C6844
:10667000002308464B60EDF7B7FB204610BD83684A
:106680000B44036070478388026819448180D018E6
:10669000704730B484880568A3188380281930BCFB
:1066A00003F09FB910B5838802685C1C8480D154C4
:1066B000D01810BD034600689A88401A114418602B
:1066C000998070470268531E03608388013383807A
:1066D00002F8011C70478288521A034682800068C3
:1066E000084418607047034600689A88521A0144AB
:1066F0009A801960704710B503681C780121FFF774
:10670000EAFF204610BD7047F2F7AEBB0023ECF75E
:10671000D3B9704737B505460C46002001A9F1F7FB
:106720000BFE9DF804302B709DF80530237003B0EC
:1067300030BDEEF715BC08B502F0E8FF4FF47A72F1
:10674000A0FB020302FB0133C00B40EA434008BD3B
:1067500038B5054602F0DAFF4FF47A72A0FB024327
:1067600002FB0131E40B44EA41404FF47A7200230A
:10677000C90BE9F7F9FD2A8038BDFFF7DCBF01201E
:106780007047014640F2E73008B54FF47A720023B3
:1067900000EBC130490CE9F737FEBDE8084002F0D4
:1067A00009BF70477047EFF31183202282F31288EC
:1067B000BFF36F8F03607047036883F31188BFF3E3
:1067C0006F8F7047EDF72CBE012070470020704797
:1067D00070477047704708B50120EEF781F9002136
:1067E000212002F0E7FE0020EEF77AF9C520BDE88F
:1067F0000840002102F0DEBE10B50446C0B2EEF73C
:1068000031FA002804DA2046BDE81040EEF75EB900
:1068100010BD10B50446C0B2EEF7A8FA002804DA9D
:106820002046BDE81040EEF76FB910BD38B50546FB
:106830000C46EEF721FB611B013190FBF1F303FBEA
:106840001100284438BD01380A44914200D17047F4
:1068500011F8013B00F8013FF7E710440A44914268
:1068600000D1704711F8013B00F8013DF7E7024401
:10687000904200D1704700F8011BF9E782B082B066
:106880000DF1080C0CE906000B44BDF80420BDF81E
:1068900010100A4491B212B2B2F57A7FA2BFA1F5EC
:1068A0007A72013312B20360828002B002B0704784
:1068B00082B082B00DF1080C0CE90600CB1ABDF8CD
:1068C0000420BDF81010521A91B212B2002ABEBFB5
:1068D00001F57A7203F1FF3312B20360828002B0D5
:1068E00002B070471FB50023CDE9000103A8029351
:1068F000ADF80C30FFF72CFF009BBDF804100290A0
:10690000181ABDF80C30C91A8BB209B20029BEBFE3
:1069100003F57A7300F1FF3019B2EDF73BFD05B0D6
:106920005DF804FB1FB50446002303A80293ADF8ED
:106930000C30FFF70DFF01A902906846EDF730FD1E
:10694000029B009ABDF80C101A44019B0B4499B2AB
:106950001BB2B3F57A7FA2BFA1F57A7301321BB2E5
:1069600020462260A38004B010BD37B50023044642
:1069700001A80093ADF80430FFF7EAFE0090DDE9CE
:10698000000184E80300204603B030BD70B5044622
:10699000FFF7F5FE0123637226680546EDF708FD53
:1069A0002844864203D2EDF703FD054425602068A4
:1069B000BDE87040EDF70CBD0023C0E90033C0E92D
:1069C000031303814361704738B505460846FFF756
:1069D000E8FE04462846EEF701FBFFF7D0FEA04292
:1069E00038BF2046C5E9000038BD08B5FFF7C5FE31
:1069F000BDE80840FFF7D6BE38B5044650B1FFF7F2
:106A0000BCFE05462046FFF7CCFE281ABDE83840FC
:106A1000FFF7C8BE38BDFFF7B4BE07B501228DF839
:106A200007100DF10701FFF7F4FE03B05DF804FB5A
:106A300007B501220DF10701FFF7DEFE9DF8070003
:106A400003B05DF804FB10B50446012064B9FFF7FC
:106A5000BFFE0120FFF7ECFF00F0F8012143012009
:106A6000BDE81040FFF7D9BFFFF7B3FE0020FFF7E6
:106A7000AFFE2046FFF7AEFEEBE7F8B516461D4623
:106A80000C460746EEF72CFE0020EFF759F8384683
:106A9000EEF76CFB2046EEF7CFFA044601461220D3
:106AA000FFF7BBFF21461320FFF7B7FF0520FFF7D5
:106AB000CAFF0120FFF7AFFFFFF797FF044620460C
:106AC000FFF79AFFA84204D30124EEF709FE2046FF
:106AD000F8BD0020EFF710F8B042F0DD0024F4E735
:106AE00038B50120EFF72CF8FF211120FFF795FFB3
:106AF0000520FFF7A8FF002425460120FFF78BFFA4
:106B00002C20FFF795FF00F00100A0400134202C5D
:106B100045EA0005F1D1EEF7E3FD284638BD08B59A
:106B2000FFF754FE013008BD10B5102204460021C5
:106B3000F130FFF79CFE0021C4F814112046F0222A
:106B4000BDE81040FFF793BE024608461021EFF75C
:106B5000AFBB2DE9FF41D0F8143104460E4615466F
:106B60009BB3C3F110089045474600F2011028BFBF
:106B700017461844BAB2FFF766FED4F814313B4406
:106B80000F2BC4F814312ED9A8452CD204F1F003F0
:106B900004F5807113F8012F187C8B4282EA000201
:106BA0001A70F7D104F1F108102241466846FFF748
:106BB0004AFE224669466846EFF7F6FB1022694610
:106BC0004046FFF740FE3E44ED1B04F5807804F19B
:106BD000F107102D0AD8AAB2314604F20110FFF7CE
:106BE00032FEC4F8145104B0BDE8F08104F1F003A2
:106BF000711E13F8012F11F8010F434582EA0002BC
:106C00001A70F6D1102239466846FFF71CFE22465C
:106C100069466846EFF7C8FB102269463846FFF719
:106C200012FE1036103DD4E770B588B00C46102225
:106C3000002105466846FFF71AFE22466946684667
:106C4000EFF7B2FB9DF90030002B6A464FF00001D0
:106C500043DA137812F8010F01315B0043EAD013D5
:106C60000F2902F8013CF4D19DF80F305B0083F04E
:106C70008703D4F81421DBB2102A8DF80F303BD1F2
:106C800004F58073694604F5887013F8016F11F8F4
:106C9000012B984282EA06021A70F6D104F1F00341
:106CA00004F5807113F8012F187C994282EA0002E2
:106CB0001A70F7D110220DEB020004F1F101FFF779
:106CC000C2FD2246294604A8EFF76EFB10220021E0
:106CD0006846FFF7CCFD08B070BD137812F8010FBD
:106CE00001315B0043EAD0130F2902F8013CF4D1D3
:106CF0009DF80F305B00BCE79DF90030002B694622
:106D00004FF0000039DA0B7811F8016F01305B00A9
:106D100043EAD6130F2801F8013CF4D19DF80F3057
:106D20005B0083F08703DBB28DF80F30A31880215E
:106D300083F8011102F20113C4F1FF21234401F58C
:106D40007F010026C8180F2826D9531C102BC2F12A
:106D50000F0288BF00221A44C4F8142104F580737E
:106D6000694604F5887013F8016F11F8012B83420E
:106D700082EA06021A70F6D190E70B7811F8016FDB
:106D800001305B0043EAD6130F2801F8013CF4D12F
:106D90009DF80F305B00C6E703F8016FD2E77E2B4A
:106DA00001D8EFF7BBBC0320704730B50D4685B066
:106DB0001446014668B103AA002000922A460390B7
:106DC000EFF7ACFC18B90398001B18BF012005B001
:106DD00030BD0220FBE709B1EFF77EBD022070470E
:106DE0007FB50E4614460546A8B11022002168461C
:106DF00002F005FE7F2C01D1082E0ED16B463246E3
:106E000010212846EFF72AFD18B969462046EFF70A
:106E100063FD04B070BD0220FBE70320F9E72DE914
:106E2000F04F93B0DDE91D649DF8705001918146EB
:106E300017469846002B6CD0002E6AD0002C68D0E4
:106E4000212D68D8FF2819462A46304614BF4FF036
:106E5000030B4FF0010BFFF7F6FC691E5A46731C3B
:106E600089B208F10100EFF7F9FC8346002854D1FC
:106E700096F80B8073194FEAD81884F8008013F83D
:106E8000024C13F8031C13F8042C13F8013C2404DF
:106E900044EA0124144344EA0364B8F1000F0CD11E
:106EA000291F0123224689B23046FFF77EFF0038B2
:106EB00018BF012013B0BDE8F08FCDE903000199A0
:106EC000059008220DF10D000DF10C0A8DF80C90C3
:106ED000FFF7C3FC8DF815702D2259463F0A06A80E
:106EE0008DF8167002F08BFD0C22514606A8FFF7B4
:106EF000AAFC2A4631460DF12300FFF7A4FC022329
:106F00002246E91D06A8FFF750FF002818BF40469B
:106F1000D0E70220CEE70520CCE70720CAE7FFF73D
:106F2000F8BBC0B1B9B1037B13F00F0306D090F8E2
:106F300020201AB100230B700020704790F8282001
:106F40000AB90123F7E743B990F820300BB90223BF
:106F5000F1E70323EFE703207047172070472DE97F
:106F6000F04F8BB08A460093149B416890F90C80D7
:106F700090F90D6090F80EB019604778044691467C
:106F8000002F58D002238DF8103004A9C37B007C59
:106F90008DF8123000F04CFBB4F808C0618943B2A0
:106FA0006068984545466144B8BF1D46604534BF9A
:106FB00000270127884209D30A218DF81010207C70
:106FC000019304A900F034FB019B46B2B4F808C059
:106FD000608961680CEB400E714519D3A1EB0C017F
:106FE000B1FBF0FC00FB1C1191B9984503DC237840
:106FF000CBB94FF0010B20238DF81030207CE37BC0
:107000008DF8115004A98DF8123000F011FB45B233
:10701000009B8AF80050384689F8006083F800B079
:107020000BB0BDE8F08F0223207C8DF8243006A938
:1070300000F00EFBDDE74546EAE770477047704712
:1070400070470020704770477047704700207047B6
:1070500000207047002070470020704700207047D4
:107060007047704770470220704702207047022027
:107070007047704700207047704770470020704786
:10708000002070477047704770472DE9F043054670
:1070900085B00C46994690467AB3062806D0072854
:1070A00006D0052827D00126012703E00426FBE7A8
:1070B0000226002710220021684602F0A0FC230AC5
:1070C0008DF801400822414601A8240C8DF80230B9
:1070D0008DF800608DF80340FFF7BFFB2A46394664
:1070E0006846ADF80C90FFF77BFE002818BF0E2015
:1070F00005B0BDE8F0830326D6E70920F8E7F0B530
:1071000085B007460C4616460021102268461D46EB
:1071100002F075FC072F0CBF022301238DF800300D
:107120008DF80140230AADF804608DF80750240C57
:10713000360C2D0A3A46012168468DF802308DF84A
:1071400003408DF806608DF80850FFF749FE0028CF
:1071500018BF0E2005B0F0BD2DE9F04188B00C46F7
:10716000DDF83C8016461D460746002850D0102208
:107170000021684602F043FC102200210DEB0200C2
:1071800002F03DFC01238DF810309DF838308DF869
:1071900015302B0CADF816508DF818302D0E4FEA27
:1071A0001843ADF81A804FEA18688DF81D808DF8E5
:1071B00019508DF81C304FF000085FFA88F31D015C
:1071C000002CEDB203DC002008B0BDE8F0810133F3
:1071D00010218DF81F3032466B460DEB0100EFF7A2
:1071E0003DFB0346B0B9102C20463D44A8BF1020FB
:1071F00069462A7811F801CB013382EA0C029842E1
:1072000005F8012BF5DC103C24B208F10108D4E7A5
:107210000920D9E70E20D7E71FB5102200216846C4
:1072200002F0EDFB7F2208216846FFF7D9FD002818
:1072300018BF0E2005B05DF804FB13B500230C4603
:107240000193D2B101A9F2F7DDFE18B9019B591CD7
:1072500002D1146002B010BD99B2611A002902DD9A
:107260000B441360F6E702D113600720F2E76FF3D7
:107270000F0303F580332344F3E70920EAE71FB542
:107280000446A9B91022684602F0B9FB012C08BFD8
:1072900020234FF008024FF00001684608BF8DF828
:1072A0000030FFF79DFD002818BF0E2004B010BD70
:1072B0000A20FBE710B50446002845D001680029E4
:1072C00042D011F8013B437103220630FFF7BBFAAD
:1072D0002046032250F8091B0431FFF7B4FA216855
:1072E000CB79E3600A7A43EA0223E3604A7A43EA0D
:1072F0000243E3608A7A43EA0263E360CB7A237451
:107300000B7B63742379212B1AD110220D3104F1E8
:107310001200FFF798FA1D222168501C8B5C6362F3
:10732000085C43EA0023901C6362085C033243EA72
:10733000004363628A5C43EA02636362002010BD1B
:10734000112B03DC0D22E7E70220F8E70120F6E726
:1073500010B50446002854D00168002951D00B789C
:1073600043714B7883608A7843EA02238360CA784A
:1073700043EA024383600A7943EA026383604B79FC
:1073800003738B79C381CA7943EA0223027BC381E9
:1073900002F00F0208311030FFF755FA237B00226C
:1073A00003F00F0384F8202084F82820227903F1C9
:1073B0000800111A04290DDD21680933043AD21A94
:1073C000085C84F82000D2B2606A84F8282019444E
:1073D000FFF739FA237922681A44002012F8043C96
:1073E000E36212F8031C43EA0123E36212F8021C71
:1073F00043EA0143E36212F8012C43EA0263E362C9
:1074000010BD0220FCE710B5044660B3036853B317
:107410000279162A29D942791A700146082251F8B0
:10742000060B0130FFF719FA2146082251F80E0B1E
:107430000930FFF712FA2368E28A5A74E38A226855
:107440001B0A93742368A269DA74A36922681B0A71
:1074500013752368628B5A752368E27E9A75172329
:107460002371002010BD0120FCE70220FAE710B5CF
:10747000044600282FD003686BB30279172A2CD951
:1074800042791A70036882795A700146082251F8CD
:10749000070B0230FFF7E1F92146082251F80F0BE4
:1074A0000A30FFF7DAF92368228B9A74238B22685B
:1074B0001B0AD3742368E2691A75E36922681B0A00
:1074C00053752368E28B9A752368E27FDA75182377
:1074D0002371002010BD0120FCE70220FAE710B55F
:1074E000044600282FD003686BB30279122A2CD9E6
:1074F00042791A70036882795A700146032251F862
:10750000070B0230FFF79FF92146082251F80A0BBA
:107510000530FFF7A2F92368628A5A73638A2268EA
:107520001B0A937323686269DA73636922681B0A12
:1075300013742368E28A5A742368E27D9A741323D1
:107540002371002010BD0120FCE70220FAE738B5C6
:107550000446002863D00168002960D0037B90F8BE
:10756000282003F00F03002A57D108332079043272
:107570001344984255D363790B702368A2685A70FC
:10758000A36822681B0A937023686289DA702368F3
:10759000E27A1A712368227B5A712368E2899A7110
:1075A000E38922681B0A2146D371227B51F8100B14
:1075B00002F00F020830FFF746F9237B94F82820E9
:1075C00003F00F0303F108052AB1226894F8201094
:1075D000515503F10905206894F82820616A284470
:1075E000FFF731F994F828302268E16A2B44D1542E
:1075F0005A1CE16A206892B2090A81549A1C2168D7
:10760000E08D92B28854DA1C216894F82F0092B26F
:10761000043388542371002038BD0933A6E70120C4
:10762000FAE70220F8E7A0F10803584258417047F2
:10763000082882B003D1084602B0F3F7C9B9002088
:1076400002B07047082802D10846F3F75DBA7047C8
:10765000082802D10846F3F771BA70470346082B91
:107660000846114601D100F0B9BA00207047082839
:1076700002D10846F3F7ECBA7047082802D1084651
:10768000F3F714BB0020704710B40446082C0846DA
:1076900011461A46019B02D110BCF3F743BB10BC44
:1076A00070470346082B0846114601D1F3F766BB25
:1076B0000020704710B40446082C084611461A46AC
:1076C00002D110BCF3F7A6BB002010BC704730B449
:1076D0000546082D084611461A46DDE9023403D155
:1076E000029430BCF3F712BC002030BC704708286D
:1076F00002D1084600F095BA00207047082802D150
:10770000084600F0B7BA00207047082802D10846A2
:1077100000F0B3BA00207047082802D1084600F0F4
:10772000AFBA002070470346082B0846114601D126
:10773000F3F7E8BC0020704710B40446082C084654
:1077400011461A46019B02D110BCF3F7F1BC092087
:1077500010BC704710B40446082C084611461A465F
:1077600002D110BCF3F786BDC8B210BC70472DE93A
:10777000F0419A42079E03DB9DF918309A421FDDC3
:107780000020BDE8F08131F814E00CFB0363002514
:107790004EFA05F7FF0707D51F7A07F00F08904547
:1077A00002DCB2EB171F0FDD0135102D03F10C03C6
:1077B000EED10134E4B22301DBB29842E3D8DFE733
:1077C00000244FF00C0CF6E70120DAE7884204DBD6
:1077D0009042CCBF00200120704700207047034634
:1077E0001009B0EB111F10B54FEA11140DD39142DF
:1077F0000BD233F8142001F00F01012000FA01F13F
:1078000022EA010223F8142010BD0020FCE7F0B5A5
:1078100028B100EB410501270020914200D3F0BDC3
:10782000002435F802CB234607FA04F636EA0C06A4
:1078300008BF013304F1010408BFDBB2102CF3D1FF
:1078400018440131C0B2C9B2E7E710B500B149B977
:1078500010BD31F8134020F813400133DCB2A242CE
:10786000F7D8F5E70023F9E7038882B05AB9642B0B
:1078700038BF6423C26859438A428CBF521A00221F
:10788000C26002B07047012B38BF0123F2E70378D2
:10789000032B14D1437803F00F021B098A704B703D
:1078A00083788B80C27843EA02238B800379C3F309
:1078B000021203F00F03CA700B70052070470020FE
:1078C00070472DE9F34798464379057904468A467F
:1078D0009146A3B190F9062090F9076090F90870DD
:1078E00075B30F2A12D194F909200F2E1ED194F9E5
:1078F0000A60072D24D1002F08BF012720E090F94E
:107900000B7090F9092090F90A60E9E7A3690193E7
:1079100094F91530009394F914302169207BFFF716
:1079200026FF0028E1D105F0FD05DEE794F91D30C2
:10793000B3420FDC94F91C30B342DADA05F0FB05F0
:1079400028468AF8002089F8006088F8007002B0A4
:10795000BDE8F0871E46CCE730B54FF47A750C1FB2
:107960006A4300FB042252001EBF00F1FF341219CB
:10797000B2FBF0F2914238BF1146039A11608200C7
:1079800048431CBF013040084FF47A71121A01FBC2
:107990001323002BCABF03F2E73393FBF1F1B3FBD0
:1079A000F1F1049B196030BD38B5400014460D4616
:1079B000E8F75CFC01462846E8F7A6FB2146E8F715
:1079C000A3FBFDF763FDE8F7A9FC40B238BD2DE944
:1079D000F04F85B0CDE90112039300231C461E46EB
:1079E0004FF00C084FF01809028A1D01EDB2AA42AF
:1079F00006D8029B1E70039B1C7005B0BDE8F08F7B
:107A00004FEA430E08FB05F70022416831F80E10DB
:107A10001141C90725D5816801EB070AC95901B38E
:107A2000017831B9416921B131F80E101141C9070E
:107A300017D59AF8081090F901B041F3030C4FFAEA
:107A40008CFCDC450DDC41F3031149B2594508DBE0
:107A50009AF809C0C16809FB0C11097D49B90134C4
:107A6000E4B20132102A07F10C07CED10133DBB2A8
:107A7000BAE7DDF804A0711C05EB020C0AF806C099
:107A8000CEB2EEE72DE9FF4704464068DDE90C671A
:107A90001D468A469146FEF7AFFF23681B1A3B60DE
:107AA0004FF000080123337085F80080636813B13C
:107AB0002368834224D8CAF80080D4F81CC0A36984
:107AC0009CF800E00393D4E9030101AB83E80300D1
:107AD000237D0093DCF80C10237A627A7046F2F76B
:107AE000B5FE38603346E0692A464946FFF76FFF26
:107AF0002B782BB1C7F80080002004B0BDE8F087D8
:107B00003378002B0CBF0C200B20F6E737B590F92B
:107B1000002090F90250954204460FD0013A52B22B
:107B200095420BD0A368019394F9013000936168EA
:107B3000E0782B46FFF71BFE0028EFD0104603B07D
:107B400030BD8842B8BF084670472DE9F341002395
:107B5000CDE900330E469046074618B9032002B01F
:107B6000BDE8F0810029F9D0002AF7D00C7863082D
:107B7000E00737F813104FF0000354BFC9B2090AE9
:107B80001D4641FA03F2D20706D505F108026A4400
:107B9000013502F8083CEDB20133082BF1D16DB18B
:107BA000691E0020FEF742FE00F108030DEB030002
:107BB00010F8083C03EBC40388F800300134E4B249
:107BC000082C28BF00241DB93378A342CFD1C5E7C4
:107BD00034700020C3E702FB0010704708B50A2983
:107BE0001DD8DFE801F0061C1C1C1C0B0E101C1A13
:107BF0001A00BDE808400068F2F7CABE042200215E
:107C000003E00522FBE70D22082190F90000FFF7B1
:107C1000DDFD003818BF012008BD0E22EFE700206F
:107C2000FAE738B505464068F2F7B2FE0D22841D2A
:107C3000082195F90000E4B2FFF7C8FD08B904F087
:107C4000FD0495F9000007220521FFF7BFFD01287B
:107C500003D095F900300D2B01DD04F0FD0495F9FA
:107C6000010003220021FFF7B1FD08B904F0FB0475
:107C7000204638BD4FF0FF3070474FF0FF3070475F
:107C80004FF0FF307047012310B50621044600F87D
:107C9000013BF7F7E1FA18B9A37963F03F03A37149
:107CA00010BD0B6803608B8883808B7983710378A8
:107CB00023F00203037070470078C0F34000704760
:107CC00038B50446807AEBF7E3FF6169054649B1B0
:107CD000637ADB0704D4836A1B6820469B68984755
:107CE0000023636121462846BDE8384001F038BBD7
:107CF000FEF75ABB10B50346BFF35B8F53E8000F86
:107D000040EA010243E80024002CF7D1BFF35B8F67
:107D100010BD0023EAF7D0BE38B504460D46F3F790
:107D2000CFFB5F3005D129462046BDE83840F3F748
:107D3000A3BB38BDBFF35B8F50E8003F0B4040E86A
:107D40000032002AF8D1BFF35B8F7047033138B59A
:107D5000C9B205460E20F4F71BFB032104460C3084
:107D6000FEF791FC01230370A0F80150204638BDB6
:107D700070B505460E460F200421F4F709FB0421D7
:107D800004460C30FEF77FFC0122067042704580ED
:107D9000204670BD08B5072201F039FEB0FA80F028
:107DA000400908BDFEF7F7BA00280CBF08460020BE
:107DB000704707B580B906216846F7F74DFA40B914
:107DC0009DF80530684603F03F038DF80530F4F761
:107DD0001FFB03B05DF804FB6FF01500F9E701200D
:107DE000704710B50C4631B10020FFF7E2FF08B92B
:107DF0000123237010BD6FF01500FBE7BFF35B8F0D
:107E00000068BFF35B8F7047032808B501D0F4F713
:107E1000FFFCBDE80840F4F713BD0369C9B20C22AA
:107E200002FB0133986C00F00700704770B5034601
:107E3000C9B20069EFF31186202484F31288BFF3DE
:107E40006F8F0C2505FB0104A46C14F0C00401D055
:107E5000A24211D105FB010001228264002086F3B9
:107E60001188BFF36F8F30B95B680C2202FB0133BE
:107E70005B689847002070BD4FF0FF30EFE780222D
:107E8000FFF7D4BFF8B5069F04690546C9B2EFF302
:107E9000118C202080F31288BFF36F8F0C2606FB15
:107EA0000146B06C00F0070EBEF1010F10D1B764AF
:107EB00000268CF31188BFF36F8F3EB90C2041432D
:107EC0000C44C4E910236B685B5898473046F8BDF2
:107ED00000F0C00087420CBF6FF077064FF0FF360E
:107EE000E7E713B580240094FFF7CCFF02B010BD84
:107EF0000069CBB200EB4310002110471046FBF79E
:107F0000FDBE00F08EBBFAF7E3BD43685B68D3F8B3
:107F100010350B600020704743685B6802EA01007F
:107F200021EA0201C3F80805C3F80C1500207047C8
:107F300043685B680020C3F80815704743685B68B6
:107F40000020C3F80C15704743685B68D3F804251C
:107F500021EA02001140C3F80805C3F80C150020FF
:107F6000704730B50369586800B30024884219D1BE
:107F700008688CB99C685860A14200D198600020C4
:107F800008602AB15A680A609A68596002B9996013
:107F900000200FE02846E9E720609868814208BF8A
:107FA0009C60ECE705680446002DF3D1002AE9D176
:107FB0006FF0150030BDFAF79BBE4FF08043D3F849
:107FC000002402F00103910748BF43F0100311079A
:107FD00048BF43F48073D10348BF43F0800351038B
:107FE00048BF43F02003510748BF43F00203910309
:107FF00048BF43F08003110348BF43F08003D2021F
:1080000048BF43F0080303600020704730B5436861
:108010001360057A446804EBC504A34202D36FF0F1
:10802000010030BD5C798C4203F10803F0D10020DF
:10803000F7E743681B68D3F88004C3F880047047EF
:1080400042681368D3F8100150B1D2690020127849
:108050000A70C3F81001D3F8102101221A6070478A
:108060004FF0FF30704702680346D2F8580140B91C
:108070005B68DB0706D4D2F82001003818BF012066
:1080800070470120704743681B68D3F80423D2056A
:1080900017D5D3F82021A2B1EFF31182202181F36B
:1080A0001288BFF36F8FD3F8201131B10021C3F8CC
:1080B0002011D3F820110121D96082F31188BFF378
:1080C0006F8FD3F85831704713B501AA0446FFF7F4
:1080D0009DFF002805DB019B226819791868F9F7D4
:1080E0007BF902B010BDFEF756B900220121042031
:1080F000EBF7B8BA10B50B6813B91360184605E072
:1081000003685C681CB114600368186810BD08330C
:1081100003600B68013B0B60EDE730B50446006976
:10812000C56FD0F8843085B05DB953BB24696366F0
:1081300004F14C00FBF7E2FD002384F8903005B019
:1081400030BD03B3AB421A4628BF2A46816FC0F840
:108150008C20009119B1002D14BF1146002101910E
:10816000D0F88010029181B1002B08BF0022039249
:108170006946002200F0C2FD0028E0D06FF0040341
:10818000D4E71A46E2E72A46E0E70A46EFE708B5F1
:108190000069C36A8B420AD190F8903053B9C36B1F
:1081A0001BB903633430FBF7A9FD002008BD6FF055
:1081B0001500FBE76FF00F00F8E7F0B587B001237B
:1081C0008DF8023002238DF804306B4403930E4681
:1081D00001AB0DF1030100270546029104930597B9
:1081E000FAF77AFD041E0BDB03AA3146284600F09D
:1081F00034FB041E07DA9DF803102846FAF766FDE3
:10820000204607B0F0BD3C46FAE7F8B50C460546F7
:1082100000F0D8FC002221460646284600F07FFCEC
:1082200003212046F9F7EAFC00F01CF907462B6809
:108230009B5953B100262146284600F0C1FC204638
:108240000121F9F7DBFC3046F8BD00F00BF9C01B4B
:108250000628ECD96FF07306EDE7FEF79CB8002214
:1082600001212F20EBF7FEB910B50B6813B913608D
:10827000184605E003685C681CB114600368186860
:1082800010BD083303600B68013B0B60EDE713B5CD
:1082900001AA0446FFF7BAFE002805DB019B22680D
:1082A00019791868F9F798F802B010BD03460A4624
:1082B00000681979012303FA01F103691B68194267
:1082C00018BF82F0010212B18368DB681847836827
:1082D0001B69FBE710B504460068D0B1037DC3B14C
:1082E00049B101210830FFF7E1FF23681869BDE8B3
:1082F000104000F0CBBE12B98388DB0409D40069BA
:1083000000F0C4FE20680021BDE810400830FFF7EF
:10831000CDBF10BD10B5012200210446FFF7DAFFE2
:10832000A36933B9636004F11000BDE81040FBF7A6
:10833000E5BC10BD10B50069C36A8B420AD1826AE0
:1083400093420AD190F8944054B92830FFF7E2FFE5
:10835000204610BD6FF07700FBE76FF01500F8E7DF
:108360006FF00F00F5E738B505690446A96605F119
:108370005000FBF7C3FC002285F8942020691146C9
:10838000BDE838402830FFF7A5BFF0B50469D4F840
:108390008020D4F8883085B006463AB95BB91946D2
:1083A000304605B0BDE8F040FFF7DDBF002B49D0F7
:1083B000934228BF13467068E16F058ED4F884702D
:1083C0009D4228BF1D4679B172B101F06043B3F1FF
:1083D000005F09D0082D28BF0825D4F898002A4648
:1083E00001F0FFFAD4F89810D4F8842062B1D4F8E0
:1083F00088304BB107F06043B3F1005F04D0082D23
:10840000D4F89C7028BF0825E36FC4F890502BB1B6
:10841000D4F88030002B14BF2B46002301939AB16F
:10842000D4F88830002B08BF00250091002269464F
:10843000204603950297FAF7B5FF01460028AFD111
:1084400005B0F0BD1346B6E71546EEE700F1500360
:108450009B009BB203F1804303F5883300221A602E
:108460001B68704708B5F9F76FFF08BD4FF0FF3084
:10847000704708B5006990F83430994207D290F8F7
:1084800035303BB1C9B2FBF7A9F8002008BD6FF049
:108490001500FBE76FF00A00F8E71FB50469002339
:1084A0000193CA070393236B02935CBF01230193DB
:1084B0008B0758BF019B01A958BF43F00803204612
:1084C00058BF019300F09CFD002806DB204600F019
:1084D000A6FD012384F83530002004B010BD4FF014
:1084E0008053D3F83021082A03BFD3F83401B0FAFF
:1084F00080F040090020704703460020184700F034
:10850000C5BD10B502461168B1B1BFF35B8FB1FABA
:1085100081F3C3F11F000123834021EA030352E8E2
:10852000004F8C4204D142E8003CBCF1000FF6D170
:10853000BFF35B8FE7D110BD6FF00B00FBE710B509
:108540000368CB40DB0714D401238B400268BFF3E0
:108550005B8F43EA020150E8004F944204D140E8A7
:10856000001CBCF1000FF6D1BFF35B8FEED10020F1
:1085700010BD6FF01500FBE770B50C4600210546F5
:1085800008461646FAF7CAF948B93378DB0003F112
:10859000804303F5F833C3F81055C3F8144570BD94
:1085A00010B1012802D07047FAF792BAFAF742BA2E
:1085B00018B1012803D100F019B800F032B87047A3
:1085C00008B5FAF753FABDE80840FAF7C1BA4FF018
:1085D0008053D3F83021082A06D1D3F83401022879
:1085E0008CBF00200120704700207047FAF7E8B9DF
:1085F00038B54FF080440223C4F808330123E36008
:108600000023C4F80431D4F8043142F21075D4F8D0
:108610001834DB0304D50120FFF771FF013DF6D1CB
:1086200038BDFFF7E5BFF7B5019001A8DDE90847C0
:1086300016461D46FAF7C4FA019BB6F1000C18BFA6
:108640004FF0010C00EB83000B1E18BF0123002D1F
:1086500043EA4C030CBF4FF0000C4FF00C0C002C05
:1086600043EA0C030CBF4FF0000C4FF4E06C002FFA
:1086700043EA0C03D0F800270CBF4FF0000C4FF476
:10868000403C43EA0C0322EA030301B109780EB12E
:108690003678760019430DB12D78AD0031430CB119
:1086A0002478240229430FB13F783F040C433C4314
:1086B000C0F8004703B0F0BD1FB50DF10F030193E3
:1086C00000238DF80F1000931A461946FFF7ABFFF1
:1086D00005B05DF804FB10B504460846FAF780FAC9
:1086E00004EB4004207DC0F3401010BD10B50446DB
:1086F0000846FAF775FA04EB4004207DC0F3400009
:1087000010BD10B504460846FAF76AFA04EB4004B7
:10871000A08A400B10BD70B5044608461646FAF70D
:108720005FFA08300D4634F81030DA0509D5C3F386
:10873000432304EBC302314654F8333052682846D1
:108740009847A3682BB1E26831462846BDE87040DF
:10875000184770BD10B504460846FAF741FA04EB15
:108760004000838ADA051DD5C3F3432123F4F8536F
:10877000838204F1120204F1720032F8023F13F412
:10878000807F03D0C3F3432399420BD08242F4D1BC
:1087900004EBC10300225A6004F17800BDE81040E8
:1087A000FFF7CDBE10BD10B50446FFF794FF38B1FA
:1087B0002046FFF7A6FF800000F5807080B210BD54
:1087C0004FF4BE70FBE7F0B5034600F5807400205F
:1087D00005460127844695420AD1D3F87C2132B15F
:1087E0000022C3F87C21D3F87C3140F00040F0BD7A
:1087F00025F0404607FA06F6314209D0D4F800E0E9
:10880000BEF1000F04D0C4F800C0D4F800E030433B
:1088100001350434DFE738B504460D46FFF75BFF4A
:10882000A8B12046FFF762FF88B92046FFF769FF2D
:10883000226801238340C2F80833236803EB8000D9
:10884000D0F8103523F00303C0F8103538BD2846A2
:108850000021BDE83840FFF72FBF2DE9F043174650
:1088600085B004460846FAF7BBF9D7F800800E46F3
:108870000546B8F1000F1ED02046FFF737FF18B1AC
:108880002046FFF728FF20BB0023CDE900338DF8F9
:108890000E308DF80F300DF10F0243460DF10E0131
:1088A0003046FFF7C0FE04EB4502938A23F0020333
:1088B00043F0010393827B689BB33146204693F8D3
:1088C0000080D3F80490FFF711FF28B1B9F1000F31
:1088D0001FD06FF0150027E004EB4500838A23F4D6
:1088E000604323F020038382B9F1000F11D0B8F167
:1088F000030FEED87B6821685B6893F800C04FEAED
:108900008C031944B8F1000F11D1C1F81085C1F8DA
:10891000108504EB4502938A23F01C0343EA880385
:108920009382BB6843BB002005B0BDE8F083D1F85B
:10893000102522F00302C1F8102522681344D3F851
:10894000102522F44F3222F44072C3F8102532026F
:10895000D3F8101502F47C5242EA08420A43C3F8E5
:10896000102504EB4C03A3F87C60838A43EA4C3364
:1089700043F020038382CCE7D3E9007831462046D8
:10898000FFF7E8FE002FCED063689F4206D004F1C7
:108990007800FFF7B6FD002804DAC5E7A36898451C
:1089A000F5D1002004EBC003C3E9017804EB4505D1
:1089B000C0B2AB8A43EA402343F48073AB82B2E790
:1089C0002DE9F043054685B0084616461F46FAF7DE
:1089D00007F90C46804626B32846FFF787FE18B9EC
:1089E0002846FFF778FE18BB05EB4809B9F81430A4
:1089F00003F01C0313B17378012B19D001238DF8F8
:108A00000F300023CDE90063721CB31C0DF10F0180
:108A10002046FFF708FEB9F8143043F00303A9F825
:108A20001430002F3FD021462846FFF75FFE20B9C3
:108A30006FF0150005B0BDE8F0833E782B6803EBBE
:108A400086030022C3F81025C3F8102505EB480261
:108A50004FEA860C938A23F4604323F02003938229
:108A6000787800B32968BF7861440004D1F81035E4
:108A700023F4991323F4F853C1F81035230200F4BA
:108A8000403003F47C5303433805D1F8105500F40B
:108A9000801003432B43C1F81035938A43EA4633D1
:108AA00043F0200393820020C4E7C0E9031270471B
:108AB00070B504461546FFF70EFE48B10846FAF7B2
:108AC0008FF804EB40040020A38A5B0B2B7070BD71
:108AD0006FF01500FBE738B590F88C4005469CB95F
:108AE00060222146143000F08AFF2868C0F87C41DB
:108AF000D0F87C3140F30730EAF784FD012385F894
:108B00008C30AB67204638BD6FF07700FBE790F8FC
:108B10008C00003818BF01207047FAF79BB82DE988
:108B2000F34104461746FFF7D6FD0D462668F0B11F
:108B30002046FFF7DBFD8046C8B92046FFF7E1FD80
:108B4000820002F5807346F80380F35823681344CB
:108B5000D3F8102542F00102C3F8102527B122688E
:108B600001238340C2F8043302B0BDE8F081D6F897
:108B70000433002BA4BF4FF00043C6F8043328464B
:108B8000FAF72EF804EB4004A38AC3F38203042B04
:108B900012D0052B12D001A80195FAF711F8019B0C
:108BA000D0F81015D94001F001010231284602B079
:108BB000BDE8F041FFF780BD0321F7E70221F5E7AB
:108BC000FFF729BEFFF7EFBD07B5019001A8FAF73F
:108BD00075F9019A01239340C0F8083503B05DF898
:108BE00004FB07B5019001A8FAF768F9019A01237F
:108BF0009340C0F80C3503B05DF804FB37B5D0F8EE
:108C000018358A69DBB28DF807300B6A93423EBF94
:108C10004A699DF80740D4540B6A91F824405A1CC5
:108C20000A6202333CB10C69A3428C6938BF0B6104
:108C30009C4288BF8B610C699C4206D9CA68D35C90
:108C4000C0F81C35012003B030BD8D699D4201D9AB
:108C5000CB7FF5E7AC4238BF2C46A2422CBF0020A8
:108C60000120F0E770B590F820600446BEB9C0E975
:108C7000012351B1CB7B80F82930CB7880F82230AA
:108C80004B7980F82330FAF73FF92268012300205E
:108C9000C2F8003584F8210084F8203070BD6FF0F0
:108CA0007700FBE738B5D0E90053044633B145F30C
:108CB0000730EAF7B5FC0423C5F808330023C5F8EC
:108CC000003594F82930ABB9D5F80805FAF7A2F9C0
:108CD000D5F81005421C01D0FAF79CF9D5F80C051F
:108CE000431C01D0FAF796F994F82200FF2801D02E
:108CF000FAF790F9002384F8203038BDF8B590F8E1
:108D0000213004460E461746002B55D1436813B157
:108D1000012380F8213096E80F0004F1100585E862
:108D20000F0094F822000023FF2884F8283001D097
:108D3000FFF757FF2FB1002384F821306FF0850033
:108D4000F8BD256867620423C5F80833C5F80871C3
:108D5000D5F8083173688BB133681B78C5F81C35BA
:108D60007368012B0DD933685B78C5F81C356668CC
:108D70006EB10423C5F804330020E1E794F82330F2
:108D8000ECE7F368012BF2D994F82330EDE7211DCD
:108D9000D5F80831002BFBD0C5F808612846D5F876
:108DA0000831FFF72BFF0028F2D194F82200FF28AA
:108DB000E2D0FFF709FFDFE76FF00F00C0E770B503
:108DC0000146044651F8040B0025C0F80851D0F8BC
:108DD0000831FFF713FF78B994F82200FF2801D07B
:108DE000FFF7F2FE204684F8215000F80C5FD4E92A
:108DF0000131BDE87040184770BD4FF08053D3F883
:108E00003021082A05D1D3F83401003818BF0120D9
:108E100070470020704730B505469008403801245F
:108E2000844014EA010009D0A85838B10021A950A3
:108E3000AA5813B11A6822431A60012030BD2DE9E7
:108E4000F341002304460D460193904601AB4FF4D5
:108E5000A672FFF7E0FF4FF4827229462046FFF723
:108E6000DAFF4FF48C72074629462046FFF7D3FFFE
:108E7000064630B1B8F1000F1DD017B1D4F83C351B
:108E80003E4601AB4FF4887229462046FFF7C3FFE8
:108E900030B1B8F1000F03D016B90FB1D4F83C359A
:108EA00001AB4FF4907229462046FFF7B4FF0198BA
:108EB00002B0BDE8F0814646E3E707B5019001A89E
:108EC000FAF7BEF8019A01239340C0F8083503B0C1
:108ED0005DF804FB07B5019001A8FAF7B1F8019A13
:108EE00001239340C0F80C3503B05DF804FB70B566
:108EF0004B7F04460D467BB101234361642600226B
:108F000002212046FFF79BFF20B90120FFF7F7FA67
:108F1000013EF4D100236B77AB7F5B071DD54FF08B
:108F20008053D3F83021082A18D1D3F83431ABB9A3
:108F30004FF0FF32D4F80805D4F80C15C4F800350A
:108F4000C4F80825C4F80C250922C4F80025C4F883
:108F50000035C4F80805C4F80C1570BD0023C4F82A
:108F60000035FAE770B51D4690F8203004461646E5
:108F70008BB919B14869FAF799F878B1C4E9016574
:108F800011B12046FAF7C6F80020012384F8210029
:108F900084F8203070BD6FF07700FBE76FF01500AC
:108FA000F8E738B5D1E9005104460023C8034FF46F
:108FB0007A72490CE7F728FA2368C3F80C55C3F80E
:108FC0000405A36863B124680023C4F8003144F3A6
:108FD0000730D4F80031EAF715FB0123C4F8043355
:108FE00038BD38B5C0E90223437933B90123437151
:108FF00009B1FFF7D6FF002038BD6FF07700FBE71F
:1090000008B543792BB1022B06D0FFF7CAFF002029
:1090100008BD6FF07600FBE76FF00F00F8E703681C
:1090200001221A6002234371704710B5EFF31184D7
:10903000202383F31288BFF36F8F0379072B11D896
:109040000B700133037102680978D2F80805012317
:109050008B400343C2F80835002084F31188BFF326
:109060006F8F10BD6FF00B00F7E70368D3F804149F
:10907000D3F800214AB10022C3F80021D3F800310F
:10908000D0E902324FF480701847704708B1EAF710
:10909000E5BE704710B5436904463BB90020E2685D
:1090A000537843F001035370404210BD98470028A5
:1090B000F4D00028B8BF4042E368FF28A8BFFF20D3
:1090C0001870ECE740B1C368587810F001001EBF7B
:1090D0001878B0FA80F040097047EFF3118320232D
:1090E00083F31288BFF36F8FFEE710B400F10C0416
:1090F000C0E903440024047510BCFCF75BBC38B520
:109100000446EFF31185202383F31288BFF36F8F9A
:10911000E8F702FD04F10C0000F03DFA30B12946F9
:1091200004F11400BDE8384000F01ABA85F3118844
:10913000BFF36F8F38BD08B52024EFF3118384F39C
:109140001288BFF36F8FFDF71EFAF6E7D0E9003201
:1091500013605A60027C002322F00202C0E900334F
:10916000027483607047C0E9032303FB02120023EB
:10917000436280F83030037200F12803C0E9062111
:10918000C0E90000C0E90A3341610162704713B5CC
:1091900001240094FAF7EEFB02B010BD90F90E30F6
:1091A0008B4201D0FBF74EB90020704703460020E8
:1091B000C3E90200C3E900337047D0E9003213600D
:1091C0005A60027C002322F00202C0E900330274DC
:1091D000836070472DE9F041904604469DF81820C1
:1091E0000D46EFF31186202181F31288BFF36F8FB4
:1091F00002B14568224652F80C7F974217D0B7B1AA
:109200003846FFF7DAFF07F1180000F046FA0023AE
:10921000C7F8B030C7F81480384600F03FF904F1C1
:109220000800314600F09CF90020BDE8F081A3B1B0
:109230000820FBF799FE002838D00122C0F80480EE
:109240000260016801F003015DB922680A4302600F
:10925000626820606AB960600BE0C8F80030404680
:10926000EFE72A68032A16D80160616869B9C4E982
:109270000000042104F1140000F08DFB0028CED181
:1092800086F31188BFF36F8FCFE70A6802F00302FD
:1092900002430A60DFE722F003020A4302602A6801
:1092A00002F0030240EA02032B60E2E76FF00B00DA
:1092B000E6E710B5044630B10268930703D044686E
:1092C00009B100F087FB204610BD0023C0E9003340
:1092D000037200F10C03C0E9033300F11403C0E989
:1092E0000533704770B50546EFF31186202383F3ED
:1092F0001288BFF36F8F034653F80C4F9C421BD06C
:1093000074B12046FFF759FF04F1180000F0C5F9C9
:109310000023C4F8B0306361204600F0BFF8012498
:10932000082105F1140000F036FB38B934B986F392
:109330001188BFF36F8F70BD0024F1E7314605F14E
:109340000800BDE8704000F00BB907B50123009399
:1093500000230A461946FFF73DFF03B05DF804FB02
:1093600007B500230A4600931946FFF733FF03B001
:109370005DF804FB5AB18A4209D300F11003C0E939
:109380000212C0E90000C0E90433002070476FF00A
:1093900015007047026801238B4022EA0303036033
:1093A00022FA01F000F00100704720B100221146BE
:1093B000C43000F038B9704738B504460D46102265
:1093C000002100F01CFB656038BD13B50190084614
:1093D000EFF31184202383F31288BFF36F8F01A969
:1093E000FAF7DAFD84F31188BFF36F8F02B010BD76
:1093F00010B5FFF7EAFF041E08DDEFF3118020230C
:1094000083F31288BFF36F8FFBF788F8204610BDF7
:1094100008B5D822002100F0F2FA08BDEFF305806C
:10942000003818BF0120704778307047D0E900320B
:1094300013605A600023C0E90033704708B5FFF796
:10944000F5FF037C23F0020303740023836008BD4F
:1094500038B504460D46FAF751FF237C43F002036A
:109460002374D5B1A5602B689D4209D16B68C4E90E
:1094700000531C606C6010E06A689A42F6D01B686A
:10948000002BF3D093F90E1094F90E209142F3DDE6
:109490005A68C4E9003214605C6038BD10B5EFF35F
:1094A0001184202383F31288BFF36F8FFAF7E6FE4F
:1094B00084F31188BFF36F8F10BD08B5EFF31181EE
:1094C000202282F31288BFF36F8F83680BB1FFF7FE
:1094D000B5FF81F31188BFF36F8F08BD08B5037C1A
:1094E00013F0280F01460CD183680BB1FFF7A6FFDC
:1094F0000B7C23F004030B740846BDE80840FAF720
:10950000BDBE08BD10B5EFF31184202383F312888C
:10951000BFF36F8F1838FFF7E1FF84F31188BFF3B3
:109520006F8F10BD08B50346EFF31181202282F33F
:109530001288BFF36F8F0068834207D008B1FFF72E
:109540007DFF81F31188BFF36F8F08BD0020F8E71E
:1095500010B5FFF7B2FFBDE81040183000F09DB81D
:109560000846FAF703BF38B504680546AC424FF029
:10957000000000D138BD002CFCD02046FFF75EFF74
:1095800004F1180000F089F82046FAF777FE2C68FD
:109590000120A542EDE710B5EFF31184202383F3FA
:1095A0001288BFF36F8FFFF7DEFF84F31188BFF3DC
:1095B0006F8F10BD38B50C460546FBF74BF8B4F17C
:1095C000FF3F08BFB5F1FF3F1FBF47F6FF73002203
:1095D0004FF47A71E0FB01321ABFD80B40EA4240E7
:1095E0004FF0FF3038BD38B50446EFF31185202326
:1095F00083F31288BFF36F8F037C5B070ED518309F
:1096000000F04BF8237C23F0040320462374FAF780
:1096100035FE2846BDE83840FAF7A8BE85F3118824
:10962000BFF36F8F38BD38B5EFF31185202383F377
:109630001288BFF36F8F0468A04213D0A4B1C4F89E
:10964000B01062612046FFF7F9FE04F1180000F047
:1096500024F82046FAF712FE012085F31188BFF3A3
:109660006F8F38BD0020F8E72046F6E708B50246C0
:10967000FBF784F970B1D0E904319B1A61EBE27217
:10968000B3F1004F72F1000104DA002AACBF1846B2
:10969000002008BD6FF00040FBE738B50246EFF34D
:1096A0001185202383F31288BFF36F8F0368D3B132
:1096B000FBF764F904461046FBF772F900224FF0FD
:1096C00000438442C0E9042305D0002085F31188BB
:1096D000BFF36F8F38BDFBF759F9FFF7C7FF0021C4
:1096E000F8F79CFFF1E7D0E90413B3F1004F08BF8E
:1096F000012904D100204FF00041C2E904016FF0BC
:109700001500E3E708B5FBF753FA08BDFBF750BABD
:10971000B3F1FF3F08BFB2F1FF3F70B506461D46EB
:10972000144614D01A4316D0002B08DBFBF740FA7E
:10973000041941EB0501C6E90041304670BD6FF0E8
:1097400001031C1B4FF0FF3363EB0501F3E74FF000
:10975000FF342146EFE70024FBE7B3F1FF3F08BFEA
:10976000B2F1FF3FF8B5074616461C4610D054EA42
:10977000020311D0FBF71CFAB0420A46A14103468E
:109780000AD2F31A64EB0204C7E900343846F8BD84
:109790004FF0FF331C46F7E70023FBE70023C0E947
:1097A000081200F11802C0E90622C0E90033036381
:1097B0004363704730B5D0E90034984208D03CB1DB
:1097C000A568DDB112F9522C15F9525CAA4207DDE9
:1097D000C1E90004216041600FE0A342F8D01B689A
:1097E000002BF5D09D684DB115F9525C9542F4DD22
:1097F0005A68C1E900321160596030BD00239B7B7B
:10980000FFDE2DE9F84F00250F4614469846014625
:109810002E464FF0200AA946BD4202DB3046BDE885
:10982000F88FEFF3118B8AF31288BFF36F8F4B7BA6
:1098300003F03F03082B09D853B1013B072B07D88E
:10984000DFE803F0281C06220606062E102B2DD07A
:10985000B8F1000F3BD12378002B38D04B7B03F0BD
:109860003F03082B3AD8002B3AD0013B072B37D8BF
:10987000DFE803F04339363F363636460B699B68DE
:10988000002BE5D0022317E00B691B68002BDFD00B
:10989000042311E00B699B68002BD9D001230BE056
:1098A0000B695B6A002BD3D0102305E00B69DA89C2
:1098B0005B899A42CCD02023CA68C1F80890C2F3D1
:1098C0008630034363F39432CA6084F800908BF3CC
:1098D0001188BFF36F8F013514319DE7102B13D022
:1098E0008C600136F3E7086922461030FFF762FF0B
:1098F000F6E7086922461430F8E708692246F5E7DA
:10990000086922462830F1E7086922463030EDE741
:109910002DE9F041846805460E46D4B16378012BE9
:1099200022D114F8503C9A0711D5A4F160073846AB
:10993000FFF70EFE082E14BF00236FF0030323650C
:1099400014F8503CDB0602D13846FFF7A7FD002390
:1099500023700023AB60EB68C3F38632164366F3D3
:109960009433EB60BDE8F081022BF0D12378002B1B
:10997000EDD054F8048CB8F1000FE8D004F11400D5
:10998000FFF78BFEA4F114070023E362394640463B
:10999000FFF71BFDDBE738B5EFF31185202383F3D9
:1099A0001288BFF36F8F0468A04211D0D4E900324F
:1099B00013605A600023C4E900332046FFF7A8FF74
:1099C00085F31188BFF36F8F201E18BF012038BDAB
:1099D0000024F5E720B1011F50F8040CFFF78FBBFE
:1099E00070470A44914200F1FF3300D1704710B52F
:1099F00011F8014B03F8014F9142F9D110BD024417
:109A00000346934200D1704703F8011BF9E710B5F4
:109A100001390244904201D1002005E0037811F899
:109A2000014FA34201D0181B10BD0130F2E710B561
:109A30000139034632B111F8014F03F8014B013AE5
:109A4000002CF7D11A440021934200D110BD03F835
:109A5000011BF9E710B5024601448A42134603D0C0
:109A60001C780132002CF8D1181A10BDF0B5C3F1E2
:109A700037070446FFB203F01F031046082BE6B277
:109A800033D0102B3ED06508A40844EA817445EA1F
:109A9000C1752D194FEA910242EB5102290941EAA1
:109AA00002716D1842EB1212290A41EA02616D1827
:109AB00042EB1222290C41EA02416D1842EB12429C
:109AC000AD1842F10002EC0844EA4274D10804EBFC
:109AD0008402A6EB4205EDB2092D0CD90134A5F1A3
:109AE0000A0541F10001EDB212E0E40844EA4174D4
:109AF00006F00705C908303554EA010200F8015B99
:109B0000BCD1F0BD240944EA017406F00F0509092F
:109B1000092D84BFED19EDB2EDE7D1E9043293428E
:0C9B20001EBF5A1C0A611870704700003C
:089B2C003069FE7F010000001A
:109B3400813E000000000000253E000000000000FF
:109B440000000000D49B0100513901000000000016
:109B5400000000000C9C010000000000F09B0100CC
:109B640000000000289C010000000000449C01004B
:109B740000000000609C0100B90D0100000000001D
:109B8400BD24010000000000D925000000000000F1
:109B9400B13E000000000000F93B0000000000009E
:109BA400854F01000000000000000000989C0100A7
:109BB400000000007C9C010000000000B49C010037
:109BC40000000000D09C010009B400000000000067
:109BD400E3C5010068A80100C49E0100F40400204C
:109BE40010500020A90A0100000000001CC601005A
:109BF40080A80100749E0100F8040020C0500020D9
:109C040081120100000000002AC6010094A801008E
:109C1400749E0100FA040020CC500020811201003F
:109C2400000000000CC60100000000006C9E010052
:109C3400F60400206C500020CD0F0100000000004D
:109C440057C60100A8A80100089F0100FC040020D9
:109C5400D8500020391601000000000064C801003B
:109C640000000000A89E01000205002084040020DA
:109C7400FD26010000000000A8A60100000000006D
:109C8400B89E0100F2040020C84D0020000000002E
:109C9400000000000BC80100ECA80100989E010020
:109CA400FE040020500300202917010000000000DA
:109CB40049C8010030A90100A09E01000005002050
:109CC400E40300203D1C0100000000009CBD0100D5
:109CD40000000000E09E0100F004002000000000ED
:089CE4001D4D0000000000000E
:109CEC00C1850100F9840100000000006B650100D2
:109CFC00449C010087800100000000006B6501009E
:109D0C0050030020BF8D0100000000006B650100B6
:109D1C0094010020B77F0100000000006B6501007A
:109D2C00000000006B650100000000006B65010085
:109D3C00000000006B6501000000000079F20000DB
:109D4C00000000006B6501006C5000203D1001000C
:109D5C0000000000B5090100000000006B65010067
:109D6C00840400206B900100000000004D250100D0
:109D7C00000000006B650100000000006B65010035
:109D8C00000000006B650100000000006B65010025
:109D9C00000000006B650100000000006B65010015
:109DAC0000000000A9F20000000000006B6501003B
:109DBC00000000006B650100000000006B650100F5
:109DCC00000000006B650100000000006B650100E5
:109DDC00000000006B650100000000006B650100D5
:109DEC00000000006B650100000000006B650100C5
:109DFC00000000006B650100000000006B650100B5
:109E0C00000000006B650100000000006B650100A4
:109E1C00000000006B650100000000006B65010094
:109E2C00000000006B650100000000006B65010084
:109E3C00000000006B650100000000006B65010074
:109E4C00000000006B650100000000006B65010064
:109E5C00000000006B650100E40300206D3501007B
:089E6C00790F0100C90E01008D
:109E7400B11001000B7F0100197F0100317F010047
:109E84003D7F0100497F0100BD120100637F010095
:049E940000000000CA
:109E98006D1801008F8101004D1E010035830100FE
:109EA8009B8401006D8401008D26010073840100EC
:0C9EB800CDE600009DE5000005E500007F
:109EC400010B01007F7E0100E37E01000000000021
:0C9ED4001B7E01000000000000000000E8
:109EE000D54800005D460000F5460000A946000088
:109EF000A94700007D4800000000000000000000AD
:089F000000000000D949000037
:0C9F080041800100811501003380010040
:109F1400090B0000C50B00004D1400008919000056
:049F2400DD1A000042
:109F28004BAA01000300000058BE01000300000016
:109F3800B8A70100030000001CA7010003000000EF
:109F4800BCA60100030000005FBE01000300000082
:109F580055C4010003000000BCC501000300000057
:109F6800DBC50100030000007FB201000300000010
:109F7800FEC501000300000002AC01000300000060
:109F8800AAAC010003000000F6AD010003000000C8
:109F9800BDAD01000300000074AE01000300000025
:109FA800A3B2010003000000A7B2010003000000F3
:109FB800A7B30100030000003BB901000300000043
:109FC8009CB7010003000000FBB70100030000007C
:109FD80003B801000300000043C9010003000000AA
:109FE800D4B101000300000012B801000300000012
:109FF80018C801000300000056C801000300000053
:10A00800C0AE010003000000B9B001000300000069
:10A0180022AF0100030000004BB101000300000063
:10A02800A3BD01000300000068BC0100030000009C
:10A0380090B201000300000065C6010003000000A3
:08A0480076C8010003000000CE
:10A0500048A201006801002096B301000100000041
:10A0600040C3010045C3010049C301004DC30100C5
:10A0700051C3010055C3010059C301005DC3010074
:10A0800061C3010065C3010069C301006DC3010024
:10A0900071C3010075C3010079C301007DC30100D4
:10A0A00081C30100000103FF04FF0200000100085A
:10A0B000120000000000000000000000000000008E
:10A0C0000338FDD8704700000000000000000000C9
:10A0D000EF540100F1540100FF54010000000000A2
:10A0E0000000000015550100335501003D0C000033
:10A0F00079550100690C0000350C000000000000DB
:10A10000000000001755010041550100C10C00007E
:10A110007B5501007D550100B90C000000000000D6
:10A1200000000000195501004F550100F10C00001E
:10A13000AB550100AD550100E90C00000000000026
:10A14000000000001B5501005D550100390D0000A5
:10A15000DB5501000D0D0000050D000000000000A2
:10A16000000000001D5501006B550100910D00001D
:10A17000F3550100F1550100890D000000000000B9
:10A18000000000000000000000000000CD570100AA
:10A190000C9C01000D0001000C9C01000E00010050
:10A1A0000C9C01000F0001000000000000000000F6
:10A1B0008F5701009157010051130000000000006B
:10A1C000000000009F570100A15701008916000000
:10A1D0000000000000000000B5570100B757010063
:10A1E000611A0000700F002000010000AD62010044
:10A1F0004F620100020000005D64010000000000E9
:10A2000000000000000000000000000076B3010024
:10A210007EB301000000000000000000000000000C
:10A2200086B301008AB301008EB3010092B301002E
:10A2300038A20100F4330020A52F000014340020C0
:10A2400057570020010000001D6501001365010043
:10A25000E1640100D564010000000000C964010050
:10A2600000000000000000200000000000000B06BD
:10A270000200000078A2010000000000ECB701001D
:10A280002600020600000020F4B7010022000B1196
:10A29000C53C000000000000F56501000000000062
:10A2A000EAFFFFFF8CFFFFFF8CFFFFFF8CFFFFFF2C
:10A2B000EAFFFFFFEAFFFFFFEAFFFFFF98FFFFFF54
:10A2C00086FFFFFFF3FFFFFFF3FFFFFFEAFFFFFF44
:10A2D000EAFFFFFFEAFFFFFFEAFFFFFF00000000C9
:10A2E000F0FFFFFF93FFFFFFEAFFFFFFEAFFFFFF23
:10A2F000EAFFFFFFEAFFFFFF80FFFFFF86FFFFFF90
:10A30000A0FFFFFF86FFFFFF91FFFFFF80FFFFFF22
:10A3100080FFFFFFF0FFFFFFF0FFFFFFF0FFFFFFF9
:10A32000EAFFFFFFEAFFFFFFEAFFFFFFEAFFFFFF91
:10A33000EAFFFFFFEAFFFFFF62B9010065B9010014
:10A340006BB9010076B9010083B9010090B9010031
:10A350009AB90100A4B90100B0B90100C2B9010065
:10A36000DBB90100E8B90100F1B9010000BA010050
:10A370000EBA01001ABA010062B901002BBA01003D
:10A3800030BA010040BA010052BA010064BA0100BB
:10A3900075BA010093BA0100A5BA0100B2BA010072
:10A3A000C7BA0100D8BA0100EEBA0100FFBA010035
:10A3B00015BB01002FBB01004ABB010060BB0100BF
:10A3C0006DBB010080BB010092BB01009FBB01007F
:10A3D000B3BB0100CDBB0100B55B000081500000A4
:10A3E000415B00006D5100007B6A0100E16A0100E1
:10A3F000355C0000D55E0000C96701008D5000008B
:10A4000051570000E15600001D570000E5580000BC
:10A41000000000000D610000000000001B6A010048
:10A42000316A010013680100F96701008D610000C5
:10A43000C16100001F6B010000000000000000006F
:10A4400000000000B49C010040420F000001000029
:10A45000F09B01000C000100000000000100000062
:10A4600000000000F09B01000B000100F09B0100C8
:10A4700003000000F09B010004000000F09B0100BD
:10A480000500000048E8010090D0030020A107006B
:10A49000280A0000170000001C0C00000F0000003C
:10A4A0003C0F0000070000005014000016000000E0
:10A4B0009C1800000E000000781E0000060000003E
:10A4C000A028000015000000D43000000D0000009E
:10A4D000F03C0000050000004051000014000000A6
:10A4E000A86100000C000000447A00000400000095
:10A4F000E4A200001300000050C300000B000000A5
:10A5000024F4000003000000854501001200000053
:10A51000A08601000A00000048E8010002000000D7
:10A520002C8B020011000000400D03000900000008
:10A5300090D0030001000000E09304000000000040
:10A5400048E8010048E8010048E8010048E8010047
:10A5500020A1070000000000000000000000000033
:10A5600020A1070020A1070020A1070020A10700CB
:10A5700020A1070020A1070000000000000000004B
:10A5800090A2010090A5010047000000000000001B
:10A59000C0A2002090A20100A4A501002E0000008E
:10A5A00000000000A0A6002090A20100B8A50100B4
:10A5B000020100000000000074A7002085C3010014
:10A5C000A3C30100BEC30100CEC30100DBC3010071
:10A5D000E4C30100EBC30100F2C30100F9C30100B1
:10A5E00001C40100DBC3010009C401001BC4010058
:10A5F00030C4010043C401000E03000031C200005A
:10A600000F040000FDC100003E01000011B5000074
:10A61000FF01000051B500003E01000031B500000F
:10A6200010010000E5B30000020100005DCA000057
:10A6300090A2010040A601004700000000000000B9
:10A6400090A80020456D70747920484349207061BE
:10A65000636B657400000000556E6B6E6F776E2043
:10A660004843492074797065202575004C4C206959
:10A670006E697469616C697A6174696F6E20666174
:10A68000696C65643A202564000000004254204350
:10A69000544C52205258207072690000425420439A
:10A6A000544C52205258000062745F6863695F63C3
:10A6B0006F6E74726F6C6C657200000062745F6321
:10A6C000746C725F6863695F6472697665720000BA
:10A6D0005A6570687972204F532076342E342E31AB
:10A6E000000000004E6F2048434920436F6D6D61AC
:10A6F0006E6420686561646572000000496E766171
:10A700006C69642048434920434D44207061636B69
:10A710006574206C656E67746800000062745F6326
:10A72000746C725F68636900574553545F544F50AF
:10A730004449522F7A65706879722F737562737904
:10A74000732F626C7565746F6F74682F636F6E74AE
:10A75000726F6C6C65722F6C6C5F73772F756C6C9D
:10A760005F7363616E2E6300657272203D3D203021
:10A77000207C7C20657272203D3D202D31323000DE
:10A78000415353455254494F4E204641494C205B5A
:10A7900025735D20402025733A25640A00000000DF
:10A7A00009706172616D313A2025752070617261A6
:10A7B0006D323A2025750A0062745F63746C725FB3
:10A7C00063727970746F0000574553545F544F5053
:10A7D0004449522F7A65706879722F737562737964
:10A7E000732F626C7565746F6F74682F636F6E740E
:10A7F000726F6C6C65722F6C6C5F73772F6E6F72FB
:10A800006469632F6C6C6C2F6C6C6C5F7363616E2E
:10A810002E630000300000000925733A2041637464
:10A8200075616C204556454E545F4F56455248451C
:10A8300041445F53544152545F5553203D20257588
:10A840000A000000636F6D6D6F6E5F7072657061FE
:10A8500072655F6362000000010304056D0A010078
:10A86000450A010000000000B90B0100390B01008E
:10A87000F2C50100077F0100037F0100F8C5010058
:10A88000FFFF0000000300509401002000000000C2
:10A8900001000000BCF801FF0000005094010020FE
:10A8A0000000000000000000002000400100000047
:10A8B00000000000C8A801000000D6010000000050
:10A8C000075900200659002000200040D4A80100AC
:10A8D00001000000DCA801000400000006000000E8
:10A8E000050000020806000107060003000000FF43
:10A8F00000FF000000000000000000010100000057
:10A90000EB80010010A9010000000000FFFFFFFF25
:10A91000004000401CA901000100000024A9010022
:10A92000030000001F0000041E00000528000006B0
:10A930000048E801000000000000000000000000E6
:10A94000FFFFFFFF0000FF0000000000000000000C
:10A95000FFFFFFFF02000001010000005F82010015
:10A96000FFFF000074A9010000000000FFFFFFFFCF
:10A970000000000000F0024080A90100010000007A
:10A9800088A90100030000002F1800042E180006FB
:10A990002D180005F09B01000C00010008000000CC
:10A9A00003000000EFC80100FDC8010011C901004B
:10A9B00020C901002CC90100349B01003C9B01000F
:10A9C000849B01008C9B0100D49B0100D49B01005F
:10A9D00074C901000001000000000000696E697484
:10A9E00069616C697A6174696F6E206661696C6512
:10A9F0006400626173655F706C6174666F726D5F35
:10AA00007A65706879725F626C655F636F6E6365AB
:10AA10006E747261746F72207374617274696E67A0
:10AA2000004C45447320756E617661696C61626C9F
:10AA3000652C20636F6E74696E75696E6720776927
:10AA400074686F7574207468656D00617070006162
:10AA500063717569736974696F6E20736572766965
:10AA60006365206661696C656420746F20696E6936
:10AA70007469616C697A6500636F6D6D73207365CD
:10AA80007276696365206661696C656420746F2005
:10AA9000696E697469616C697A650073797374654C
:10AAA0006D20646961676E6F73746963732066619A
:10AAB000696C656420746F20696E697469616C6982
:10AAC0007A65007472616E736974696F6E20746F59
:10AAD00020756E6B6E6F776E2073746174652025C0
:10AAE000750053544152545550007374617274751B
:10AAF000702C20726573657420726561736F6E20AF
:10AB00002575006E6574776F726B206A6F696E20B1
:10AB10006661696C6564006120736572766963655E
:10AB2000206661696C656420746F20696E69746960
:10AB3000616C697A65004C495354454E494E470053
:10AB40006C697374656E696E6720666F7220656EDE
:10AB500064706F696E742061647665727469736580
:10AB60006D656E7473004449535041544348494ED7
:10AB700047006469737061746368696E67207570FB
:10AB80006C696E6B00534F46545F4552524F5200F2
:10AB9000736F6674206572726F72202575206F6600
:10ABA00020257500484152445F4552524F5200687B
:10ABB000617264206572726F723A207468652064F5
:10ABC0006576696365206861732073746F70706562
:10ABD00064206F7065726174696E67006576656E7A
:10ABE000742071756575652066756C6C2C206472B7
:10ABF0006F70706564206576656E745F69643D256D
:10AC0000750065646100286E6F6E6529007374615C
:10AC100074653A202573202D3E2025730062745FF1
:10AC2000656E61626C65206661696C6564202825CB
:10AC3000642900424C452073756273797374656DA5
:10AC40002072656164790062745F6C655F73636133
:10AC50006E5F7374617274206661696C656420282C
:10AC60002564290070617373697665207363616E72
:10AC700020737461727465640062745F6C655F73E5
:10AC800063616E5F73746F70206661696C656420C8
:10AC90002825642900706173736976652073636188
:10ACA0006E2073746F707065640068616C5F626CB5
:10ACB00065004C6F526120646576696365206E6F34
:10ACC000742072656164793B20636865636B2074EE
:10ACD00068652053504920776972696E6720616EFC
:10ACE000642074686520626F617264206F7665729B
:10ACF0006C6179006C6F726177616E5F7374617201
:10AD000074206661696C65642028256429004C6F95
:10AD1000526120726164696F207265616479004CD0
:10AD20006F526157414E206A6F696E206E6F7420BA
:10AD3000636F6E66696775726564207965743A2021
:10AD40006E6F206A6F696E206D6F6465206F722070
:10AD500063726564656E7469616C732064656369B0
:10AD6000646564007061796C6F6164206F66202592
:10AD700075206279746573206578636565647320F6
:10AD80007468652025752062797465206C696D6929
:10AD90007420617420746869732064617461207226
:10ADA000617465006C6F726177616E5F73656E646C
:10ADB000206661696C656420282564290068616CDF
:10ADC0005F6C6F7261004C4544204750494F206EC4
:10ADD0006F74207265616479006661696C656420D6
:10ADE000746F20636F6E666967757265204C4544A9
:10ADF000204750494F0068616C5F6C656400776163
:10AE0000746368646F6720646576696365206E6F3C
:10AE100074207265616479007764745F696E73741D
:10AE2000616C6C5F74696D656F7574206661696CC7
:10AE300065642028256429007764745F73657475E0
:10AE400070206661696C656420282564290077613B
:10AE5000746368646F6720737461727465642077CB
:10AE60006974682061202575206D732074696D6593
:10AE70006F75740068616C5F7761746368646F6795
:10AE800000756E68616E646C6564206576656E74CD
:10AE9000206964202575006163717569736974693F
:10AEA0006F6E20736572766963652072656164797F
:10AEB0002C20706F6F6C206465707468202575009D
:10AEC0007376635F6163717569736974696F6E002E
:10AED000646576696365207461626C652072656182
:10AEE00064792C2063617061636974792025750031
:10AEF0007461626C652066756C6C2C206576696384
:10AF000074696E672074686520646576696365207E
:10AF10006C617374207365656E20617420257520E3
:10AF200073007376635F6465766963655F746162FD
:10AF30006C6500646973706174636820736B697019
:10AF40007065643A206E6F74206A6F696E65642064
:10AF5000746F2061206E6574776F726B0064697323
:10AF6000706174636820736B69707065643A202542
:10AF7000752062797465207061796C6F61642063FB
:10AF8000616E6E6F7420686F6C642061202575207F
:10AF9000627974652068656164657220706C757390
:10AFA0002061207265636F726400646973706174FC
:10AFB000636820736B69707065643A206E6F2072ED
:10AFC0006F6F6D20666F7220612073696E676C65AC
:10AFD000207265636F7264206174207468697320E5
:10AFE0006461746120726174650064697370617476
:10AFF000636820736B69707065643A206E6F2064BB
:10B000006576696365732068656172642066726F36
:10B010006D2074686973206379636C65006469737B
:10B0200070617463682025753A2025752072656308
:10B030006F72647320696E20257520667261676D7A
:10B04000656E747300667261676D656E7420257538
:10B050002F2575206661696C656420746F207365A7
:10B060006E640073656E7420667261676D656E74E0
:10B070002025752F25753A202575207265636F721E
:10B0800064732C20257520627974657300636F6D7D
:10B090006D7320736572766963652072656164798A
:10B0A0002C20646973706174636820706572696FC5
:10B0B00064202575206D696E007376635F636F6D24
:10B0C0006D73006865616C74683A2025752064654D
:10B0D000766963657320747261636B65642C2025E7
:10B0E00075207265706F7274732064726F70706512
:10B0F000642C202575206465766963657320657608
:10B100006963746564007761746368646F67207550
:10B110006E617661696C61626C652C20636F6E7420
:10B12000696E75696E6720776974686F75742069D8
:10B13000740073797374656D20646961676E6F73F1
:10B1400074696373207265616479007376635F73F9
:10B15000797374656D5F646961676E6F7374696339
:10B1600073006865617020636F7272757074696FC7
:10B170006E20286E6F7420696E207573653F2920DC
:10B180006174202570006865617020636F7272754C
:10B190007074696F6E2028627566666572206F76BE
:10B1A0006572666C6F773F29206174202570006896
:10B1B00065617020636F7272757074696F6E20289C
:10B1C000646F75626C6520667265653F29206174E5
:10B1D000202570006F735F686561700028756E735D
:10B1E00069676E6564292063686172202A2075731F
:10B1F000656420666F722025257020617267756D09
:10B20000656E742E2049742773207265636F6D6DAF
:10B21000656E64656420746F206361737420697463
:10B2200020746F20766F6964202A206265636175DF
:10B230007365206974206D61792063617573652081
:10B240006D69736265686176696F7220696E2063EB
:10B2500065727461696E20636F6E6669677572618D
:10B2600074696F6E732E20537472696E673A22256B
:10B27000732220617267756D656E743A2564006390
:10B28000627072696E74665F7061636B616765009E
:10B290007379735F6765746F7074006C6F6767694B
:10B2A0006E67006C6F67006C6F675F6D676D740031
:10B2B0004D657373616765202822257322292064F8
:10B2C000726F707065642062656361757365206973
:10B2D0007420657863656564732073697A65206C92
:10B2E000696D69746174696F6E2028257529004D38
:10B2F0006573736167652064726F70706564206246
:10B30000656361757365206974206578636565643C
:10B31000732073697A65206C696D69746174696FF3
:10B320006E2028257529000D0A001B5B306D002555
:10B330007320005B2530386C755D20005B25303252
:10B34000753A253032753A253032752E25303375F1
:10B350002C253033755D20003C25733E200025737D
:10B360002F0025733A20002530327820002020203D
:10B37000007C002563001B5B313B33316D001B5BA0
:10B38000313B33336D006572720077726E00696E07
:10B390006600646267006C6F675F6261636B656E15
:10B3A000645F75617274006C6F675F7561727400C1
:10B3B00072302F61313A20203078253038782020C3
:10B3C00072312F61323A20203078253038782020B1
:10B3D00072322F61333A202030782530387800726D
:10B3E000332F61343A20203078253038782072317C
:10B3F000322F69703A202030782530387820723129
:10B40000342F6C723A20203078253038780020783C
:10B410007073723A20203078253038780046617594
:10B420006C74696E6720696E737472756374696F8A
:10B430006E206164647265737320287231352F70D9
:10B4400063293A2030782530387800556E68616E6F
:10B45000646C6564204952516E3A202564002A2AA2
:10B460002A2A2A205553414745204641554C54200D
:10B470002A2A2A2A2A0020204469766973696F6E75
:10B48000206279207A65726F002020556E616C69A8
:10B49000676E6564206D656D6F72792061636365A9
:10B4A00073730020204E6F20636F70726F6365733B
:10B4B000736F7220696E737472756374696F6E73E3
:10B4C000002020496C6C6567616C206C6F616420A2
:10B4D0006F66204558435F52455455524E20696E61
:10B4E000746F205043002020496C6C6567616C20AC
:10B4F000757365206F66207468652045505352004F
:10B500002020417474656D707420746F20657865B7
:10B510006375746520756E646566696E656420691F
:10B520006E737472756374696F6E002A2A2A2A2AF0
:10B5300020425553204641554C54202A2A2A2A2A73
:10B54000002020537461636B696E67206572726FAF
:10B5500072002020556E737461636B696E6720659D
:10B5600072726F7200202050726563697365206487
:10B5700061746120627573206572726F72002020A1
:10B580004246415220416464726573733A203078B8
:10B590002578002020496D707265636973652064A9
:10B5A00061746120627573206572726F7200202071
:10B5B000496E737472756374696F6E20627573205F
:10B5C0006572726F72002020466C6F6174696E67DD
:10B5D0002D706F696E74206C617A79207374617458
:10B5E0006520707265736572766174696F6E20652F
:10B5F00072726F72002A2A2A2A2A204D505520463C
:10B6000041554C54202A2A2A2A2A002020537461AA
:10B61000636B696E67206572726F722028636F6E4C
:10B62000746578742061726561206D696768742043
:10B630006265206E6F742076616C69642900202039
:10B6400044617461204163636573732056696F6C54
:10B650006174696F6E0020204D4D46415220416457
:10B6600064726573733A2030782578002020496E23
:10B67000737472756374696F6E204163636573736D
:10B680002056696F6C6174696F6E005265736572E4
:10B6900076656420457863657074696F6E20280054
:10B6A00053707572696F757320696E746572727507
:10B6B000707420284952512000535053454C206942
:10B6C0006E20746872656164206D6F646520646FBC
:10B6D0006573206E6F7420696E64696361746520A0
:10B6E000505350002A2A2A2A2A20484152442046F0
:10B6F00041554C54202A2A2A2A2A002020427573B8
:10B70000206661756C74206F6E20766563746F724D
:10B71000207461626C65207265616400202044655C
:10B72000627567206576656E740020204661756CD1
:10B730007420657363616C6174696F6E2028736532
:10B74000652062656C6F772900415243485F455818
:10B7500043455054207769746820726561736F6E39
:10B760002025780A002A2A2A2A2A20446562756739
:10B77000206D6F6E69746F7220657863657074698F
:10B780006F6E202A2A2A2A2A002A2A2A2A2A2025D3
:10B790007320256429202A2A2A2A2A006D70750020
:10B7A0004661696C656420746F20616C6C6F6361C5
:10B7B0007465206E6577204D505520726567696FFE
:10B7C0006E2025750A00506172746974696F6E206D
:10B7D00025753A20636F686572656E6365206368DE
:10B7E00065636B206661696C65642E00464C41534D
:10B7F000485F30005352414D5F30006E65745F62A8
:10B800007566006E65745F6275665F73696D706CF6
:10B810006500736F630044617461726174652063D5
:10B8200068616E6765643A2044525F2564004D6329
:10B830007073496E6469636174696F6E20666169D3
:10B840006C6564203A202573004D637073526571F6
:10B8500075657374206661696C6564203A20257390
:10B86000004D6C6D65436F6E6669726D206661692F
:10B870006C6564203A202573004A6F696E65642008
:10B880006E6574776F726B212044657641646472D3
:10B890003A2025303878004C696E6B206368656308
:10B8A0006B20646F6E650044657654696D65526502
:10B8B0007120646F6E65004C6F526157414E20518C
:10B8C0007565727920547820506F737369626C6566
:10B8D000204661696C65643A202573004C6F5261A3
:10B8E00057414E2053656E64206661696C65643A09
:10B8F000202573004C6F52614D6163496E69746914
:10B90000616C697A6174696F6E206661696C6564E7
:10B910003A202573004661696C656420746F20735A
:10B920007461727420746865204C6F52614D41439C
:10B9300020737461636B3A202573006C6F726177BA
:10B94000616E00556E6B6E6F776E207374617475E7
:10B95000732100556E6B6E6F776E206576656E7421
:10B9600021004F4B004572726F7200547820746949
:10B970006D656F757400527820312074696D656F44
:10B98000757400527820322074696D656F7574008B
:10B99000527831206572726F72005278322065726F
:10B9A000726F72004A6F696E206661696C6564002F
:10B9B000446F776E6C696E6B20726570656174653B
:10B9C00064005478204452207061796C6F61642067
:10B9D00073697A65206572726F7200416464726582
:10B9E0007373206661696C004D4943206661696C20
:10B9F000004D756C746963617374206661696C00D5
:10BA0000426561636F6E206C6F636B6564004265B5
:10BA100061636F6E206C6F737400426561636F6E5B
:10BA2000206E6F7420666F756E64004275737900C6
:10BA30005365727669636520756E6B6E6F776E0005
:10BA4000506172616D6574657220696E76616C69B2
:10BA500064004672657175656E637920696E766102
:10BA60006C696400446174617261746520696E760A
:10BA7000616C6964004672657175656E6379206FEB
:10BA80007220646174617261746520696E76616CA4
:10BA90006964004E6F206E6574776F726B206A6FF9
:10BAA000696E6564004C656E677468206572726FBC
:10BAB0007200526567696F6E206E6F7420737570C7
:10BAC000706F7274656400536B69707065642041B7
:10BAD0005050206461746100447574792D637963FA
:10BAE0006C652072657374726963746564004E6F6F
:10BAF000206368616E6E656C20666F756E64004EC3
:10BB00006F2066726565206368616E6E656C206685
:10BB10006F756E64004275737920626561636F6E44
:10BB20002072657365727665642074696D65004284
:10BB30007573792070696E672D736C6F74207769E7
:10BB40006E646F772074696D650042757379207536
:10BB5000706C696E6B20636F6C6C6973696F6E00DB
:10BB600043727970746F206572726F720046436E13
:10BB7000742068616E646C6572206572726F720009
:10BB80004D414320636F6D6D616E64206572726F0D
:10BB90007200436C61737342206572726F7200436E
:10BBA0006F6E6669726D207175657565206572725C
:10BBB0006F72004D756C7469636173742067726F86
:10BBC000757020756E646566696E656400556E6B90
:10BBD0006E6F776E206572726F72004750494F200A
:10BBE000646576696365206E6F742072656164793F
:10BBF0002025730043616E6E6F7420636F6E6669FB
:10BC000067757265206770696F2025732025643A17
:10BC1000202564005061636B6574207472616E73DB
:10BC20006D697373696F6E206661696C656421006C
:10BC3000526563656976652074696D656F7574001A
:10BC400052656365697665206572726F7200556E24
:10BC5000737570706F727465642062616E64776969
:10BC60006474683A202564007378313278785F63B1
:10BC70006F6D6D6F6E00556E61626C6520746F2024
:10BC80007265616420616464726573733A20307810
:10BC9000257800556E61626C6520746F207772693B
:10BCA000746520616464726573733A203078257816
:10BCB000004750494F20706F7274202573206E6FBB
:10BCC0007420726561647900436F756C64206E6FD7
:10BCD0007420736574206770696F2063616C6C6297
:10BCE00061636B2E00556E61626C6520746F20720B
:10BCF0006561642076657273696F6E20696E666F28
:10BD0000005358313237782076657273696F6E2030
:10BD100030782530327820666F756E640046616930
:10BD20006C656420746F20696E697469616C697AEE
:10BD3000652053583132787820636F6D6D6F6E00D7
:10BD400053504920646576696365206E6F74207274
:10BD50006561647900556E61626C6520746F207254
:10BD60006561642050412064616300556E61626CBE
:10BD70006520746F20777269746520504120636F6D
:10BD80006E66696700556E61626C6520746F20771E
:10BD90007269746520504120646163006C6F726148
:10BDA000403000737831323778002B7E151628AE7C
:10BDB000D2A6ABF7158809CF4F3C012B7E1516286C
:10BDC000AED2A6ABF7158809CF4F3C0200042B7EFC
:10BDD000151628AED2A6ABF7158809CF4F3C052B18
:10BDE0007E151628AED2A6ABF7158809CF4F3C06B4
:10BDF0002B7E151628AED2A6ABF7158809CF4F3C7F
:10BE0000072B7E151628AED2A6ABF7158809CF4FA3
:10BE10003C08007075626C69630072616E646F6DDE
:10BE2000007075626C69632D69640072616E646F85
:10BE30006D2D696400253032583A253032583A2544
:10BE40003032583A253032583A253032583A253077
:10BE5000325820282573290062745F62756600627B
:10BE6000745F646174610048617264776172652017
:10BE70006572726F722C20686172647761726520DE
:10BE8000636F64653A2025640062745F74785F7044
:10BE9000726F636573736F7200436F756C64206EAD
:10BEA0006F74207375626D69742072785F776F723A
:10BEB0006B3A20256400556E68616E646C65642081
:10BEC0006576656E7420307825303278206C656E2A
:10BED0002025753A20257300546F6F20736D616CB7
:10BEE0006C20282575206279746573292065766534
:10BEF0006E742030782530327800556E68616E643B
:10BF00006C65642076656E646F722D73706563690D
:10BF1000666963206576656E7420307825303278E6
:10BF2000206C656E2025753A202573004E6F2063C6
:10BF30006F6D6D616E642073656E7420666F722024
:10BF4000636D6420636F6D706C6574652030782557
:10BF5000303478004F70436F64652030782530347A
:10BF60007820636F6D706C6574656420696E73749E
:10BF7000656164206F662065787065637465642010
:10BF800030782530347800496E76616C69642048D9
:10BF90004349206576656E742073697A652028258B
:10BFA000752900496E76616C6964204C45206D6589
:10BFB0007461206576656E742073697A6520282522
:10BFC000752900574553545F544F504449522F7AB6
:10BFD00065706879722F7375627379732F626C75EF
:10BFE00065746F6F74682F686F73742F6863695F0F
:10BFF000636F72652E63006576745F666C6167734C
:10C000002026202831554C203C3C2028302929006E
:10C01000415353455254494F4E204641494C205BB1
:10C0200025735D20402025733A25640A00496E7609
:10C03000616C69642062756620747970652025756D
:10C040000062745F6863695F6576745F6765745FDB
:10C05000666C616773286864722D3E65767429206A
:10C0600026202831554C203C3C20283129290055D8
:10C070006E6B6E6F776E20627566207479706520C6
:10C080002575005B305D00484349207472616E7312
:10C09000706F72743A20257300436F6E74726F6C08
:10C0A0006C6572004964656E7469747925733A2011
:10C0B0002573004964656E746974795B25645D3A23
:10C0C000202573004843493A2076657273696F6E84
:10C0D0002025732028307825303278292072657623
:10C0E0006973696F6E203078253034782C206D614B
:10C0F0006E756661637475726572203078253034B0
:10C1000078004C4D503A2076657273696F6E202529
:10C11000732028307825303278292073756276654F
:10C12000722030782530347800556E61626C65205D
:10C13000746F2073656E6420746F20647269766515
:10C140007220286572722025642900657272203D74
:10C150003D20300009436F6E74726F6C6C65722005
:10C16000756E726573706F6E736976652C20636F80
:10C170006D6D616E64206F70636F6465203078252B
:10C180003034782074696D656F75742077697468D0
:10C19000206572722025640A006F70636F646520E9
:10C1A000307825303478207374617475732030785A
:10C1B00025303278202573004E6F6E2D4C4520635C
:10C1C000617061626C6520636F6E74726F6C6C6518
:10C1D00072206465746563746564210056656E64DD
:10C1E0006F722048434920657874656E73696F6E7D
:10C1F00073206E6F7420617661696C61626C65009A
:10C20000485720506C6174666F726D3A2025732018
:10C2100028307825303478290048572056617269D3
:10C22000616E743A202573202830782530347829BF
:10C23000004669726D776172653A20257320283057
:10C240007825303278292056657273696F6E202503
:10C25000752E2575204275696C6420257500466130
:10C26000696C656420746F207265616420737570F9
:10C27000706F727465642076656E646F7220636F90
:10C280006D6D616E6473004661696C656420746FE6
:10C29000207265616420737570706F7274656420BC
:10C2A00076656E646F722066656174757265730081
:10C2B00048434920647269766572206973206E6F05
:10C2C000742072656164790042542052582057519D
:10C2D0000048434920647269766572206F70656E0C
:10C2E000206661696C6564202825642900556E65A7
:10C2F0007870656374656420484F53545F4E554DA4
:10C300005F434F4D504C455445445F5041434B456E
:10C3100054532C2073746174757320307825303237
:10C320007820257300556E636C65617265642070BA
:10C33000656E64696E672073656E745F636D64001B
:10C34000312E306200312E3100312E3200322E304B
:10C3500000322E3100332E3000342E3000342E3196
:10C3600000342E3200352E3000352E3100352E327D
:10C3700000352E3300352E3400362E3000362E3167
:10C3800000362E32005374616E6461726420426C18
:10C390007565746F6F746820636F6E74726F6C6C08
:10C3A00065720056656E646F7220737065636966AE
:10C3B000696320636F6E74726F6C6C65720046699E
:10C3C000726D77617265206C6F6164657200526591
:10C3D0007363756520696D61676500726573657269
:10C3E000766564006E5246353178006E52463532BD
:10C3F00078006E5246353378006E524635344878B0
:10C40000006E524635344C7800496E74656C20439A
:10C410006F72706F726174696F6E004E6F726469D3
:10C42000632053656D69636F6E647563746F72002A
:10C430004E58502053656D69636F6E647563746FF9
:10C4400072730045737072657373696620537973F4
:10C4500074656D730062745F6863695F636F7265B2
:10C4600000574553545F544F504449522F7A6570DA
:10C470006879722F7375627379732F626C75657446
:10C480006F6F74682F686F73742F6863695F636F71
:10C490006D6D6F6E2E6300636D6420646973616CF3
:10C4A0006C6F776564004F6E6C792072616E646F9B
:10C4B0006D20737461746963206964656E74697456
:10C4C00079206164647265737320737570706F7224
:10C4D00074656400496E76616C696420696E70757C
:10C4E0007420706172616D65746572730046616974
:10C4F0006C656420746F2072656164207075626C75
:10C5000069632061646472657373005265616420BD
:10C5100053746174696320416464726573736573F5
:10C5200020636F6D6D616E64206E6F742061766143
:10C53000696C61626C65004661696C656420746F4A
:10C54000207265616420737461746963206164643E
:10C55000726573736573004E6F20737461746963E1
:10C56000206164647265737365732073746F7265A0
:10C570006420696E20636F6E74726F6C6C657200FC
:10C58000556E61626C6520746F20736574206964F8
:10C59000656E7469747920616464726573730055A3
:10C5A0006E61626C6520746F207365742072616EB9
:10C5B000646F6D20616464726573730062745F6997
:10C5C0006400556E657870656374656420656E649B
:10C5D000206F66206275666665720062745F7363C1
:10C5E000616E00636C6F636B4034303030303030DC
:10C5F00030006866636C6B006C66636C6B00636C28
:10C600006F636B5F636F6E74726F6C0072616E64E8
:10C610006F6D403430303064303030006770696F97
:10C62000403530303030333030006770696F40351E
:10C6300030303030303030004661696C65642074D1
:10C640006F20616C6C6F63617465205050492043AA
:10C6500068616E6E656C00756172744034303030A4
:10C660003230303000756172745F6E7266785F755B
:10C6700061727465004661696C656420746F206145
:10C680006C6C6F63617465204750494F544520635B
:10C6900068616E6E656C20666F722057414B450075
:10C6A0004661696C656420746F20636F6E666967AC
:10C6B0007572652057414B452070696E0055706456
:10C6C0006174652065786365656473206375727253
:10C6D000656E74206275666665720048616C662DD1
:10C6E0006475706C6578206E6F7420737570706FF0
:10C6F0007274656400536C617665206D6F646520AB
:10C700006973206E6F7420737570706F72746564D6
:10C71000206F6E202573004C6F6F706261636B2019
:10C720006D6F6465206973206E6F7420737570700F
:10C730006F7274656400576F72642073697A6573F1
:10C74000206F74686572207468616E203820626999
:10C75000747320617265206E6F7420737570706FD2
:10C7600072746564004672657175656E63696573A0
:10C77000206C6F776572207468616E2031323520CD
:10C780006B487A20617265206E6F742073757070CB
:10C790006F72746564004661696C656420746F2013
:10C7A000696E697469616C697A65206E7266782059
:10C7B0006472697665723A2025640057616974690C
:10C7C0006E6720666F722057414B452061636B6E28
:10C7D0006F776C6564676D656E742074696D6564F0
:10C7E000206F75740054696D656F75742077616989
:10C7F00074696E6720666F72207472616E7366650D
:10C800007220636F6D706C6574650073706940347D
:10C8100030303034303030007370695F6E7266785B
:10C820005F737069004353204750494F20706F7207
:10C83000742025732070696E202564206973206E32
:10C840006F742072656164790073706940343030B0
:10C850003266303030007370695F6E7266785F7375
:10C8600070696D007761746368646F67403430305D
:10C870003130303030007764745F6E726678004813
:10C88000616C74696E672073797374656D003E3EE8
:10C890003E205A455048595220464154414C20456B
:10C8A00052524F522025643A202573206F6E204348
:10C8B0005055202564004661756C7420647572695A
:10C8C0006E6720696E746572727570742068616E2F
:10C8D000646C696E670A0043757272656E742074C9
:10C8E00068726561643A2025702028257329004309
:10C8F000505520657863657074696F6E00556E6879
:10C90000616E646C656420696E74657272757074B2
:10C9100000537461636B206F766572666C6F77008D
:10C920004B65726E656C206F6F7073004B65726E35
:10C93000656C2070616E69630069646C65006D618F
:10C94000696E006F73002A2A2A20426F6F74696E25
:10C9500067205A6570687972204F53206275696C40
:10C960006420316636343835656361323534202AC7
:10C970002A2A0A00737973776F726B7100286E75BB
:10C980006C6C29002A666C6F61742A00206D6573D7
:10C9900073616765732064726F70706564202D2DFC
:10C9A0002D0D0A1B5B306D001B5B313B33316D2D50
:10C9B0002D2D2000000C23000D1E000ED2001A01A8
:10C9C000001FAA0024070027120028C10029940094
:10C9D0002AC10030D800359F003B020040000041D2
:10C9E00030012340A584998D0DBDB1545003A97D1C
:10C9F0001962E69A459D408715EBC90BEC67FDEA85
:10CA0000BFF7965BC21CAE6A5A41024F5CF4340811
:10CA10009373533F0C52655E28A10FB509369B3DB9
:10CA20002669CD9F1B9E742E2DB2EEFBF64D61CE76
:10CA30007B3E7197F568002C601FC8EDBE46D94B50
:10CA4000DED4E84A6B2AE516C5D75594CF10068187
:10CA5000F044BAE3F3FEC08AADBC4804DFC175639D
:10CA6000301A0E6D4C14352FE1A2CC3957F28247A3
:10CA7000ACE72B95A098D17F667EAB83CA29D33CC7
:10CA800079E21D763B564E1EDB0A6CE45D6EEFA626
:10CA9000A8A4378B324359B78C64D2E0B4FA072587
:10CAA000AF8EE918D5886F7224F1C751237C9C2181
:10CAB000DDDC86859042C4AAD8050112A35FF9D0B7
:10CAC000915827B93813B333BB7089A7B622922087
:10CAD00049FF787A8FF88017DA31C6B8C3B077117A
:10CAE000CBFCD63AC6F8EEF6FFD6DE916002CE5603
:10CAF000E7B54DEC8F1F89FAEFB28EFB41B35F456E
:10CB00002353E49B75E13D4C6C7EF5836851D1F96C
:10CB1000E2AB622A0895469D30370A2F0E241BDFB0
:10CB2000CD4E7FEA121D583436DCB45BA476B77D57
:10CB300052DD5E13A6B900C140E379B6D48D6772A9
:10CB40009498B085BBC54FED869A66118AE904FEBC
:10CB5000A078254BA25D80053F2170F16377AF423D
:10CB600020E5FDBF811826C3BE35882E9355FC7A7B
:10CB7000C8BA32E6C0199EA344543B0B8CC76B283D
:10CB8000A7BC16ADDB647414920C48B89FBD43C4B7
:10CB90003931D3F2D58B6EDA01B19C49D8ACF3CFE1
:10CBA000CAF447106FF04A5C38577397CBA1E83E40
:10CBB00096610D0FE07C71CC9006F71CC26AAE69DD
:10CBC00017993A27D9EB2B22D2A907332D3C15C947
:10CBD00087AA50A50359091A65D784D082295A1EFD
:10CBE0007BA86D2C637C777BF26B6FC53001672B64
:10CBF000FED7AB76CA82C97DFA5947F0ADD4A2AF51
:10CC00009CA472C0B7FD9326363FF7CC34A5E5F15E
:10CC100071D8311504C723C31896059A071280E20C
:10CC2000EB27B27509832C1A1B6E5AA0523BD6B360
:10CC300029E32F8453D100ED20FCB15B6ACBBE39D0
:10CC40004A4C58CFD0EFAAFB434D338545F9027FBC
:10CC5000503C9FA851A3408F929D38F5BCB6DA2175
:10CC600010FFF3D2CD0C13EC5F974417C4A77E3DA1
:10CC7000645D197360814FDC222A908846EEB814F7
:10CC8000DE5E0BDBE0323A0A4906245CC2D3AC62BA
:10CC90009195E479E7C8376D8DD54EA96C56F4EAC5
:10CCA000657AAE08BA78252E1CA6B4C6E8DD741FD6
:10CCB0004BBD8B8A703EB5664803F60E613557B999
:10CCC00086C11D9EE1F8981169D98E949B1E87E953
:10CCD000CE5528DF8CA1890DBFE6426841992D0F02
:10CCE000B054BB16080A0C0D0E10121415181A1B9E
:10CCF0001D1E21240203050205010602020502028F
:10CD0000060302010504040000000000000000000A
:10CD1000000000020B357DF2F20000003581F2F2D6
:10CD2000F2F200000A0908080B0A09080C0B0A09AC
:10CD30000D0C0B0A0D0D0C0B0A090807080000006A
:10CD40000C0B0A090807000000000000000000FFAB
:10CD5000FFFFFFFFFF0000000000003031323334DE
:10CD60003536373839616263646566000104000254
:10CD700000000002000000000000000500000000AC
:10CD80000000000000000000000000050305020094
:10CD90000A0001020304050607002030303030305D
:0CCDA000303030303030303030000100D6
:10CDAC000000000000000000000000000000000077
:10CDBC000000000000000000000000000000000067
:10CDCC000000000000000000000000000000000057
:10CDDC000000000000000000000000000000000047
:10CDEC000000000000000000000000000000000037
:10CDFC000000000000000000000000000000000027
:10CE0C000000000000000000000000000000000016
:10CE1C000000000000000000000000000000000006
:10CE2C0000000000000000000000000000000000F6
:10CE3C0000000000000000000000000000000000E6
:10CE4C0000000000000000000000000000000000D6
:10CE5C0000000000000000000000000000000000C6
:10CE6C000000000000000000D9C10000000000001C
:10CE7C0000000000000000000000000000000000A6
:10CE8C000000000000000000000000000000000096
:10CE9C000000000000000000000000000000000086
:10CEAC000000000000000000000000000000000076
:10CEBC000000000000000000000000000000000066
:10CECC000000000000000000000000000000000056
:10CEDC007C9C0100000000001F000000000000000E
:10CEEC00FFFFFFFFFF1F000064A1010044A1010030
:10CEFC0024A1010004A10100E4A00100FFFFFFFF39
:10CF0C00D35A01006F62010030A201000000000042
:10CF1C0000000000EB6501000000000000000000B4
:10CF2C0080010020800100200000000000000000B3
:10CF3C000E00000000600040000000000000000037
:10CF4C0000000000000000000000000000000000D5
:10CF5C0000000000000000000000000000000000C5
:10CF6C0000000000000000000000000000000000B5
:10CF7C0000000000000000000000000000000000A5
:10CF8C000000000000000000000000000000000095
:10CF9C000000000000000000000000000000000085
:10CFAC000000000000000000000000000000000075
:10CFBC000000000000000000000000000000000065
:10CFCC0000000000000000003367010000000000BA
:10CFDC000000000001000000F1530000D9520000D5
:10CFEC0005520000B5510000655000000000000023
:10CFFC0000000000ADC200000000000000000000B6
:10D00C000000000075B800000000000000000000E7
:10D01C0000000000CC47002000000000DDE4000010
:10D02C0000000000D4470020000000007DDD00005F
:10D03C0000000000DC4700200000000001F70000A9
:10D04C0000000000E447002000000000C1DC0000EC
:10D05C0000000000884E002000000000ADFF000022
:10D06C0000000000904E0020000000006DF4000055
:10D07C0000000000B04E00200000000001F700008E
:10D08C0000000000B84E00200000000001F7000076
:10D09C0000000000F44F00200000000015D5000037
:10D0AC0000000000EC4F00200000000015D500002F
:10D0BC0000000000E44F0020000000008DD20000B2
:10D0CC0000000000DC4F00200000000015D500001F
:10D0DC0000000000D44F0020000000008DD20000A2
:10D0EC0000000000CC4F00200000000015D500000F
:10D0FC0000400040000000000000000000000000A4
:10D10C000000000000000000000000000000000013
:10D11C000000000000000000000000000000000003
:10D12C0000000000840300208403002000000000A5
:10D13C000100000094030020940300209C030020B5
:10D14C009C0300200000000001000000AC03002044
:10D15C00AC030020000000000000000000000000F4
:10D16C0000000000000000000000000000000000B3
:10D17C000000000000000000989C0100000000006E
:10D18C000000000000F00240000000000000000061
:10D19C000000000000000000000000000000000083
:10D1AC000000000000000000000000000000000073
:10D1BC000000000094A90100010000001C040020E4
:10D1CC001C04002000000000010000002C040020C2
:10D1DC002C04002034040020340400200000000043
:10D1EC000100000044040020440400200000000062
:10D1FC000000000000000000000000000000000023
:10D20C000000000000000000000000000000000012
:10D21C00B49C010000000000000000001059002028
:10D22C000859002000000140000000000000000030
:10D23C0000000000000000000000000000000000E2
:10D24C0000000000000000000000000000000000D2
:10D25C000000000000000000000000000090D0035F
:10D26C00FF00000090020000C8040020C804002049
:10D27C00D0040020D0040020080081828001848525
:0DD28C008302878886038A8B890407058D3D
:10D299000000000000000000000000000000000085
:07D2A900000000000000007E
:10D2B000000000000000000000000000000000006E
:10D2C000000000000000000000000000000000005E
:10D2D000000000000000000000000000000000004E
:10D2E000000000000000000000000000000000003E
:04D2F000000000003A
:04D2F4000000000036
:10D2FC000000000000000000E14B010000000000F5
:10D30C0000000000000000006805002068050020F7
:10D31C008943000000000000000000000000000035
:08D32C000000000000000000F9
:10D33400880500208805002000000000000000008F
:10D344000E0000009C0500209C0500200000000049
:08D35400000000000E000000C3
:10D35C00B0050020B0050020000000000100000016
:10D36C00C0050020C0050020C8050020C80500200D
:10D37C000000000001000000D8050020D8050020A6
:10D38C00E0050020E0050020000000000100000086
:08D39C00F0050020F00500205F
:10D3A400000000000000000000000000040600204F
:10D3B400040600200C0600200C06002000000300D8
:10D3C400030000000000000094A501002CA7002029
:10D3D40000000000000000000000000034060020EF
:10D3E400340600203C0600203C060020000001001A
:10D3F400010000000000000030A60100D8A80020B1
:10D40400000000000000000000000000640600208E
:10D41400640600206C0600206C06002000000A0050
:10D424000A00040049B3000080A5010088A500207B
:10D43400000000000000000000000000940600202E
:10D44400940600209C0600209C0600200000010099
:10D454000100000000000000A8A5010078A8002039
:04D4640015E015E0DA
:04000003000035A91B
:00000001FF
