:1000000000C20020CD3600001B660100B93600009A
:10001000B9360000B9360000B93600000000000013
:100020000000000000000000000000000537000094
:10003000B9360000000000000D390000B93600009C
:100040008939000045F30000893900008939000032
:100050008939000089390000893900008939000098
:100060008939000089390000893900008939000088
:100070008939000089390000893900008939000078
:100080008939000089390000893900008939000068
:100090008939000089390000893900008939000058
:1000A0008939000089390000893900008939000048
:1000B0008939000089390000893900008939000038
:1000C0008939000089390000893900008939000028
:1000D0008939000089390000893900008939000018
:1000E0008939000089390000893900008939000008
:1000F00089390000893900008939000089390000F8
:1001000080F0004002E000BF81F0004142001FBFCC
:100110005FEA410392EA030F7FEA226C7FEA236CD5
:100120006AD04FEA1262D2EB1363C1BFD2184140CA
:1001300048404140B8BF5B42192B88BF704710F060
:10014000004F40F4000020F07F4018BF404211F003
:10015000004F41F4000121F07F4118BF494292EA6B
:10016000030F3FD0A2F1010241FA03FC10EB0C0097
:10017000C3F1200301FA03F100F0004302D5494224
:1001800060EB4000B0F5000F13D3B0F1807F06D3D1
:1001900040084FEA310102F10102FE2A51D2B1F1C9
:1001A000004F40EBC25008BF20F0010040EA0300BE
:1001B0007047490040EB0000013A28BFB0F5000F3E
:1001C000EDD2B0FA80FCACF1080CB2EB0C0200FAF4
:1001D0000CF0AABF00EBC25052421843BCBFD04043
:1001E0001843704792F0000F81F4000106BF80F4BD
:1001F00000000132013BB5E74FEA41037FEA226C80
:1002000018BF7FEA236C21D092EA030F04D092F04A
:10021000000F08BF0846704790EA010F1CBF00207E
:10022000704712F07F4F04D1400028BF40F00040DB
:10023000704712F100723CBF00F50000704700F0FB
:10024000004343F0FE4040F4000070477FEA226222
:1002500016BF08467FEA23630146420206BF5FEAF3
:10026000412390EA010F40F4800070474FF00003F3
:1002700004E000BF10F0004348BF40425FEA000CBA
:1002800008BF704743F0964301464FF000001CE062
:1002900050EA010208BF70474FF000030AE000BFB8
:1002A00050EA010208BF704711F0004302D54042F6
:1002B00061EB41015FEA010C02BF84460146002068
:1002C00043F0B64308BFA3F18053A3F50003BCFA83
:1002D0008CF2083AA3EBC25310DB01FA02FC634430
:1002E00000FA02FCC2F12002BCF1004F20FA02F237
:1002F00043EB020008BF20F00100704702F120022A
:1003000001FA02FCC2F1200250EA4C0021FA02F28A
:1003100043EB020008BF20EADC7070474FEA40025E
:10032000B2F1FE4F0FD34FF09E03B3EB12620DD923
:100330004FEA002343F0004310F0004F23FA02F08D
:1003400018BF404270474FF00000704712F1610F34
:1003500001D1420205D110F0004008BF6FF000400B
:1003600070474FF0000070477BB972B90029BEBFDB
:1003700000204FF0004106E008BF00281CBF6FF0CE
:1003800000414FF0FF3000F057B8ADF1080C6DE9B7
:1003900004CE002909DB002B1ADB00F05FF8DDF842
:1003A00004E0DDE9022304B07047404261EB410103
:1003B000002B1BDB00F052F8DDF804E0DDE902233E
:1003C00004B0404261EB4101524263EB430370478A
:1003D000524263EB430300F041F8DDF804E0DDE94D
:1003E000022304B0404261EB41017047524263EB8B
:1003F000430300F033F8DDF804E0DDE9022304B044
:10040000524263EB4303704753B94AB9002908BF0E
:1004100000281CBF4FF0FF314FF0FF3000F00CB848
:10042000ADF1080C6DE904CE00F018F8DDF804E039
:10043000DDE9022304B07047704700BF034611F89E
:10044000012B03F8012B002AF9D17047034613F85A
:10045000012B002AFBD1181A013870472DE9F0470B
:100460008C468E46089E154604461946002B40F0E1
:10047000D080724547D9B2FA82F74FB1C7F1200355
:100480000EFA07FC20FA03F3BD4043EA0C0CBC4013
:100490004FEA154EA8B2BCFBFEF8230C0EFB18CC9D
:1004A00008FB00F943EA0C43994528D9EB1808F1F9
:1004B000FF3204D2994502D9A8F102022B44A3EBE2
:1004C0000903A4B2B3FBFEFC0EFB1C330CFB00F0D3
:1004D00044EA0344A04214D92C190CF1FF3304D28E
:1004E000A04202D9ACF102032C44241A43EA024090
:1004F0001EB1FC40002334607360BDE8F0874246C3
:10050000DDE76346F1E7002A79D0B2FA82F3002BE7
:100510003FD01946C1F1200302FA01F52EFA03F289
:100520000EFA01FE20FA03F343EA0E034FEA154EDA
:1005300000FA01F4B2FBFEFCAFB20EFB1C201A0C59
:100540000CFB07F842EA004290455AD9AA180CF170
:10055000FF3004D2904502D9ACF102002A44A2EB4C
:1005600008029BB2B2FBFEFC0EFB1C220CFB07F741
:1005700043EA02439F4246D9EB180CF1FF3204D202
:100580009F4202D9ACF102022B44DB1B42EA00423B
:1005900002E0AEEB020301224FEA154EAFB2B3FB0D
:1005A000FEFC200C0EFB1C330CFB07F840EA034357
:1005B00098452AD9EB180CF1FF3004D2984502D99E
:1005C000ACF102002B44A3EB0803A4B2B3FBFEFC86
:1005D0000EFB1C330CFB07F744EA0344A74216D971
:1005E0002C190CF1FF3304D2A74202D9ACF102035B
:1005F0002C44E41B43EA00400F46114678E71F21D4
:1006000088E76046ABE76246BFE76046DBE76346E4
:10061000EFE7734506D916B9002108466DE7C6E92C
:10062000000EF9E7B3FA83F787B9734501D3824225
:1006300007D8841A6EEB030301209C461EB90021E3
:100640005BE73846FAE7C6E9004CF8E7C7F1200C4B
:10065000BB4022FA0CF51D4320FA0CF12EFA0CF3E4
:100660000EFA07FE41EA0E014FEA154900FA07F4B7
:10067000B3FBF9F81FFA85FE09FB18300B0C08FBD9
:100680000EFA43EA00439A4502FA07F240D9EB1802
:1006900008F1FF3004D29A4502D9A8F102002B4498
:1006A000A3EB0A0389B2B3FBF9F809FB183308FB83
:1006B0000EFE41EA03418E452CD9691808F1FF333B
:1006C00004D28E4502D9A8F10203294443EA00402E
:1006D000A0FB0298A1EB0E014145CE46434602D352
:1006E00006D14C4504D2B9EB020E68EB0503013884
:1006F000002EA4D0B4EB0E0261EB030101FA0CFC56
:1007000022FA07F34CEA0303F940C6E9003196E701
:100710004046C5E74346D9E738B5194C9DF810E087
:1007200094F828C01CF0010521D163F3420C40016C
:10073000237DA1834FEACE0E0EF0180E00F02000AC
:1007400040EA0E0023F0380303430E48237591213D
:10075000A2FB000384F828C001FB023106A3D3E901
:100760000023FFF751FEC4E90800284638BD0C25D8
:10077000284638BDAFF300808D49FD1A0700000000
:10078000700F0020002AE7842DE9F043044600F1B1
:10079000150190F82800237D3B4DC0F3400060F325
:1007A00086138DB023750DF0EBFA227DA38B3748AD
:1007B000246102F07902002722759121A3FB000237
:1007C000C4E90277277001FB03212DA3D3E900239D
:1007D000FFF71AFE626A2E4B651BA3FB053502F17B
:1007E000090398428EBF19463A460146226261606B
:1007F00006460DF08BFA0694A38B00F109072348F7
:100800009121A3FB000201FB0321224B0793224B02
:1008100005936368049302234FF000080B930DF1D6
:100820002C0917A3D3E90023CDF82090CDF80C8034
:10083000FFF7EAFD104619464FF47A720023FFF7DE
:10084000E3FDC5F347150235EDB2CDE901600321A3
:10085000CDF800803B462A4640460DF007FA49464F
:100860000DF0CAFC40B994F8283043F0010384F835
:1008700028300DB0BDE8F0830C200DB0BDE8F0834A
:100880008D49FD1A07000000700F0020002AE78440
:10089000A38B2EBAD9DD000071F10000000000002A
:1008A0002DE9F041C468237923F001038CB0237152
:1008B0000F4605460FF002FD00200FF023FD00213A
:1008C00008460FF011FD0820002225210FF078FDC9
:1008D00001200DF01DFD002864D01C300FF09AFDA2
:1008E000494B0B930BA80FF057FD484940F25B6052
:1008F0000FF0FEFD2079C0F3410025300FF000F825
:10090000434821460FF0AEFC23799B062DD5962057
:100910000FF018FF00231A46194618460FF04AFE3A
:10092000D4F800802E6840460EF0D8FF06446A686E
:1009300006F1090100200FF011FF0FF0CFFF0FF0BB
:10094000A9FE20460EF0DAFC811CC9B240463246B0
:100950000EF0C6FF054648BB57B120460EF08CFF8F
:1009600010BB00200CB0BDE8F0810FF083FED7E78C
:100970002369002BF1D0274D0795274D059540F2AF
:10098000F3150093CDE90377CDE90177069433465B
:100990000122394608950DF069F910F0FD0FDCD001
:1009A00000DEDAE700DE98E700DEDAE71B4A1C49E2
:1009B0001C4840F2E51315F005F91B4B0721A5FB78
:1009C000030301FB05310EA3D3E90023FFF71CFD50
:1009D00016490246164815F0F5F8002585F31188EA
:1009E000BFF36F8F0323184602DF124821460FF032
:1009F00039FC0FF029FD6FF08B00B3E7AFF30080F7
:100A000000CA9A3B00000000D6BE898E555555009D
:100A100061FE0000F5FB000005FC000040A801009D
:100A20008CA80100F8A701008D49FD1ABCA801009F
:100A300090A8010081FC000010B500F017F80446F2
:100A400058B9084A0848012115F00DFD2246022137
:100A5000012000F049FA002010BD012100220846C3
:100A6000F7E700BF54AA0100EC9F010010B51B4A34
:100A70001B48032115F0F7FC1A4800F0FDFB00F0BD
:100A800027FC20B9184A1648022115F0ECFC00F0AA
:100A9000A5FD164A1648052100F0B4F9144A154878
:100AA000012100F015FA00F04BFD38B9124A0C484C
:100AB000012115F0D8FC0024204610BD00F0CCFF29
:100AC00008B90E4AF3E701F069F8044608B90C4A80
:100AD000EDE700F08FF814F0F3FDEDE76AAA0100EE
:100AE000EC9F0100810E000099AA0100C3AA010039
:100AF000BC130020F0120020C7AA0100F0AA0100D8
:100B000013AB010008B5054814F0C2FD044800F01D
:100B1000CFF9034A034B136008BD00BFBC1300208C
:100B2000F0120020A0A1010010B50349044614F002
:100B3000EEFD0023237510BDDC1500200449016182
:100B400000220449C260C0E90122016002757047B9
:100B5000C3AA0100ACA10100F0B583B0044600AF08
:100B60000D4604292CD8DFE801F0032325272900AE
:100B70001749204614F0BBFD204614F0CAFD6E460E
:100B800088B06A46134BCDE905304FF40073ADF8D9
:100B90001C30114B7B6042F8103F104800234FF48B
:100BA000E65102F01BF8B54625750C37BD46F0BD81
:100BB0000B49DEE70B49DCE70B49DAE70B49D8E7DD
:100BC0000B4A06480B46012115F056FCEDE700BF25
:100BD000DC1500205AAB010003000001EC9F01006E
:100BE000D0150020C4150020B8150020AC15002039
:100BF0003BAB010000487047E815002008B50C48E1
:100C0000FFF79CFF0A490B4800F05AF808490A48C8
:100C100000F074F80649094800F084F804490848CF
:100C200000F0C6F8BDE808400149064800F0E0B809
:100C3000E8150020DC150020D0150020C415002088
:100C4000B8150020AC15002008B514F0D9FD0346F6
:100C5000054A0648032115F00FFCBDE808400022B4
:100C60000121032000F040B966AB0100EC9F0100B8
:100C7000032908B504D0042909D0022910D008BDE1
:100C8000FFF7B8FF0121BDE80840FFF765BF02216B
:100C9000084A094815F0E7FBFFF7ACFF0321F2E72C
:100CA0000121064A044815F0DEFBFFF7A3FF0421EB
:100CB000E9E700BF7FAB0100EC9F010093AB0100AF
:100CC000024A8260024A416002607047B2AB010092
:100CD000B8A1010008B500220121022000F004F9AA
:100CE00000F0DCFE034A0448BDE80840032115F08B
:100CF000BABB00BFBAAB0100EC9F0100024A8260A0
:100D0000024A416002607047E0AB0100CCA10100E3
:100D1000024A0348032115F0A6BB00BFEAAB01005D
:100D2000EC9F0100024A8260024A41600260704703
:100D3000FDAB0100E0A10100032908B502D008299C
:100D40000AD008BD064B00221A70FFF753FF01219D
:100D5000BDE80840FFF700BFFFF74CFF0421F7E7AD
:100D6000B655002013B50F4C022000F0F7FA237897
:100D70000133DBB22370052200920B480B4A02219B
:100D800015F084FB2378042B04D902B0BDE8104091
:100D900014F060BC00220121032002B0BDE8104025
:100DA00000F0A2B8B6550020EC9F010009AC01008C
:100DB000024A8260024A4160026070471DAC010035
:100DC000F4A1010008B5084A0848012115F04BFBC1
:100DD000022000F0C3FA02210022084600F084F845
:100DE000BDE8084000F060BE28AC0100EC9F0100A7
:100DF000024A8260024A41600260704755AC0100BD
:100E000008A2010007B50B4600920349024600F014
:100E1000EFF903B05DF804FB6D5601001FB51446F1
:100E2000CDE90112C030002201A9039314F0A6FC01
:100E300048B9064A136801331360054A054823463A
:100E4000022115F019FB04B010BD00BF00160020F0
:100E500060AC010044A001001FB5C030CDE9011213
:100E6000012201A9039314F089FC18B9034A1368FD
:100E70000133136005B05DF804FB00BF00160020CD
:100E8000024B1B6803B11847704700BF04160020CF
:100E9000431E032B08D8054B53F8200028B1806867
:100EA000003818BF01207047002070470816002046
:100EB00010B50021054B0360044601718160C0221A
:100EC0000C3018F0FFFD204610BD00BF1CA2010031
:100ED0004B1E032B9FBF034B017143F8210082601F
:100EE000704700BF0816002070B504460D46FFF796
:100EF000CFFF48B1084B53F82410134688682A46A0
:100F0000BDE87040FFF78ABF044A05482346022126
:100F1000BDE8704015F0B0BA081600208AAC010098
:100F200044A0010070B505460C46FFF7B1FF48B17B
:100F3000054B53F82510134688682246BDE87040DB
:100F4000FFF78ABF70BD00BF08160020F8B5044641
:100F50000F4616461D4614F007FC069B0649A6647C
:100F6000C4E910370023204684F84C5023652246FC
:100F700000F074F92046F8BD19570100F0B51D4680
:100F8000134B1F688BB004460E46F7B11F22002199
:100F90000DF1090018F096FDAA88D4F80100B4F804
:100FA000053000901F2AADF8043028BF1F22237897
:100FB00029688DF806300DF109008DF807608DF86D
:100FC000082018F071FD6846B8470BB0F0BD00BFAF
:100FD0001C16002008B500200BF006F9034630B1BE
:100FE0000648074A012115F047FA002008BD0348CA
:100FF000044A032115F037FA0120F7E74CA001005D
:10100000ADAC0100C3AC0100014B1860704700BFDC
:101010001C16002030B5124D2C7885B0ECB9602339
:1010200001A801940F49ADF806303023C0E901440E
:10103000ADF808300BF060FE034638B10A4A0B48A1
:10104000012115F019FA204605B030BD01232B709F
:10105000074A0648032115F006FA0124F3E700BF0A
:10106000B75500207D0F0000D7AC01004CA0010057
:10107000F4AC010010B50B4C237883B10BF08CFE5F
:10108000034630B10848094A012115F0F5F900205E
:1010900010BD2070064A0448032115F0E4F9012030
:1010A000F6E700BFB75500204CA0010009AD0100D4
:1010B00025AD010010B50F4818F067F830B90E489B
:1010C0000E4A012115F0CFF9012010BD03F03EF9C1
:1010D000044638B10A4A03460121074815F0CCF905
:1010E0000220F2E70448074A032115F0BCF9204624
:1010F000EBE700BF949D01005CA0010042AD010040
:1011000084AD01009EAD010008B5054A05480221E5
:1011100015F0A9F9044B00221A70032008BD00BF86
:10112000AFAD01005CA00100B8550020014B18785C
:10113000704700BFB855002007B50B4B1878002347
:1011400070B10DF106000DF107018DF806308DF834
:10115000073015F042FB9DF80600002808BF0B2061
:1011600003B05DF804FB00BFB855002037B5054655
:101170000C46154818F009F810B3144B1B780BB344
:10118000FFF7DAFFA0420BD2FFF7D6FF104A00901C
:1011900023461048012115F079F9042003B030BD31
:1011A0000023E2B22946012003F044F80346002858
:1011B000F4D00848084A012115F05EF90520EDE752
:1011C0000120EBE70320E9E7949D0100B8550020DA
:1011D000F4AD01005CA0010034AE010008B5034C81
:1011E000236803B1984713F067FAF9E72016002047
:1011F0002DE9F043154D2C6889B0072C109E07D9B6
:10120000134A1448012109B0BDE8F04315F02BB989
:10121000671C2F600025CDE903350B460E4900926F
:10122000CDE901554FF000084FF000094FF4046577
:10123000CDE906894FF4006205FB041113F03EF876
:10124000314609B0BDE8F04312F0B2BF24160020C9
:1012500056AE010064A001000060002010B5C0E996
:101260000E1204490022044618F0FBFA04F1380378
:10127000636310BD4B57010010B50F4B0F4C88B086
:1012800018602378B3B9002000210E22CDE90601B1
:10129000CDE90232CDE9003304930949094B0A48EC
:1012A0004FF4007213F00AF80849074812F080FF63
:1012B0000123237008B010BD20160020B95500206E
:1012C000C05D0020DD110000900600207AAE010014
:1012D0002DE9F04101251D4C04262F46013E02D187
:1012E0002846BDE8F08154F8080C17F04EFF38B9D5
:1012F000174A1848012115F0B6F800250834EDE723
:1013000054F8080C14F8041C34F8023CDA07D0F83E
:1013100010C0D0F8088054BF43F4B01383F4D01346
:1013200013F0010F23F48012DCF8003007FA01FEFD
:1013300014BF4EEA030323EA0E03CCF80030D8F8BA
:10134000003098470028D9D0034AD2E728A20100EC
:101350008BAE010054A001009EAE0100022808D807
:10136000044B03EBC0010122097953F8300014F05B
:1013700078BA704720A20100022808D8044B03EB7A
:10138000C0010022097953F8300014F06ABA70479E
:1013900020A20100022803460AD8064A52F830006B
:1013A00002EBC30201211379994083685B691847F6
:1013B000704700BF20A201002DE9FF4105461D4EE8
:1013C000304617F0E2FE044648B91B4A1B4801218B
:1013D00015F049F80024204604B0BDE8F081102241
:1013E0000021684618F06EFB0227D6F808808DF8B9
:1013F0000C70D8F808300195694630469847104A75
:1014000000280346106005DA0E4A0C48012115F049
:1014100033F8DFE7D8F800303946304698470346BE
:1014200008B1094AF1E7094A04482B46032115F09F
:1014300023F8D0E7249D0100C3AE01006CA0010099
:1014400048010020DDAE0100FDAE010013AF010038
:10145000044B1968002903DB03488368DB681847DD
:10146000704700BF48010020249D010008B50146D7
:1014700000220A48002317F0EDFE024640B1084A58
:1014800013884FF6FF718B4201D00133138008BDE2
:10149000BDE8084003210220FFF744BDE418002006
:1014A000AC5500200346024A0248022114F0E4BF72
:1014B00046AF0100D4A0010030B502298FB0084624
:1014C00008D003290BD0012932D10FB0BDE830403C
:1014D000FFF7A0BD0FB0BDE83040FFF7CBBD28221D
:1014E000002104A818F0EEFA4FF6FF74134800220A
:1014F000002304A912F01EFB08B10FB030BD9DF807
:101500001830122BF2D99DF8195007A8FF2D0FC8DB
:10151000ECD1BDF81A50A542E8D1CDE90001CDE9E2
:1015200002239DF917106A4604A800F083F8DDE74E
:101530000FB0BDE83040FFF7B5BF00BFE418002092
:1015400010B520230E490F48282217F06FFE0E4ACF
:101550000E480321FFF756FC0C4A0D480221FFF705
:10156000B7FCFFF737FD044640B10A48FFF74CFDD2
:10157000094A0A482023032114F07EFF204610BDAB
:10158000BA550020E418002089AF0100F4160020AD
:10159000281600206D1400005CAF0100D4A00100EB
:1015A000014B1888704700BFAC55002008B50548AE
:1015B00014F06EF80448FFF77BFC034A034B1360FA
:1015C00008BD00BFF41600202816002040A201002C
:1015D000014812F085BB00BF7405002070B51048AB
:1015E000104D4FF0FF324FF0FF3312F007FB002495
:1015F00060192034B4F54A6F0CD10B4B00221A80CD
:10160000FFF7E6FF094A0A48BDE87040642303215A
:1016100014F032BF2022002118F054FAE8E700BF8E
:101620007405002018190020AE55002095AF010068
:10163000E4A001002DE9F04106460F461546274873
:10164000274C4FF0FF324FF0FF3312F0D7FA4FF034
:101650006508B8F101082AD1214C6523013B31D13D
:101660001F4C652122460139A36930D11D490A88E2
:101670004FF6FF7082421CBF01320A801A4A1B4893
:10168000022114F0F9FE30682060B388A3800123A2
:101690002377A77195E80F0004F1080686E80F008C
:1016A00014F0CCF8A061BDE8F041FFF791BF237FB3
:1016B00033B106223146204618F00CFA0028E8D053
:1016C0002034C6E7227F002ADDD02034C6E79069A7
:1016D000984238BF14462032C5E700BF7405002089
:1016E00018190020AE550020B5AF0100E4A001009C
:1016F0002DE9F8430E46074698B3B9B114F09EF8A9
:10170000814619484FF0FF324FF0FF3312F076FA5E
:10171000DFF858C04FF0650E4FF00008BEF1010E23
:1017200001D0B04505D3FFF753FF46463046BDE82C
:10173000F8839CF81C308BB1DCF81830A9EB03035C
:10174000B3F5616F0AD865460FCD07EB48140FC497
:1017500095E80F0084E80F0008F101080CF1200C57
:10176000DCE70646E2E700BF7405002018190020F8
:1017700010B54FF0FF324FF0FF33084812F03EFA39
:10178000074A65230024013B03D1FFF721FF2046D0
:1017900010BD117F0C44A4B22032F4E77405002080
:1017A00018190020014B1888704700BFAE55002063
:1017B0000346024A0248022114F05EBE46AF010011
:1017C000DCA001002DE9F04F01298DB0084602AFE1
:1017D0000CD08B1E012B00F22481FFF7A7FC58B917
:1017E000914A0221914814F03EFE01E0FFF78CFC83
:1017F0002C37BD46BDE8F08FFFF79EFC0C28034652
:1018000007D80C2200928A4A0221884814F03EFE32
:10181000EEE7A0F10C040C2C01D8864AE1E78648DB
:101820006421FFF765FF786110B9844A0321D9E785
:10183000834D0D23B4FBF3F33B612B8801332B80E5
:1018400013F0FCFF3B692E88B8605C1E7B691C446A
:101850003B69B4FBF3F4FF2C28BFFF24E3B26D46D1
:101860008AB0FB6002AA774BBB6107F1180102F155
:10187000140014F00BF802F11800BE6114F006F821
:101880007B69BB6102F11C0014F000F82846BC61C2
:1018900013F0FCFF0523BB6142F8103F63486A4E1A
:1018A00000234FF4235101F099F9AD460025AA46D3
:1018B000FB68AB4203D1654B01221A7098E77B6944
:1018C000A3EB0A083B69984528BF98465FFA88F35E
:1018D0007B605B4BB3F800B0FFF762FE8146FFF719
:1018E00061FF0122594B3260FA681B78F271B9F13D
:1018F000FF0F5FFA88F228BF4FF0FF093272FF280E
:101900004D4AA6F804B083F0010328BFFF20DFF89A
:1019100038B186F80990B571B072F37202EB4A12D1
:101920004FF0000979685FFA89F38B4202F12002D7
:101930000BF10D0B11D34FF00D0909FB08F909F15B
:101940000C0949463046FFF711FC0135EDB2D0B322
:101950003F4A00942B46012157E712F81A3CBB7707
:1019600052E9080112F8183CFB7712F8173C87F887
:10197000203032F80E3CB983A7F82130B96852F80C
:10198000083CB861CB1A4FF6FF718B4228BF0B465B
:10199000A7F8233007F1180C0BF1FF33E646BEE839
:1019A0000300596007F120018E451860F44603F1E9
:1019B0000803F3D1DEF8000018609EF804101971D6
:1019C00009F10109AEE7EB468AB0786002AA214925
:1019D000B96102F1140007F1180113F057FF02F189
:1019E0001800BD6113F052FF02F11C00BC6113F03E
:1019F0004DFF5846C7F8188013F048FF02F1240045
:101A0000C7F8189013F042FF062142F8101FB96181
:101A100006487B684FF4435101F0E0F8C244DD46CC
:101A200046E7FFF7C5FEE3E6F8AF0100DCA00100E2
:101A300022B001006FB0010098250020AFB0010076
:101A4000B0550020E2B00100BA5A0020B95B002076
:101A50000AB1010028B1010008B50B4A0B48042166
:101A6000FFF7D0F9094A0A480321FFF731FAFFF7D7
:101A700021FB38B90748084A0F23032114F0FCFC66
:101A8000012008BD0020FCE78BB1010038330020A5
:101A90006C320020DCA0010052B10100014813F0BB
:101AA0004CBE00BF18320020014813F04CBE00BFEE
:101AB0001832002007B50A4813F0EAFD0948FFF77D
:101AC000F7F9084A084B1360084B0093084A094984
:101AD00009480123FFF73AFA03B05DF804FB00BFA1
:101AE000383300206C3200204CA2010083580100E2
:101AF000A0BB0D007EB10100183200202DE9F0419D
:101B000082B000AFFFF7A4FC0020FFF743FC194BA5
:101B10001A6801321A603C23B2FBF3F103FB112473
:101B200024BBFFF725FE0646FFF73AFD0546FFF703
:101B300039FEE8468AB003466A460F49059106A871
:101B4000314613F0ABFE294607A813F0A7FE19464D
:101B500008A8052313F0A2FE7B6042F8103F074857
:101B600023464FF4235101F039F8C5460837BD46E6
:101B7000BDE8F0812835002091B10100ECA0010002
:101B800001290B4601D1FFF7B9BF024A02480221E1
:101B900014F072BC46AF0100ECA0010008B50F4A7A
:101BA0000F480721FFF72EF90E480D4A0421FFF7D1
:101BB0008FF942F21070FFF7FFFB20B90A4A0B4879
:101BC000022114F050FC0A4813F0B7FD094A0748F7
:101BD000032114F048FC012008BD00BF2EB2010013
:101BE0004C36002080350020D4B10100ECA001006B
:101BF0002C35002000B2010007B50A4813F048FD5B
:101C00000948FFF755F9084A084B1360084B009341
:101C10000849094801234FF47A72FFF797F903B096
:101C20005DF804FB4C3600208035002058A20100EE
:101C30009358010019B201002C3500202DE9F84F0E
:101C40008A4600AF002974D004680E1F361BF508C1
:101C500026F0070604EB0608B8F802B01BF0010BEB
:101C600016D1E94688B06A46334BCDE905310323E6
:101C700042F8103F31485B464FF4C25100F0AEFFCE
:101C8000CD468BF31188BFF36F8F0423184602DF14
:101C90002946204613F005FE284434F83030C01A97
:101CA000854217D0E94688B06A46254BCDE9053A0A
:101CB000032342F8103F214800234FF4C25100F0A3
:101CC0008DFF0023CD4683F31188BFF36F8F04236C
:101CD000184602DFB8F8023023F00103A8F80230FA
:101CE0002946204613F0DDFD05EB000804EBC80390
:101CF0005B88DA0708D44146204613F01BFE4246B3
:101D00002946204613F05BFEA65BAE1B04EBC60320
:101D10005B88DB0709D43146204613F00BFE2A46C8
:101D20003146204613F04BFE35462946204613F037
:101D3000BDFDBD46BDE8F88F87B20100B4A001002B
:101D40005EB201002DE9F04F91B08407009302F0DC
:101D500004030293C2F3C20303F10103DDF868A098
:101D6000039205460E46059340F09D81041D002810
:101D70004AD101F00706341DC6F10806009B002772
:101D80005A1E4FF004084FF0FF3301930497B946F1
:101D9000BB4643460DB1009921600598002800F329
:101DA000D78090480099814203D38F488142C0F088
:101DB000CF80039911F0020CA4EB050040F0D6800F
:101DC000B9F10F0F00F2CF80002D00F0D68009F19D
:101DD00040010DEB010EC0F3870001990EF8200CB5
:101DE0000EF8101CBCF1000F00F0C38060F07F0003
:101DF0000EF8200C013709F10109C5F1080104347E
:101E000006914FF6DA7E8CE00729B7D86FF01B00F9
:101E100011B0BDE8F08F7A285BD84B280FD847283F
:101E200057D829282ED8252850D052D8202818BF76
:101E300023280CBF4FF0010B4FF0000B71E04C3822
:101E40002E2846D8DFE800F06D4545454545454517
:101E5000454545454845454545454545455645481B
:101E6000485656566D486A456D4518481845457F91
:101E70007C48454548457C0000204FF0000B4FF062
:101E8000040835E02A38C0B2012101FA00F010EA56
:101E90000E0F46D110F0625C2CD110EA010B40D03D
:101EA0006046013C4444B4FBF8F408FB04F425B15B
:101EB000A3EB050CA444B445A8D8002870D005991C
:101EC000013905915AF8041B009163E70199013922
:101ED00001914FF0000B24E012F8010C6C2834D172
:101EE00012F8023C00206C2B8346C8D14FF0080842
:101EF0004346D6E70AF1070A2AF0070A0734FAE848
:101F000002BC24F0070435B106982044B0423FF6E5
:101F10007DAFC4E900BC08344FF0000B4FF0080857
:101F2000434612F8010F002853D0BBF1000F7FF495
:101F300072AF2528F5D1019B013301934FF0010BBE
:101F40004FF00408ECE7584697E700208346A8E7DF
:101F5000039988077FF551AF601B4FF0010CB0F576
:101F6000007FFFF42DAF6FF0150051E74FF0000C2C
:101F7000F5E70498013004903DE7BCF1000F01D073
:101F8000013638E70298023600287FF434AF009813
:101F9000CDE90632FEF75AFADDE9063206442AE7B1
:101FA000042B08D10AF1040015B1DAF80010216001
:101FB00004348246B5E70AF1070323F0070303F16F
:101FC000080A1DB1D3E90001C4E90001083408235F
:101FD000A7E7631BB3F5806FC5D23DB9A6F108042E
:101FE000E01815E7F89B010080CE0100029A2860F6
:101FF0009B082B709DF81030AAB1EB70AF702FB119
:1020000008A80022C5F1010C91450ED1C5F10103CC
:102010000DF120084FF0000A01930DF1300BD1456E
:1020200012D1601BF4E66B70E8E710F8013B19066B
:1020300008D50CEB040EB64503F07F033FF6E6AE81
:1020400004F8013B0132DFE71FB198F90020002AB4
:1020500017DB029BD3B11AF80B2004F8012B0022E6
:10206000019B18191044B0423FF6D0AE98F800001A
:1020700004F8010B00990392204617F015FD039A0E
:1020800014440AF1010A08F10108C8E798F8002091
:1020900055F822300093029B45F822300098FEF755
:1020A000D5F9421CDCE76FF00D00B1E62DE9F04FE9
:1020B00097B000AFC7E90A3205468A4649B90378A6
:1020C0004678807800EB83002844564524D8A0EB5E
:1020D000050AD7F8803095F80280D7F8804003F0E1
:1020E0000103FB61EB787B62B8F1000F0CBF0024A9
:1020F00004F001041BB1D7F880309A0715D4A4B9B5
:10210000FB6A1BB1BA6A5146284698475646304684
:102110005C37BD46BDE8F08F441C2046FEF796F9BB
:10212000013020440AF1010ACFE7D7F88030C3F329
:10213000C0033B622B78BB619B003B616B687B619A
:10214000BB6905EB830BFB6A002B77D15646D8445D
:10215000BCB11C461BF8013B55F82300FEF776F98D
:10216000D7F88430013043B1D7F88830A34282BF1A
:10217000D7F8843023F814000134C3450644E9D16C
:10218000D846D7F8803013F0050F0CBF4FF0020B84
:102190004FF0010B4FF000097B6A9945B7D298F8D0
:1021A000013055F823A0AE4B9A4508F10208C0F063
:1021B0004B81AC4B3A6A9A452CBF002301230AB3EA
:1021C00018F8021C7869FB6213F0CEFCFB6AC8B1F8
:1021D000EA468AB06A46A44B05937B69CDE906318D
:1021E0004FF40073ADF82030A04B42F8103FA048E8
:1021F00000234FF4125100F0F1FC023ED54609F1E4
:102200000109C9E723B1FB6933B9A6EB0B06F6E771
:10221000D7F880309B07F2D55046FEF717F9D7F86C
:1022200084304BB1D7F888309C423FBFD7F8842028
:10223000431C22F8143001340644E0E7002C69D135
:10224000B8F1000F6CD0D7F8803058076BD5C14675
:1022500007F148004246594617F026FC0BEB0803ED
:10226000FB6000220233796A8A425ED3D7F880206D
:1022700095F801B0F969920704EB0B03DBB254BF88
:102280004FEA59020022002940F0A680D7F88010BA
:1022900011F0040F14BF494600216B70A970EA7059
:1022A0003969BA6AFB6A28469847061EFFF62FAFBF
:1022B000BB692B707B6AEB704946BA6AFB6A85F88A
:1022C00001B085F8028007F148009847B0F1000995
:1022D000C0F2B6803B697A6A786A03EB4201FB6818
:1022E000BA6A414403EB4000AAEB0101FB6A98473C
:1022F0000028C0F2A780B14409EB00064FF0000BA4
:1023000007F1380AA34569D30021BA6AFB6A084677
:102310009847FCE6444607F138004FF0000999E77A
:102320004446C1469AE7A14698E713F8016CDFF8E6
:1023300030C155F8260013F8021C6045C0F08A80B1
:10234000DFF820C16045386A2CBF4FF0000B4FF01A
:10235000010B38B17869C7E9013213F005FCD7E900
:102360000132F0B9BBF1000F1ED0F96949B1611C0F
:1023700004F1280007F13004041904F8206CCCB2F1
:102380000FE0D7F8801049070BD509F1280007F1B5
:10239000300C09F1010100EB0C0909F8106C5FFA2F
:1023A00081F9013202335EE7D7F880008007DED47E
:1023B00009F1280C07F1300EF44409F101000CF882
:1023C000101C07F1580151FA80F009F102095FFA77
:1023D00089F900F8106CE4E700215EE71BF80A3089
:1023E00087F8373055F82390D7F884302BB3D7F8D7
:1023F00088309B4521D2D7F8843033F81B80BA6AE5
:10240000FB6A012107F13700984700281ADB0644D0
:10241000B8F1000F06D14846FEF718F800F10108A0
:102420001FFA88F8BA6AFB6A41464846984700286E
:1024300008DB06440BF1010B64E74FF00008DEE710
:102440004E4664E6064662E63B6A002B3FF4E0AE89
:102450000023B5E6386A0028A6D04FF0000B79E7D4
:10246000F89B010080CE0100B4B20100040000011D
:1024700034A00100014B1860704700BF4C010020E0
:1024800080B505460E461746984612F093F9034666
:1024900001F08CFADFF81890044649F80030424603
:1024A00030463946A84754F8090001F019FA00BF30
:1024B000080000002DE9F047858B044628071746E1
:1024C0000CD501290CBF45F0100545F02005A5836A
:1024D00087F31188BFF36F8FBDE8F087022905F0FD
:1024E000070540F09480204613F0FFFD052864D8CE
:1024F00001A353F820F000BFD12400000F260000F4
:10250000BB2500007D25000097250000A9250000BF
:1025100001F007035A1F012A1FD8002221F00701EA
:10252000062BD4F8008089B2C4E9002209D14346C1
:1025300003E0E28B0132E2831B68002BF9D141F00A
:102540000201A183204613F0D0FD4FF000090028BE
:102550006DD041F02001A18369E0042B0AD121F064
:10256000070189B2A183204613F0BFFD10B141F0ED
:102570002001A1834FF00008C14658E02369D3F839
:102580000090A38B23F0070343F00603A3834FF0CF
:10259000000846464BE02369D3F80490A38B23F050
:1025A000070343F00403F1E72369D3F80890A38BF2
:1025B00023F0070343F00503E8E74FF00008C146A6
:1025C000E7E7012243F00803A38387F31188BFF3F1
:1025D0006F8F002A3BD1B8F1000F4AD1B9F1000F3B
:1025E00002D02D492046C847EFF31187202383F3FB
:1025F0001288BFF36F8FA38B23F008039BB2A383D2
:10260000D9063FD523F01002A28303F00705A6697F
:10261000A18B002EBFF67CAF0023D4F8008021F000
:102620000701C4E9003341F00101A1839946A38B5E
:1026300003F0070AAA4502D0A268002AC1D1B8F166
:10264000000F02D1B9F1000FDAD00022BAE7A16879
:102650000029C0D00D680029BDD04F6833465246CE
:102660002046B8471DB12B6829461D46F3E72B4687
:10267000FAE74146334652462046D8F8008013F028
:1026800060FDA8E79A067FF523AF23F02002A2831E
:1026900003F0070527E700BF6F6101002DE9F04750
:1026A000DFF85480044607464FF0010994FAA4F578
:1026B000B5FA85F509FA05F32E0108EB05156FEA61
:1026C000030A24EA03042B7B63B158F806301B6924
:1026D0006BB94644042273682846196807EA0A075A
:1026E00013F051FE002CE1D13846BDE8F0872846B2
:1026F00098470028F6D1ECE71CA1010010B50F495E
:102700000F4888B0002217F0ACF800220023CDE972
:10271000062300240E23CDE90334CDE90144094BFF
:10272000094900944FF44072084811F0C7FD084968
:10273000064811F03DFD204608B010BD55270000A9
:10274000080C0020852A000000A200204807002075
:1027500073B30100014811F045BB00BF880500209C
:102760002DE9F047804621480F4613F0ECFD064660
:10277000002833D000252846BDE8F087237B83B1AD
:102780002368DB680BB120469847636883F806909E
:1027900023681B69D3B9636804221968204613F0C3
:1027A000F2FD013610345445E8D3B8F1000FE2D001
:1027B000002DDFD02846FFF771FF0546002FF7D028
:1027C00000214FF4A47016F058FFF1E72046984717
:1027D0000028E0D009FA06F31D43E2E7044CDFF8D5
:1027E00014A005464FF00109DDE700BF4C3800207A
:1027F0001CA101002CA10100014B53F820007047DF
:1028000070A2010008B5034608462BB1044A1360C4
:1028100000F044FC002008BD6FF01500FBE700BF8E
:102820005001002010B5044C237813B9034811F06F
:10283000D9FA0123237010BDBA5B0020880500205F
:1028400010B504460B4813F07EFD5CB1BFF35B8FFF
:10285000094B53E8001F013943E80012002AF8D160
:10286000BFF35B8F054812F0EDFA0548BDE8104054
:1028700011F0B8BA4438002048380020080C002075
:1028800088050020064BBFF35B8F002253E8000F42
:1028900043E800210029F9D1BFF35B8F704700BFE7
:1028A0004438002070B5FFF7EDFF084C084E054690
:1028B000B44200D370BD63685B792BB123685B6859
:1028C00013B12946204698471034F1E71CA10100B6
:1028D0002CA1010010B5044C0449204613F07FFAE6
:1028E000034B1C6010BD00BFDC0400205CA2010093
:1028F0003C3800200D4A0E48002310B513700D4AD5
:1029000013600D4A4FF400411360FFF77BFFFFF7A0
:10291000E1FF0A4B0A4918468B4200D310BD1A1A30
:102920005C681211013222711033F5E7BB5B0020A5
:102930004363010044380020483800201CA10100F6
:102940002CA10100014600220148002313F068BABF
:10295000DC040020014813F0FFBA00BFDC040020B3
:10296000024B0146186813F052BB00BF3C380020F0
:10297000014813F087BB00BFDC04002070B52A4B70
:102980001B78002B4ED0FFF7E5FF0446002846D108
:10299000264B274D1B68002B19DD16F01AFF4FF44C
:1029A0007A76A0FB063206FB0121D5E90020DB0B7D
:1029B00043EA41439B1A4FEAD13140F2E93261EBDD
:1029C0000001934271F1000101D3FFF76BFFD5E9DC
:1029D000003213F57A7342F10002C5E900320CB3FC
:1029E000BDE87040FFF7C4BF6B685B7923B12B680B
:1029F00021461B68284698471035B542F4D3204637
:102A0000FFF7AEFFBFF35B8F0A4B53E8001F01399E
:102A100043E80012002AF8D1BFF35B8FB8E7064DF8
:102A2000064EEAE7002070BDBA5B00204438002063
:102A3000000C0020483800201CA101002CA101003E
:102A400070B50D4D297861B90120FFF789FE0B4C57
:102A50000B4EB44206D3FFF791FF0028FBD10123B0
:102A60002B7070BD63685B791BB1236820469B683F
:102A700098471034EDE700BFBB5B00201CA10100AC
:102A80002CA1010000212DE9F8430846FFF768FE5C
:102A9000044648B340F267684FF0000900F086FF33
:102AA0001A4B1B4A1B58136033B11A4B1B68092B76
:102AB00002DD194811F096F9184F002544B120465F
:102AC000FFF7ECFD044618B94FF0FF384FF0FF391F
:102AD000FFF754FF064628B9B5B90F4842464B46A2
:102AE00011F0BAF93546E9E74FF0FF384FF0FF39FA
:102AF000D4E72B689B691BB10022114628469847F2
:102B00001035BD42F5D3E8E7054DFAE708000000AF
:102B10004038002048380020880500202CA1010002
:102B20001CA1010013B5184813F00DFC174B1B78BE
:102B300073B1EFF31184202383F31288BFF36F8FF7
:102B4000FFF71CFF84F31188BFF36F8F02B010BD35
:102B50000F4B1B68002BF9D050B900220023CDE9A0
:102B600000230C484FF40042002312F033F9EDE744
:102B70000928EBD1074812F065F9074802B0BDE813
:102B8000104011F02FB900BF48380020BB5B002077
:102B900040380020080C00208805002010B5064BA6
:102BA0001B68044698472146A060044813F0B5F915
:102BB000BDE81040FFF7B6BF50010020DC04002044
:102BC000044A054B9B1AB1EBD30F34BF52F83100C6
:102BD00000207047EC9F01001CA101002DE9F04F7F
:102BE0008FB004AFC1F34A26B8600D4690467B60B3
:102BF0000C0D002E61D04FF000090A234FF0040B9A
:102C000007F1140AFE60C7E90799C7F824900093FA
:102C1000CDF808B0CDF804A007F11C03F9684A46C6
:102C20004046FFF743FAB0F5006F03461CD36C46ED
:102C30008AB0D8F8041004AB2448C3E9050140F277
:102C4000FF71D9611A464FF400711984204B42F884
:102C5000103F20484B464FF41251FFF7BFFFA546E7
:102C60002C37BD46BDE8F08FC0F30A0604F117000B
:102C7000184420F0070080083B60FFF763FE66F30E
:102C80005325044680B13B68134A00F11001C7E99F
:102C90000839F961CDE901AB0A230093F96807F11E
:102CA0001C034046FFF702FA66F353257B68B968B8
:102CB0002A46204613F087FBD2E704F1170020F0E4
:102CC00007008008FFF73EFE0446EDE788B30100E9
:102CD0000400000174A00100996301002DE9F04F88
:102CE00087B0DDE9127ADDE9106B054688461446A7
:102CF0009946BFB11021CDF800A03B465A460020AE
:102D0000CDF814A0FFF71EF8B0F5006F01460BD305
:102D1000194A1A4840F2FF73022107B0BDE8F04F8C
:102D200013F0AABB3946384604F0070305F0070440
:102D3000E40044EA831444EA402444EA065406F1D9
:102D40001700084420F0070080080391FFF7FAFD00
:102D5000054640B13FB10399CDF800A03B465A4625
:102D60001030FEF7EFFF4B4622464146284607B09B
:102D7000BDE8F04F13F027BBC7B3010074A00100FA
:102D8000406820B1034BC01A40F3CF0070474FF0AA
:102D9000FF307047EC9F01000EB403B503AB014652
:102DA00053F8042B0448019300F088FF02B05DF84B
:102DB00004EB03B0704700BFDB640100CA0605D412
:102DC0008B064CBF02490349FFF7E6BF704700BFBF
:102DD00000B40100FFB301002DE9F04F89B098461F
:102DE000159B0693DDE916A39DF85090189F059258
:102DF00004460D460493B9F1000F00F0B08007F4CB
:102E00008073079313F0BDFA07F0020B0246002807
:102E100074D078492046FFF7BFFF0646BBF1000F8C
:102E200008D017F0440F6BD173492A462046FFF7AC
:102E3000B3FF064407F0010353B1704B704953F8D8
:102E40002920704B2046002A08BF1A46FFF7A4FF2E
:102E500007F48073002B07F0080318BF4FF0000839
:102E6000002B79D0684B694953F829202046FFF799
:102E700093FF0546059B2BB165491A462046FFF78F
:102E80008BFF0544B8F1000F05D062494246204649
:102E9000FFF782FF054460483544069B1BB15F493C
:102EA000224612F030FE049B002B00F08E80DDF8ED
:102EB00010803946B8F1100F204628BF4FF0100897
:102EC000FFF77CFF0026B54250DC002633461AF897
:102ED000032053492046FFF75FFF0136102E4BD0E9
:102EE000710703D14F492046FFF756FF4645334649
:102EF000EDD34D492046FFF74FFFEEE706468DE73D
:102F00004A4B1868002894D0494B4FF47A7B1B68D1
:102F1000B5FBF3F54FF46163B5FBF0F100FB115520
:102F20000BFB05F54FF03C0CB1FBF3F203FB121168
:102F3000B5FBF0FEB1FBFCF300FB1E550CFB1311BF
:102F40000BFB05F50091B5FBF0F53A49CDE901E53C
:102F50002046FFF721FF6CE707F008058AE7B8F184
:102F6000010F0CBF2C4834484D4696E72D492046AA
:102F7000FFF712FF0136A6E7304920460026FFF78B
:102F80000BFF33461AF803202D49A2F120035F2BD3
:102F900028BF2E222046FFF7FFFE0136102E0DD04F
:102FA000720703D11F492046FFF7F6FEB0453346AE
:102FB000E8D81C492046FFF7EFFEEEE7049BB3EB91
:102FC0000803C24404937FF472AFB9F1000F0AD032
:102FD000FB0704D50B4A0A492046FFF7DDFE3946B8
:102FE0002046FFF7EBFE204609B0BDE8F04F13F096
:102FF00067BA00BF07B401000BB4010080A2010052
:103000004EB9010002B4010094A2010030B40100E5
:1030100036B401003AB40100DB640100BD3C00009D
:103020003FB4010047B4010045B40100543800200A
:103030005038002014B401001165010049B40100AA
:103040004BB4010073B542F20F738B4228BF0B469D
:1030500005680F4A04460521684612F01DF86368AA
:103060000C495B6806460B22284613F01BFA63687E
:103070003246694628465B6813F014FA63680649CD
:103080005B681B22284613F00DFA02B070BD00BF2A
:10309000E9BC01007DCA010061CA0100074A0021A4
:1030A0000123904206D8064A01B901231360054B5B
:1030B0001860704740085B000121F2E740420F00B2
:1030C0005038002054380020F8B5074F0D4604460C
:1030D0004618B44201D12846F8BD14F8011BBB685C
:1030E00001485B689847F4E7089D0100014B0360C5
:1030F00000207047DCA2010008B50348034A002104
:10310000121A13F082FA08BD90060020845D002098
:103110000748084A084908B5121A13F078FA074810
:10312000074A0849BDE80840121A13F070BA00BFF8
:10313000000000209006002080CE0100000000204A
:103140000000002080CE01002DE9F047064600AFC8
:103150000C46002936D0E9468AB0D1E90012A368AE
:103160006D462148E8464FF0050ACDE90501CDE955
:10317000072348F810AF1D48424600234FF4215161
:10318000FFF72CFDCD46D4E903126369AD4618481C
:10319000C5F810A0C5E90501C5E9072313480023B8
:1031A00042464FF42151FFF719FDCD46E369114A1C
:1031B0000E48012113F060F9A3690F4A0B48012161
:1031C00013F05AF9012E07D1EFF305830B4A074894
:1031D000103B314613F050F92146304610F08CFA7E
:1031E000BD46BDE8F08700BF88B40100ACA0010077
:1031F000B7B40100E6B40100F5B4010023B5010045
:1032000030BFFFF7FDBF00BF2DE9F0410B4EDFF8E7
:10321000308006EB0807CC1B05463246094920469C
:1032200016F042FCA01942460021083C16F04AFC68
:10323000C5F8A84007F10800BDE8F08100000000D3
:10324000040000002CA1010010B5204C20492148A9
:1032500013F0EAF9A36A990136D51E481E4913F006
:10326000E3F91E20A36ADA0104D51A481B4913F0BA
:10327000DBF91F20154CA36A1B0304D51548184918
:1032800013F0D2F92120A36A590304D51148154936
:1032900013F0CAF922200D4CA36A9A0304D50D48F5
:1032A000114913F0C1F92320A36ADB0304D50948AF
:1032B0000E4913F0B9F92420044A936A6FEA0343D4
:1032C0006FEA1343936210BD1D20CBE700ED00E0D1
:1032D00036B50100ACA001004EB5010061B501009A
:1032E0007BB5010099B50100BEB50100D8B501005C
:1032F00070B506460D46284C2849294813F094F924
:10330000A36AD9043CD52648264913F08DF9172025
:10331000A36A1A0504D52248234913F085F9182019
:103320001D4CA36A9B0512D51D48204913F07CF95A
:10333000A36BA26A100409D51D4A1948012113F094
:103340009BF81EB1A36A23F40043A3621920124C18
:10335000A36A590504D51248164913F065F91A20D5
:10336000A36ADA050ED50E48134913F05DF91B2048
:10337000094A936A43F47F43936200232B7070BD24
:103380001620C5E7A36A9B04F2D505480B4913F044
:103390004BF91C20ECE700BF00ED00E003B6010094
:1033A000ACA0010019B601002AB601003DB601002B
:1033B00056B601006BB6010086B601009EB601004C
:1033C0002DE9F843804689461746354D354936483C
:1033D00013F02AF9AB6ADE0627D53449324813F0D8
:1033E00023F91124AB6A1D0704D531492E4813F087
:1033F0001BF912242A4DAB6A980718D52D492A4883
:1034000013F012F96E6BAB6A190646D52A4A2648A4
:103410003346012113F030F8B9F1000F03D0AB6A45
:1034200023F08003AB62132403E01024DAE76FF08B
:1034300015061B4DAB6ADA0704D520491A4813F06C
:10344000F3F81424AB6A9B0604D51D49164813F003
:10345000EBF81524124B9A6AD50602D49A6A9007A3
:103460000AD55B68190507D54146304600F0EAF9F0
:1034700010B180F309880224094B9A6A920642BF70
:103480005A6A22F400525A629A6A42F0FF029A6221
:1034900000233B702046BDE8F8836FF01506C2E7B5
:1034A00000ED00E0CDB60100ACA00100E3B60100E4
:1034B0002AB6010016B701002EB7010044B701007B
:1034C0009EB601002DE9F041684B8AB0D3F8048024
:1034D00000AF0446C8F30806002585F31188BFF342
:1034E0006F8F02F07F43B3F17F4F07D102F00C03DF
:1034F000082B12D15E495F4813F096F800252C4640
:103500000023FB71F31E092B00F28F80DFE803F02C
:103510000A8588818D8D8D8D8D8B10074CBF0C4653
:103520000125EDE754495348504E13F07DF8002330
:10353000FB71F36A9A0705D550494E4813F074F8A9
:1035400000232DE0F36A002B01DA4D49F5E7F36A19
:103550005B00F5D54B49474813F066F87369A269DB
:1035600043F480737361BFF34F8FBFF36F8F32F8F3
:10357000023C726922F480727261BFF34F8FBFF315
:103580006F8F03F47F42B2F55F4F2BD1DBB2022B7A
:1035900028D123683C4A3748012112F06DFF236887
:1035A000FA79DAB907F1080604F1200C206861689D
:1035B000324603C2083464451646F7D17A6A002DB4
:1035C00050D0C2F3080121B96FEA52226FEA4222B9
:1035D0007A6207F108011846FFF7B6FD2837BD46A5
:1035E000BDE8F081214B9A6AD2B22AB1FA1D0121BD
:1035F0002046FFF7E5FE0EE09A6A12F47F4F04D0F2
:10360000F91D0120FFF774FE05E09B6AB3F5803FCA
:1036100096D3FFF719FE0346C2E7FA1D0021E7E73C
:10362000F91D0020EEE7194987E7194A194B18F4EC
:10363000F87FE8468AB008BF13466A461649CDE9C6
:1036400005134FF40073ADF82030103E134B07966E
:1036500042F8103F074800234FF41151FFF7BEFA1C
:10366000C5466DE76FF30802B2E700BF00ED00E06A
:1036700091B70100ACA00100BCB70100D3B70100B5
:10368000F4B7010002B8010021B801003DB8010003
:1036900063B7010078B7010061B8010004000001C0
:1036A000044B5A6942F010025A615A6922F008022A
:1036B0005A61704700ED00E0EFF30880EFF30981F5
:1036C00001B57246FFF7FEFE01BD00BF0B4880F357
:1036D00008880FF0BBF8202080F3118808484FF4C9
:1036E0000461401880F30988EFF314800221084335
:1036F00080F31488BFF36F8F00F06CF800C20020D5
:1037000040B400201EF0040F0CBFEFF30880EFF36D
:103710000980816911F8021C0229FFD001B57246A7
:1037200012F077FF01BD00BF40B2002807DB044A5A
:103730004109012300F01F00834042F82130704707
:1037400000E100E040B200280CDB4309064900F02C
:103750001F0020330122824041F82320BFF34F8F06
:10376000BFF36F8F704700BF00E100E0054B4209D7
:1037700000F01F0053F82220012303FA00F010404C
:10378000704700BF00E100E040B20028A8BF00F190
:10379000604001F10101B8BF064B4FEA4111ACBFD7
:1037A00000F5614000F00F00C9B2B4BF195480F8B1
:1037B0000013704714ED00E0044B054A23F07F032B
:1037C0009360BFF34F8FBFF36F8F7047000000000F
:1037D00000ED00E008B5FFF7EFFF0B4AD2F88830A4
:1037E00023F47003C2F88830EFF3148323F004034A
:1037F00083F31488BFF36F8FFFF77EFCFFF788FC1D
:1038000000F0B6F810F0B0F800ED00E042F8203C0F
:10381000009B42F81C3C0A49019B42F8183C029B61
:1038200042F8143C21F001014FF0807342F8043C4F
:1038300042F8081C0023203A0265C0F8AC307047FB
:10384000812400000A4A0346906878B113F1160FEC
:10385000D0F8980005D0A0F14002934205D38342EE
:1038600003D2814228BF002070470020704700BF6C
:103870007455002008B515460C4A0D4B9060D0F8E1
:10388000A8201A600E4600F0A3F82C4686F309889B
:103890000020044B98472046002100220023024CC0
:1038A000204700003F66010081240000745500207D
:1038B00084380020014B10221A61704700ED00E0AF
:1038C000054B5A699B689A421FBF044A536843F0EC
:1038D00080535360704700BF7455002000ED00E036
:1038E000084B9B6883420BD1EFF3058343B1064B32
:1038F0005A6842F080525A605A6A22F400425A6270
:1039000010F05EBF7455002000ED00E015498A6894
:103910004FF030001044EFF3098C80E8F01F2020B6
:1039200080F31288BFF36F8F0F4F4FF000664A6924
:103930008A603E60D2F8A8000C4C2060D2F8AC003F
:103940000023C2F8AC3080F3118804B5104600F0B3
:103950003FF8BDE8044002F1300090E8F01F8CF31E
:10396000098870477455002004ED00E08438002079
:10397000044800232021C2180133302B82F80013A1
:10398000F9D1704700E100E008B5EFF30583064A7E
:10399000103B02EBC30152F8330049688847BDE889
:1039A0000840FFF78DBF00BFB09D010001480068CF
:1039B0007047000084380020024B034A034801216D
:1039C00000F08CB80000042000000020DCA2010000
:1039D000D0F89830054A403B1360054B4021C2E9BE
:1039E00001131046012100F083B800BF8838002081
:1039F00000000B1508B503461048D0F89020C2F31C
:103A00000722013A934207D90D480E4A012112F0CC
:103A100033FD6FF0150008BDC0F898300A6822F039
:103A20001F021A4342F01002C0F89C208A6842F03C
:103A30000102C0F8A0201846EDE700BF00ED00E04D
:103A400094A0010078B80100F0B50E4685B01F467D
:103A500004460025B5420DDA606810B397B1431EE5
:103A600018420AD0104A11482B46012112F004FDD9
:103A70006FF01502104605B0F0BD1F28F2D921687D
:103A80000B42EFD12368019312F0FCFDA36801A95A
:103A90000343D0B20393FFF7ADFF10F1160FE7D049
:103AA000421C01350C34D5E79EB8010094A00100FA
:103AB000044B0522C3F89420BFF34F8FBFF36F8FE1
:103AC000704700BF00ED00E0BFF35F8F024B0022A4
:103AD000C3F89420704700BF00ED00E010B5034C20
:103AE00001232278FFF7B0FF207010BDBD5B0020DE
:103AF00008B50B4A00231278FFF7A6FF10F1160F46
:103B000007D0084A0021D2F89030C3F30723984227
:103B100000DB08BDC2F89800C2F8A0100130F2E73F
:103B2000BD5B002000ED00E02DE9F0435D485E49FB
:103B3000D0F890300C68C3F307239C4285B000F2A4
:103B4000AE80FFF7C1FF49680022944201F10C01E9
:103B50001AD1564F564D3C706846FFF7C7FA554C80
:103B6000554E81464FF00008C14520D13B784D4964
:103B70000020D1F89020C2F307229342C0F289803E
:103B8000FFF796FF002050E0C0F8982051F80C3C59
:103B900023F01F03134343F01003C0F89C3051F887
:103BA000043C43F00103C0F8A0300132CDE7009897
:103BB00000EB08114FEA081CCB682340B3F5000F57
:103BC00049D00BD8B3F5001F32D0B3F5800F37D0F2
:103BD000B3F5801F14D008F10108C5E7B3F1007FE9
:103BE00042D0B3F1805F48D0B3F1807FF3D150F879
:103BF0000C3088684A6812F045FD40F0887009E092
:103C000050F80C3088684A6812F03CFD40F088504B
:103C100040F43020039001A93878CDE90123FFF763
:103C2000E9FE002831DA6FF0150005B0BDE8F08339
:103C300050F80C3088684A6812F024FD3043E9E7F8
:103C400050F80C3088684A6812F01CFD40F0C060E3
:103C500040F40030DEE750F80C3088684A6812F013
:103C600011FD40F08270D5E750F80C3088684A6842
:103C700012F008FD40F48020CCE750F80C30886842
:103C80004A6812F0FFFC2843C4E73B7801333B70DD
:103C9000A1E7C1F89830C1F8A000013369E74FF0FF
:103CA000FF30C2E700ED00E0E8A20100BD5B0020AC
:103CB000000002110000F0FF00000811F0B587B00D
:103CC00007460E4614460021102268461D4615F090
:103CD000F9FE02238DF802302A46054B0193214656
:103CE0006846CDE9047611F001FA07B0F0BD00BFD7
:103CF000A566010008B5024B1B689847002008BD67
:103D000094380020034B044A1860937843F0020370
:103D100093707047943800205C01002008B5064974
:103D2000064821F00701C1F1005202F5802211F08E
:103D3000A9FE002008BD00BFB7D0002098380020A1
:103D400070B54169867A0B4D044659B1437ADB0759
:103D500006D4302303FB06539B6A1B689B68984775
:103D6000002363613020214600FB0650BDE870400F
:103D700015F059BBD0050020024B302202FB003069
:103D8000704700BFD0050020827A074B302101FB2D
:103D90000233DA6A93F822301B33801A23F00303CC
:103DA000B0FBF3F0704700BFD005002038B5074BDB
:103DB000827A302404FB02339B6AD3E901240C602D
:103DC0001568FFF7E1FF04FB005038BDD005002067
:103DD0002DE9F04385B005466846039190461C46A0
:103DE00015F0F9FCDDE90067EFF31189202383F377
:103DF0001288BFF36F8F2B8C002B43D0EA8B9A4233
:103E000025D90022002328460FF0BAFF0446F0B15E
:103E100089F31188BFF36F8F039B002B43D0324689
:103E20003B46684615F0FCFCA27A274B302101FB8B
:103E3000023320469B6A1B6803A91D68DDE9002345
:103E4000A847606180BB2046FFF77AFF26E0298CF7
:103E50004B1E2B8489F31188BFF36F8F95F82230A6
:103E6000EA8BEC6A1B3323F00303521A02FB034470
:103E7000154B164AEB1A1B115343A37295F82230C7
:103E8000E372C9E789F31188BFF36F8F2346424677
:103E900028460FF075FF04460028BDD100242046B7
:103EA00005B0BDE8F0836361012300252381039BF6
:103EB0006382E27A6560294604F1180015F002FE7B
:103EC00063692582E360EAE7D0050020ABAAAAAACD
:103ED00070B50D4C302500B970BD037A4668002BD3
:103EE000FAD0013BDBB20372002BF5D1C360436013
:103EF000837A05FB03435B6A13B198473046EAE7D0
:103F0000FFF71EFFFAE700BFD00500200C4B01228F
:103F1000C3F840254FF080434FF08051C3F8782517
:103F2000D1F83001082805D1D1F83411022908BF91
:103F3000C3F838260122C3F880250020704700BF4F
:103F400000E0014048B1054B054A1B68B3FBF2F3A2
:103F50005843044B43F00103184770479404002072
:103F600040420F0090A1010008B5054A054B1360BF
:103F700010463C2353600EF03FFD002008BD00BFFB
:103F8000A43800203FC00F00024B1B6803B1184744
:103F9000FF207047B43800200A4B0B4A0020C3E9C9
:103FA00000000A4B1A600A4A5A600A4A9A600A4A92
:103FB000DA600A4B0A4A9860C3E90020094ADA60CD
:103FC000704700BFD83800201D410000C8380020CD
:103FD0004940000085410000CD670100B83800204D
:103FE000893F0000CF67010030B50E4C8BB02D2308
:103FF000054668468DF8003004F074FA9DF90430E7
:104000002278934200D15DB1D8B2074B20701B6873
:1040100003B198472378054A0548032112F02CFA8A
:104020000BB030BDC05B0020B0380020EEB80100FE
:104030008CA00100034BBFF35B8F1868BFF35B8F4D
:10404000704700BFE03800202DE9F04383B042788C
:1040500002AF0446C2B1104600F0DAF96C4688B0EF
:1040600002AA294BC2E905304FF400739383274B12
:1040700042F8103F26484FF4E25112F0AAFBA54641
:104080000437BD46BDE8F083FFF7D4FFC00702D573
:104090001046FFF7A9FFFFF7CDFF81070ED4237F5E
:1040A00063B1BFF35B8F1B4B53E8001F41F002016C
:1040B00043E80012002AF7D1BFF35B8F6179237FB9
:1040C0004A1E5142514141EA4301134B1D685FFAB8
:1040D00081F8002DD4D0083D4FF6FF792B88E07889
:1040E0004B4501D083420AD1A16894F91030B4F94C
:1040F0000E200191217B00916E684146B047AD686A
:10410000002DBDD0083DE9E706B90100030000011C
:104110008CA00100E0380020D8380020B0B504465B
:10412000407800AFA0B100F073F96D4688B06A46E0
:104130000F4BCDE905304FF40073ADF81C300D4B3B
:1041400042F8103F0C484FF4E25112F042FBAD46EA
:10415000FFF770FFC30702D50020FFF745FF074BAD
:1041600062781A7006480FF03DFEBD46B0BD00BF34
:1041700021B90100030000018CA00100BF5B0020F9
:10418000A0050020B0B58AB00446407800AFE8B181
:1041900000F03EF96D4688B06A461D4BCDE905300A
:1041A0004FF40073ADF81C301A4B42F8103F1A4818
:1041B0004FF4E25112F00DFBAD46184B62781A70C5
:1041C00017480FF00FFE2837BD46B0BD2378052BEA
:1041D0000FD0092B19D0012BEFD1072338463B70A4
:1041E00004F080F97B680F4A0B48032112F044F970
:1041F000E3E70D4B1B6813B1617A207A98470B4AAD
:104200000548032112F02FF9D7E7094AF8E700BF64
:1042100039B90100030000018CA00100BE5B002041
:10422000B805002051B90100AC3800206FB9010079
:104230007FB901002DE9F04186B0804600AF1546F8
:104240001C460E4609B9002A6DD138484FF0FF329E
:104250004FF0FF330FF0D2FC3946284604F0E0F867
:10426000002840D000F0C8F86C4688B06A46304B51
:10427000CDE905304FF40073ADF81C302D4B42F8FA
:10428000103F2D484FF4E25112F0A3FA0023A54647
:1042900001253B71FB603B82381DBB7405F000FCBF
:1042A000044670B300F0A8F86D4688B06A46234B08
:1042B000CDE905304FF40073ADF81C301D4B42F8CA
:1042C000103F1D484FF4E25112F083FA2046AD46EC
:1042D00000F0AAF8044615480FF002FD20461837F2
:1042E000BD46BDE8F08154B1012C08D0144B3D828D
:1042F00093F9003087F80880FE600025CCE73C7118
:10430000F4E74FF0FF330F484FF0FF320FF0A4FDFA
:104310000D4B187808B100F099F8002D044618BF2D
:104320006FF00A04D7E76FF01504D7E760050020A7
:104330008FB90100030000018CA00100B4B9010095
:10434000C05B0020A0050020BF5B0020B0B5214D60
:10435000214922488EB02A7800AF03F097FEC0B101
:1043600000F04AF86C4688B06A461D4BC2E9053039
:104370004FF4007393831B4B1B4842F8103F4FF4DC
:10438000E25112F026FA6FF01500A5463837BD4607
:10439000B0BD04F03BF8044630B100F02DF86C4697
:1043A00088B06A46114BE1E7062307F10801287837
:1043B0003B7213F0A0F90E4BC0B218700D4B187081
:1043C00030233B7407F1100014237B6104F0A2F941
:1043D0002046DBE7B0040020B8380020C8380020B1
:1043E000CCB90100030000018CA00100EDB901006F
:1043F000C15B0020C05B002017289ABF024B53F816
:1044000020000248704700BFF0A301001BBA010062
:104410000F289ABF024B53F820000248704700BF94
:10442000B0A301002BBA01001628034608D8064A9B
:1044300052F8200030B9002B18BF6FF015007047FC
:104440006FF01500704700BF54A301000F2803460A
:1044500008D8064A52F8200030B9002B18BF6FF078
:10446000150070476FF01500704700BF14A30100DE
:1044700001480FF057BE00BFFC010020014B18603F
:1044800059607047E4380020024B1A685B6802608C
:104490000B607047E438002008B512F0AFF9024B0A
:1044A0001B68C01A08BD00BFEC380020014810F09E
:1044B000C9BC00BF2805002007B5014640F2E7301F
:1044C0004FF47A72002300EBC130490CFBF79CFFDC
:1044D00002460B4600210020CDE90001024810F001
:1044E00079FC03B05DF804FB2805002008B512F044
:1044F00085F9014B186008BDEC380020014B1868A5
:10450000704700BFEC38002010B5124CBFF35B8F32
:10451000022354E8002F012A03D144E80031002986
:10452000F7D1BFF35B8F0CBF0120002010D10A4BE5
:10453000DB6A9847002344F8443CBFF35B8F54E8A0
:10454000002F44E800310029F9D1BFF35B8F01202F
:1045500010BD00BF3839002050A4010010B5064B33
:104560005C68FFF7D1FF30B12CB100212046BDE8D7
:10457000104010F01FBD10BDF038002013B50D4BDA
:104580009A683AB10C4B5B6B0193002002B0BDE816
:10459000104018475C68FFF7B7FF40B13CB16FF0BF
:1045A0000401204602B0BDE8104010F003BD02B087
:1045B00010BD00BFF038002050A401002DE9F347E2
:1045C000284C9A46A36807460D46164683B1264BEB
:1045D00000205B6B9847E368CDE900A32A46D4F836
:1045E0000880206833463946C04702B0BDE8F087EE
:1045F00004F148020223D4F80490BFF35B8F52E821
:10460000001F012903D142E800300028F7D1BFF391
:104610005B8F9046E9D1236D1A78AA4288BF1D703E
:10462000236DE06C1A78394615F03EFA636D03B1DC
:104630001E80A36D0BB183F800A00B4BDB6A98477B
:1046400000216160BFF35B8F58E8003F48E800122B
:10465000002AF9D1BFF35B8F484602B0BDE8F047AE
:1046600010F0A8BCF038002050A40100F8B50446B2
:1046700000AF00680D4614F088FD26680346C0B9F7
:104680006C4688B031686A462948CDE905014FF487
:104690000071ADF81C10274942F8101F26484FF44E
:1046A000E251FEF79BFA6FF01205A5462846BD467B
:1046B000F8BDE38821792B43DA02D6F808E0D6F872
:1046C00010C007D513F4402F1EBF43F3000202F4BD
:1046D00040225340DCF800500120884023F480122F
:1046E000DB074CBF284325EA0000CCF80000DEF8C9
:1046F00000303046984705460028D7D0236819680F
:1047000023796C468AB06A460C48CDE907354FF4E8
:104710000073ADF824300A4BCDE9050142F8103F93
:10472000054800234FF43151FEF758FAA546BDE77E
:10473000B3BC010003000001FCA00100CCBC0100DF
:10474000050000011FB5104A138FFA2B084619D037
:10475000A3F5FA714B424B41590092F842300B4C91
:1047600083F001030393C0B2002302900193938F5F
:10477000009392F83B30646A92F83A200120A047F7
:1047800004B010BD0121E8E7F038002050A401007A
:1047900070B50D460F49BFF35B8F012451E8000F40
:1047A000002803D141E80046002EF7D1BFF35B8F0C
:1047B0000DD1094E41F8443CD4B2736D214601201D
:1047C00098472846B36A21469847002070BD6FF08D
:1047D0000F00FBE73839002050A401002DE9F0411B
:1047E0008AB001AC0646884617460021102205A86B
:1047F000CDE90144CDE90311012515F063F9214B01
:104800008DF821505B6B0994ABB323463A46414681
:104810003046FFF7BDFF044680BB39463046FFF700
:1048200091FF214600FA05F64FF4004440F2E730CC
:104830004FF47A720023E6FB0401FBF7E5FD024624
:104840000B46294605A810F05DFB041E0FDA0E4A40
:104850000E48294611F007FEFFF756FE38B94FF013
:10486000FF324FF0FF33294605A810F04BFB2046DE
:104870000AB0BDE8F0816FF01504F8E76FF00F049F
:10488000F5E700BFF0380020ECBC0100FCA00100FF
:10489000F0B58DB000248DF8072003AE0F4610222E
:1048A000214607A8CDE90366CDE90544012515F0A9
:1048B00009F9274B8DF829500B96BFF35B8F53E80E
:1048C000002FA24203D143E800510029F7D1BFF3E2
:1048D0005B8F39D10DF1070243E911649A601D4ED7
:1048E000149ADA60159A1A615F60FF21736D284689
:1048F0009847736B20469847DDE91223294607A89D
:1049000010F000FB041E15DAFFF7FEFD50B94FF062
:10491000FF324FF0FF33294607A810F0F3FA9DF855
:10492000074004E00C4A0D48032111F09CFD20468D
:104930000DB0F0BD069B002BF1DA094A0748294665
:1049400011F091FD069CF2E76FF00F04EFE700BF56
:104950003839002050A4010008BD0100FCA001006E
:1049600018BD010010B529B9FFF7CEFDE0B96FF011
:10497000150010BD0F4BBFF35B8F012453E8000FF0
:10498000002804D143E8004CBCF1000FF6D1BFF37E
:104990005B8F0BD1084C43E910120120636DFF219E
:1049A0009847636B002098470020E2E76FF00F0004
:1049B000DFE700BF3839002050A401002DE9F043A3
:1049C0008B8891F80E80FA2B8BB00C4688F001088A
:1049D0000ED0B3F5FA7F4ED07D2B4ED03448354AF9
:1049E000012111F049FD6FF015000BB0BDE8F08317
:1049F0000127314DBFF35B8F4FF0010955E8003FB0
:104A0000002B03D145E80092002AF7D1BFF35B8F5A
:104A10004AD12A4E2068F3689847E37A7BB322464E
:104A2000A5F1140304F1100C106851681D4603C56C
:104A3000083262452B46F7D1106828604FF47A633C
:104A400008930022237B0793CDE90522CDE90328B3
:104A500023890293E3790193A3790093F56994F98B
:104A60000A103B460120A847B36D607B9847FFF7CB
:104A70004BFD0020B9E70227BBE70027B9E7CDF8D7
:104A80002490227BB569CDE90732CDE90583CDE9D4
:104A900003330A2202922289CDE900323946E379B2
:104AA000A2794846A847DFE76FF00F009DE700BFF7
:104AB000FCA0010026BD01003839002050A40100EF
:104AC00038B5084611461A460B4BBFF35B8F0124DD
:104AD00053E8005F002D04D143E8004CBCF1000F07
:104AE000F6D1BFF35B8F04D1044BDB6B98470020FA
:104AF00038BD6FF00F00FBE73839002050A40100EB
:104B000010B5114BBFF35B8F002453E8002F43E82F
:104B100000410029F9D1BFF35B8F0C4943F8381CE1
:104B20000B490C4C43F8301C0B4943F8281C0B492B
:104B300043F8341C226843F8480CA3F1380090472E
:104B4000E36A9847002010BD383900205D45000019
:104B5000BD45000050A401007D4500008B680100A8
:104B6000034BC01A0011034B53F8203000201847A4
:104B700070390020100200200A4B834211D192FAB2
:104B8000A2F3B3FA83F362B1032B06D106480FF008
:104B9000C9BA052B05D10548F9E7042BF9D104481A
:104BA000F5E77047B49C010070390020903900206F
:104BB000803900200346024A0248012111F05CBC02
:104BC0004EBD0100F4A00100084B1A6912681205DD
:104BD00048BF80F0010028B19B68DB6803484FF4B0
:104BE000006118479B681B69F8E700BFB49C01008F
:104BF0000346024A0248012111F03EBC6BBD010090
:104C0000F4A001002DE9F04F464C474E83B0814699
:104C100000AF002559F82530002B79D0206814F01A
:104C2000B4FA0346D0B93F4A52F835206C4688B0F2
:104C300011686A463D48CDE905014FF40071ADF8B1
:104C40001C103B4942F8101F3A484FF4E251FDF75F
:104C5000C5FFA5460C37BD46BDE8F08F364B37493A
:104C600003EB051014F00BFCB4F8068020682179E2
:104C700048F48032D0F810E0D0F808A0DEF8003018
:104C80004FF0010C0CFA01FC18F0010F14BF43EABD
:104C90000C0323EA0C03CEF80030DAF80030984712
:104CA00094F804B02649D4F80080012202FA0BF3EC
:104CB000C6E90113D8F80810D1F81CA0BAF1000F0A
:104CC00005D1204A1B48012111F0CDFBC2E7314636
:104CD00040467B60D0470028F3DBE28802F04002C8
:104CE000D8F80800D8F81010D0F818A0BAF1000FC2
:104CF0000ED009687B680B42134B0CBF42F0B862C0
:104D000082F07072134059464FF0A0724046D0476F
:104D10000135032D04F1080406F10C067FF47AAF87
:104D200098E700BFE4A401004C39002089BD0100D0
:104D300003000001F4A0010070390020614B000065
:104D4000794B0000A0BD01004000000610B58AB0FC
:104D50000DF1070306930123CDE9073109920223E0
:104D600006AACDE903328DF80700029205930448A4
:104D70000449836802AA1C6804ABA0470AB010BDAE
:104D8000789D0100C0A4010013B50446002140F63F
:104D9000CD4014F072FC0020FFF716FF002140F612
:104DA000CD4014F06AFC01220DF107014220FFF70B
:104DB000CDFF002809DA0F4A0F48012111F053FBFB
:104DC0006FF00404204602B010BD9DF807300B4A76
:104DD0000948032111F050FB2046FFF791FE041E05
:104DE00005DA074A0448012111F03DFBEAE70024F7
:104DF000E8E700BFBDBD0100F4A00100D9BD01007E
:104E0000F5BD010010B504460D4814F0BEF970B1AF
:104E10000C4814F0BAF950B10B484FF4D011FFF719
:104E200025FC58B92046BDE81040FFF7ADBF074844
:104E3000074A012111F017FB6FF0120010BD00BFEF
:104E4000789D0100B49C0100DCA40100F4A00100E5
:104E500018BE010010B588B00DF1070304930123BB
:104E6000CDE9053104AB60F07F00029302238DF899
:104E700007000792039304480449836802AA1C6848
:104E80000023A04708B010BD789D0100C0A4010018
:104E900013B50023044601220DF107014D208DF8C2
:104EA00006308DF80730FFF751FF002806DA1D4A5B
:104EB0001D48012111F0D7FA02B010BD9DF807304E
:104EC00023F0070343F004030F2C6FF003028DF867
:104ED00007302346A8BF0F239342B8BF1346DBB267
:104EE000002C9DF80620D5BF04331343134343F031
:104EF0007003D8BFDBB201220DF1060109208DF845
:104F00000630FFF7A7FF002801DA084AD0E70122A0
:104F10000DF107014D20FFF79DFF0028CCDA044A70
:104F2000C6E700BF2DBE0100F4A0010043BE010092
:104F30005DBE010013B509480469836801A95B6877
:104F4000984720B9236801985840C0F30010002802
:104F5000D4BF0020012002B010BD00BFB49C0100EE
:104F6000074B08491A6843F2390001FB0200186038
:104F70006FF00043B0FBF3F3C3EBC373C01A704789
:104F80000C0200206D4EC641014B1860704700BFF7
:104F90000C02002030B530B10A4D01444FF0FF3310
:104FA000884201D1D84330BD10F8012B534008226C
:104FB00043F30004013A2C4092B284EA5303002ADE
:104FC000F6D1EDE72083B8ED044A13680BB1002158
:104FD00059724361106011F03CBD00BFA039002040
:104FE00037B5044601A811F041FC6CB1154D2A6893
:104FF000134673B963682360012323816AB9FFF7FD
:1050000075FA2046FFF7E0FF01A811F038FC03B065
:1050100030BD9C42F8D05B69EBE7FFF73DFA2368AF
:105020002A681844206013689842EAD3536913B978
:1050300054616361E8E719688842F9D91A465B69E7
:10504000F5E700BFA0390020F8B5FFF757FA1C4C70
:105050000546FFF74BFA2368A3B1471B1E462D1ADE
:10506000716929B95A692260DA68197242B9FEE792
:105070000A68BA428CBF521900220A607669EFE7CB
:1050800018699047002623682BB9206880B9F8BDBD
:1050900018699047F7E71D68FFF7FEF98542236816
:1050A000F3D25A692260DA681E72002AF0D1FEE754
:1050B000437A002BEBD1BDE8F84011F0CABC00BF29
:1050C000A039002037B5154D044601A811F0CEFBDC
:1050D0002B6803B124B901A811F0D1FB03B030BD96
:1050E0000022A34222720DD1597A5C6941B15A72F1
:1050F00024B120462C6011F0ACFCECE7FFF7D6F9A8
:105100002C60E8E71A4619468C425B6901D153616D
:10511000E1E70A46002BF6D1DDE700BFA039002009
:1051200010B5094B002219461C68844202D89C68BD
:10513000844205D80132152A03F10803F4D1FEE7B1
:1051400001EBC201087910BD08A50100054B93F8D9
:10515000E1202AB993F80C2112B9012283F80C211D
:10516000704700BFEC390020014B93F8E000704716
:10517000EC390020F0B5BDF814409DF818709DF88A
:105180001C509DF820E040B1012814D001220023DA
:1051900098180138B0FBF2F0F0BD87F00107E3008A
:1051A00003EBC703183305EB4E0503EBC5034FF4C0
:1051B0007A714B43ECE7501F012803F1040302D836
:1051C0000C2C38BF0C24D1B9A2F10B0CBCF1010F8F
:1051D0008CBF4FF0000C4FF0010CE800002F00EBEB
:1051E0000E100CBF14250025A0EB8200062A4FEA02
:1051F00082062844A2F102070AD835460DE00C2A9F
:1052000008BF01290CBF4FF0010C4FF0000CE4E780
:105210000830BCF1000FF0D0BD000028ACBF2E1844
:105220002E1C701E062A90FBF5F003FB00448CBF79
:105230000C340E34022909D8A30001334FF47A72DA
:10524000BB405343024A52F82120A1E7FFDE00BFD2
:10525000FCA4010043F6095310B5B0FBF3F241F68C
:10526000846403FB120104EB0124B4FBF3F40A4B46
:1052700004EB0224C3F8E400C4F30741062011F054
:105280002FFCC4F30721072011F02AFCE1B208200B
:10529000BDE8104011F024BCEC39002070B5114B72
:1052A00093F8E160012E1CD1122011F024FC10F0C3
:1052B00001040D4D0BD00521122011F011FC2B68BB
:1052C0007BB19B696BB13046BDE870401847042143
:1052D000122011F005FC2B681BB19B690BB1204615
:1052E000F2E770BDEC390020303B002070B5314C46
:1052F00094F8E010012902D0022952D070BD94F830
:10530000E130CBB1012BF9D194F82F31002BF5D03E
:105310000221122011F0E4FB274B1B68002BEDD07B
:105320005C69002CEAD01C2011F0E5FB234600F05C
:105330003F00BDE870401847A36E6BBB84F80C11AA
:1053400094F80D31002BD9D11C48FFF7BBFE012387
:10535000112084F80D3111F0CEFB4008404284F852
:105360000E011B2011F0C7FB05461C2011F0C3FBEA
:1053700043F6095340EA0525C0B258432D0A803050
:105380005D4305EB10250C20C4F8105111F0B3FB60
:10539000400984F81401B1E794F80C31002BADD02A
:1053A000CEE794F8E130012BA8D194F82F31002BEF
:1053B000A4D0AEE7EC390020303B0020A439002017
:1053C00070B5404C94F8E050012D02D0022D59D018
:1053D00070BD94F8E130CBB1012BF9D1FFF7AAFDF4
:1053E0000028F5D03848FFF76DFE8021122011F01B
:1053F00077FB002384F8E030344B1B68002BE7D0A8
:10540000DB68002BE4D0BDE870401847FFF792FD41
:105410000028DDD02E48FFF755FEB4F81631B4F859
:10542000182113439BB23BB994F8FE00E8B92A4611
:1054300004F58B7111F043FAB4F81801B4F8162191
:1054400094F81A312349121A9A42014413DB5A1E66
:10545000D2B2002011F033FAB4F8182194F81A31BE
:10546000013A1344A4F81831B2E7322011F043FB9B
:10547000A4F81601E0E7D2B2002011F020FAB4F847
:105480001631EFE794F8E150002DA1D1FFF752FD5E
:1054900001289DD0B4F81801B4F8163194F81B21F6
:1054A0000C491B1A9342014407DD284611F014FAF7
:1054B00094F81B31B4F81821D3E7DAB2284611F07A
:1054C0000BFADCE7EC390020BC390020303B00202F
:1054D000A4390020C25B002073B58E4C00238DF8E8
:1054E000073094F8E030012B04D0022B00F0FC8050
:1054F00002B070BD94F8E1303BB3012BF8D14021EC
:10550000122011F0EDFA122011F0F5FA8DF80700D3
:105510009DF80730804D13F0200F00F0938020217C
:10552000122011F0DDFA94F832310BB984F8E03032
:105530007A48FFF7C7FD2B68002BD9D01B69002BD9
:10554000D6D002B0BDE87040184794F80031724DD3
:1055500093B33F2011F0CFFA8DF807009DF8073084
:105560009B0729D40B213E2011F0BAFA10213F20CD
:1055700011F0B6FA6948FFF7A5FD94F802618EB9FB
:105580006748FFF79FFD84F8E0602B6813B11B6943
:1055900003B198470023A4F80C31A4F81831A4F8FB
:1055A0001631A5E70D2011F0A6FA40F04001C9B26E
:1055B0000D2011F095FAE8E7B4F81621B4F81811A7
:1055C000584E52EA01030AD194F8FE0050BB5649E6
:1055D000012211F074F9B4F81811B4F81621521A16
:1055E000D2B23144002011F06AF9B4F816314B48B8
:1055F000A4F81831FFF766FD94F80231C3B94848A2
:1056000084F8E030FFF75EFD2B68002BC2D09D6868
:10561000002DBFD094F90E21B4F816114148002393
:10562000A847B7E7322011F066FAA4F81601D2E7CE
:105630000D2011F060FA40F04001C9B20D2011F0C8
:105640004FFAE1E7192011F056FA40B2023080100B
:1056500084F83C011A2011F04EFA94F93C21D4F858
:10566000E460324940F30B13002A9BB237DA92B25E
:105670008E428CBF9D3AA43A104403441BB21320BF
:10568000A4F83E3111F037FA84F84001102011F0EF
:1056900032FA01460D2011F023FA94F840212149F5
:1056A000002011F00CF994F832310BB984F8E03095
:1056B0001A48FFF707FD2B68002B3FF419AF9D68D0
:1056C000002D3FF415AF94F93C31B4F93E2194F824
:1056D00040111448AC4602B0BDE8704060478E42AD
:1056E0008CBF9D38A438C8E71148FFF7EBFC94F84D
:1056F000E130012B03D10821122011F0F1F9002330
:1057000084F8E030044B1B68002B3FF4F1AE1B68BB
:1057100015E700BFEC390020303B0020BC390020E9
:10572000A4390020C25B0020023B002040DD4A1F5C
:10573000D439002070B5092011F0DDF905460620A6
:1057400011F0D9F90646072011F0D5F90402082016
:1057500011F0D1F944EA064443F609530443C0B2B8
:105760005843240A5C438030002104EB10240920B4
:1057700011F0B6F93B2011F0BEF940F04001C9B27A
:105780003B2011F0ADF93B2011F0B5F98206FAD4B7
:105790000C48FFF75FFD3B2011F0ADF940F04001F0
:1057A000C9B23B2011F09CF93B2011F0A4F983060B
:1057B000FAD42946092011F093F92046BDE870403B
:1057C000FFF748BD00A1BC3308B50A48FFF77AFCD3
:1057D0000948FFF777FC0948FFF774FC002011F037
:1057E00095F9002011F058F8054B002283F8E020CD
:1057F00008BD00BFBC390020D4390020A4390020E6
:10580000EC39002008B50848FFF75CFC0748FFF7B3
:1058100059FC0748FFF756FC012011F077F9054BBA
:10582000002283F8E02008BDBC390020D4390020D4
:10583000A4390020EC39002037B5604C8DF80710F2
:1058400094F8E1300546DBB1012B45D000255C48DA
:10585000FFF738FC5B48294611F019F994F8E1305C
:10586000002B76D0012B00F08C800223554884F861
:10587000E030FFF7B5FB032011F048F903B030BD6D
:1058800094F8FE009DF80710A4F81831A4F816113A
:10589000F0B901220DF1070111F01EF89DF8072063
:1058A000531E3F2B04D94848294611F02FF82022D7
:1058B0002946002084F81B2111F00EF8B4F81821B5
:1058C00094F81B31D4F804511344A4F81831BEE7FE
:1058D000322011F005F9E1E794F8313133206BB350
:1058E00011F009F900F0BE01332011F0F9F8192187
:1058F0003B2011F0F5F89DF8071084F840112220A4
:1059000011F0EEF800210E2011F0EAF800210D2030
:1059100011F0E6F8012011F0EEF830F0F80304D1B0
:10592000FFF770FF012011F0D9F829469DF80720F4
:10593000002010F0D1FFD4F8345188E711F0DBF8E3
:1059400000F0BE0141F00101332011F0C9F81D2122
:10595000CEE7402011F0CFF800F00301402011F015
:10596000BFF8412011F0C7F800F03E01412011F0CE
:10597000B7F8352011F0BFF800F03F0084F81A01A5
:1059800073E794F82F3173B1F521112011F0A8F8C5
:10599000402011F0B0F800F0330141F04001402008
:1059A00011F09EF861E7F721112011F099F84020DD
:1059B00011F0A1F800F03F01EFE700BFEC39002043
:1059C000BC390020D4390020C25B0020F8B5804CDF
:1059D00007468048FFF776FB94F8E15015B3012D98
:1059E00047D00026012384F8E03037B17A483946A1
:1059F00011F04DF87848FFF7F3FA94F8E130002BF6
:105A000040F0DC80052011F081F8002E40F0DE80AF
:105A1000D4F80811714811F03AF8BDE8F8406F4821
:105A2000FFF7DEBA402094F8026111F064F800F04C
:105A3000030141F00C01402011F052F8412011F017
:105A40005AF860F03E01C9B2412011F049F8352002
:105A500011F051F800F03F0084F81A011E210D20CA
:105A600011F03EF8A4F80C51A4F81851A4F81651FE
:105A7000B8E794F8313133203BB311F03CF840F0F3
:105A80004101C9B2332011F02BF819213B2011F04C
:105A900027F8D4F82031082B4FF031007DD811F0D1
:105AA0002AF800F07F01312011F01AF8002130208F
:105AB00011F016F8D4F82031082B1CD8DFE803F0D9
:105AC0001036404A545E6868680011F014F800F01F
:105AD000BE0141F00101332011F002F81D21D5E78C
:105AE0002F20482110F0FCFFD4F8E40000F5F4501A
:105AF0000230FFF7AFFB94F82F3194F83261002B9E
:105B000052D01D21112010F0EBFF402010F0F3FFC8
:105B100000F03301402010F0E3FF00210F2010F0CF
:105B2000DFFF00210D2010F0DBFF5BE72F20442179
:105B300010F0D6FFD4F8E40000F522503430D8E756
:105B40002F20442110F0CCFFD4F8E40000F574506D
:105B50000430CEE72F20442110F0C2FFD4F8E40037
:105B600000F5A2405E30C4E72F20442110F0B8FFBA
:105B7000D4F8E40000F5F4401230BAE72F204421B5
:105B800010F0AEFFD4F8E40000F52240C630B0E7D4
:105B900040212F2010F0A4FFADE710F0ACFF60F023
:105BA0007F01C9B23120F5E71F21112010F098FFC5
:105BB000402010F0A0FF00F03F01ABE726B1052028
:105BC000BDE8F84010F0A2BF0620F9E7F8BD00BF1D
:105BD000EC390020D4390020BC390020A439002041
:105BE00008B520B101280AD04FF0FF3008BD1120C0
:105BF00010F081FFC0F34700404200B2F6E7084BC7
:105C0000D3F8E420074B9A424FF01B0003D910F061
:105C100072FF9D38F1E710F06EFFA438EDE700BF8A
:105C2000EC39002040DD4A1F10B50446012010F079
:105C300062FFC0F3C710A042174B02D183F8E10006
:105C400010BD012C83F8E1404FF0000013D010F09C
:105C50005DFF012010F04FFF00F07F01012010F0E8
:105C60003FFF0021402010F03BFF3021BDE81040F5
:105C7000412010F035BF10F049FF204610F03BFFE7
:105C800060F07F01C9B2204610F02AFF00214020B9
:105C900010F026FF0021E9E7EC39002038B5174B5A
:105CA000174918601748184C10F0E9FE14491748B6
:105CB00010F0E5FE1249164810F0E1FE10F0EEFD7E
:105CC000FFF738FD002010F021FF1248FEF79AFF81
:105CD00000252078FFF7A8FF0135A178607810F043
:105CE000FFFE102D04F10304F3D10020FFF79CFF09
:105CF000094B002283F8E02038BD00BF303B002074
:105D0000D1620000D439002089CA0100BC390020CA
:105D1000A439002010020020EC3900202DE9F04FBA
:105D200087B083460093109B01939DF85C300293EB
:105D30000C469DF864309DF85810039316469DF864
:105D4000602004920591BDF84480BDF848A09DF8FC
:105D50004C709DF850909DF85450FFF765FFFFF789
:105D600051FDDDE90332BBF1000F06D0BBF1010F9D
:105D7000059964D007B0BDE8F08F8D49019881F88E
:105D800002314FF4FA5381F80121C1F8F860C1F8EB
:105D9000F400C1F8F04081F8FE7081F8FF9081F8BE
:105DA0000051A1F8FC80022003FB0AF3B3FBF6F3D9
:105DB000C1F808317F4BB3FBF6F6C6F3072110F0AC
:105DC0008FFEF1B2032010F08BFE2046FFF7A8F9FA
:105DD0000146122010F084FE0198FFF7A1F9014658
:105DE000132010F07DFE4FEA1821252010F078FED8
:105DF0005FFA88F1262010F073FEF7B14946322091
:105E000010F06EFE302010F076FE87F001072D01B5
:105E100000F06F0045EAC7150543E9B2302010F0E5
:105E20005FFE312010F067FE40F04001C9B2312022
:105E300007B0BDE8F04F10F053BEFF21DFE7022CA2
:105E400000D9FEE7DFF868B100988BF83231062EF2
:105E5000334638BF062307340C2B8BF82F1128BF8D
:105E60000C2302998BF82901072CCBE94846ABF8A3
:105E70002A818BF82C718BF82D918BF82E518BF891
:105E800030118BF8312178D1A3F10B02012A8CBF9C
:105E9000002201221D208BF82821019310F02BFEF7
:105EA000009B47EA430141EA0411C9B21D2010F0EA
:105EB00017FE1E2010F01FFE019BCAF3012141EACC
:105EC000850141EA031100F008000143C9B21E2018
:105ED00010F006FE262010F00EFE9BF8283120F070
:105EE000080141EAC301C9B2262010F0F9FD5FFAAA
:105EF0008AF11F2010F0F4FD4FEA1821202010F045
:105F0000EFFD5FFA88F1212010F0EAFD1FB149464C
:105F1000222010F0E5FD9BF82F316BB1442010F0EA
:105F2000EAFD60F07F01C9B2442010F0D9FD9BF872
:105F30003011242010F0D4FD092C2AD1DBF8E42004
:105F40001D4B9A424FF002014FF036001DD910F060
:105F5000C7FD64213A2010F0C3FD062E4FF031003A
:105F60001AD810F0C8FD00F0F80141F00501312009
:105F700010F0B6FD0C2137205AE7A4F108014A427F
:105F80004A410B2E98BF002284E710F0A9FD7F2123
:105F9000E0E703213620DEE710F0ADFD00F0F80168
:105FA00041F00301312010F09BFD0A21E3E700BF1F
:105FB000EC3900200048E80140DD4A1F2DE9F04F90
:105FC00087B01E469DF8543005938A469DF8583098
:105FD0009DF85C1002931746189A04910392019061
:105FE000DDF840809DF844B0BDF848909DF84C50D5
:105FF0009DF85040FFF718FEFFF704FC5046FEF7EF
:1060000047FF019BDDE903212BB1012B059B5BD0F1
:1060100007B0BDE8F08F754BC3E93B7683F8FE50BF
:1060200083F8004183F80111C3F8042183F8E8A044
:10603000C3F8F880A3F8FC9043F6095341F6846650
:10604000B7FBF3F203FB127706EB0726B6FBF3F67A
:1060500006EB0226C6F30721042010F041FDF1B241
:10606000052010F03DFD624EB6FBF8F60220C6F3A7
:10607000072110F035FDF1B2032010F031FD4FEA99
:106080001921252010F02CFD5FFA89F1262010F04F
:1060900027FD302010F02FFD85F00105240100F0D0
:1060A0006F0044EAC5140443E1B2302010F018FD3B
:1060B000312010F020FD40F04001C9B2312007B07E
:1060C000BDE8F04F10F00CBD484F022E87F81CA120
:1060D00000D9FEE7B8F1060FC24638BF4FF0060AF6
:1060E0000736BAF10C0F029887F829B128BF4FF094
:1060F0000C0A072EC7E94868A7F82A9187F82C519F
:1061000087F82F3187F8300187F82E4187F8311151
:10611000C7F8342156D1AAF10B02012A8CBF002204
:10612000012287F828216BB1442010F0E4FC60F0D4
:106130007F01C9B2442010F0D3FC97F8301124201D
:1061400010F0CEFC1D2010F0D6FC45EA4B0141EAD0
:106150000611C9B21D2010F0C3FC1E2010F0CBFCAC
:10616000A40000F00B0044EA0A140443E1B21E202C
:1061700010F0B6FC262010F0BEFC97F8283120F075
:10618000080141EAC301C9B2262010F0A9FC4FEA78
:106190001921202010F0A4FC21205FFA89F110F0D1
:1061A0009FFCB8F1060F4FF0310014D810F0A3FC9B
:1061B00000F0F80141F00501312010F091FC0C21B4
:1061C00037207CE7A6F108014A424A41B8F10B0F9B
:1061D00098BF0022A5E710F08EFC00F0F80141F016
:1061E0000301312010F07CFC0A21E9E7EC390020A2
:1061F0000048E80130B54FF47A738BB003FB02F42A
:106200000D46FFF727F800230522CDE901324FF4B0
:106210009652CDE90633CDE9043303931846294657
:10622000009208941A46FFF7C9FE312010F063FC73
:1062300000F0BF01312010F053FCF021402010F09D
:106240004FFCA021412010F04BFC2146074810F0E4
:106250001EFC074B0548022283F8E020FEF7C0FE33
:1062600003200BB0BDE8304010F050BCD439002002
:10627000EC39002038B505460C46FFF7D5FC15B1C2
:10628000012D0BD038BD074B93F8FE30002BF9D110
:1062900021463220BDE8384010F022BC21462320A0
:1062A000F8E700BFEC39002010B504460120FFF7E5
:1062B000BBFC064B83F838412CB13421BDE81040BB
:1062C000392010F00DBC1221F8E700BFEC39002096
:1062D00070B52D4C94F8E030012B02D0022B2DD05C
:1062E00070BD94F8E130CBB90B213E20A4F80C31FD
:1062F000A4F81831A4F8163110F0F2FB10213F2059
:1063000010F0EEFB94F8023193B10D2010F0F3FB86
:1063100040F04001C9B20D2010F0E2FB1B4B1B689E
:10632000002BDDD0DB68002BDAD0BDE870401847C9
:10633000174884F8E030FEF7C5FEEFE710F0AEFA3C
:10634000FFF7F8F9002010F0E1FB124D0026287845
:10635000FFF76AFC0136A978687810F0C1FB102EAF
:1063600005F10305F3D10020FFF75EFC94F8380136
:10637000FFF79AFF002384F8E030044B1B68002BE2
:10638000AED05B68CFE700BFEC390020303B002087
:10639000A439002089CA0100A1F11003DBB2102B3F
:1063A0002DE9F04304D8384C24FA03F3DB0705D475
:1063B000002382F8F030FF20BDE8F083531E44181C
:1063C000A0424CD101F11C039B00DFB2C3F30313C5
:1063D000013BDFF8B8E082F8F0300C4653184FF07C
:1063E0000109B4FBF1F801FB184818F0FF0813F895
:1063F000040C13F803CC13F8026C13F8015C33D1CE
:106400001EF80C801EF806C01EF805601EF800502D
:106410004FEAD91000EB400000EBC00089EA080801
:1064200080EA49005FFA80F9404692F8008080EAED
:106430000800187050788CEA000C83F801C090783E
:1064400046409E70D0780434E4B24540A742DD70E7
:1064500002F1040203F10403C3D80020ACE710F8F2
:10646000015B03F8015FABE71829DED9B8F1100F23
:10647000DBD1DFF8188018F8000018F80CC018F805
:10648000066018F80550D0E701010100B9CC010001
:106490002DE9F04F92F8F030A7B00693002B00F0F2
:1064A000AF81047813786C4D63400093447853783F
:1064B00084EA03098478937863401D93C478D37881
:1064C00063401E93047913796340019344795379AF
:1064D00084EA03088479937963401F93C479D3795C
:1064E00084EA030B047A137A63400293447A537A62
:1064F00063400393847A937A84EA030CC47AD37A50
:1065000063402093047B137BC67B84EA030A447BAD
:10651000537B84EA030E847B937B06986340049349
:10652000D37B4E4C02EB0010734021904C480593F6
:10653000134613F8106F1C96009E229610F80C60FC
:106540000796059E875D009E865D1B9610F8086085
:106550001A96019E2596049E865D19961E9E189693
:10656000865D1796019E865D1696039E865D15963E
:10657000029E24961D9E1496865DCDF88CA0CDE9D2
:1065800012B610F80B601196029ECDF83890865D19
:10659000109610F80E600F961F9E0D96865D0C9655
:1065A000209E0B96865D0A9610F80A60099610F8F0
:1065B00009600896219E9E4254D1069B013BDBB2A6
:1065C000103202EB0312DDE91B0383EA000A81F8B3
:1065D00000A053781A9880EA030E81F801E09378BE
:1065E000079880EA030C81F802C0D37816985F40C0
:1065F000CF701379584008715379159858404871F5
:106600009379199858408871D37917985840C87170
:10661000137A109858400872537A0F98584048726D
:10662000937A139858408872D37A11985840C87258
:10663000137B099858400873537B08985840487357
:10664000937B0C9858408873D37B0A9A5A40CA733C
:10665000002027B0BDE8F08FB9CA0100B9CB010016
:10666000B9CC0100079E86EA070B009E14F806903D
:106670001C9E89EA0B0915F808B089EA0B0986EA1D
:10668000090600961B9E14F80890774089EA0709CE
:1066900015F80C7089EA070793F8019087EA090951
:1066A000DDE91A6786EA070814F80C70059E88EA87
:1066B0000708AF5D88EA070793F8028087EA0806B3
:1066C0001D961A9F079E86EA070C229EAF5D059EC7
:1066D000A65D87EA0C077740DE787E401E96199FFC
:1066E000179E7E40019FE75D7740039EAE5D7E4032
:1066F0001F797E400196DDE916677E40039FE75DC6
:106700007740049EAE5D7E405F7986EA0708DDE94A
:1067100015677E40049FE75D7740189EAE5D7E4022
:106720009F797E401F96199F159E7740259EAE5DEE
:106730007E40189FE75D7E40DF7986EA070B139F56
:10674000119E7E40029FE75D774015F80E607E4007
:106750001F7A7E400296DDE910677E4014F80E70C5
:106760007740149EAE5D7E405F7A7E400396DDE901
:106770000F677E40149FE75D7740129EAE5D7E40BE
:106780009F7A86EA070C0F9E139F7740249EAE5D8A
:106790007E40129FE75D7E40DF7A7E4020960C9F10
:1067A0000A9E7E4014F80A7077400E9EAE5D7E40D1
:1067B0001F7B86EA070ADDE909677E400E9FE75DD9
:1067C00077400D9EAE5D7E405F7B86EA070EDDE979
:1067D00008677E400D9FE75D77400B9EAE5D7E4073
:1067E0009F7B7E4004960C9F089E7740239EAE5D63
:1067F00077400B9EA65D7E40DF7B7E40059698E647
:10680000FF2026E72DE9F043CBB00646DDF848919E
:10681000174698460D4689B3B9F1000F2ED004A84B
:1068200010F0E5F9164B1968002401F1140304EB8C
:1068300004101A5C424513D11530014404A810F02D
:10684000E6F9A6B93A46294604A810F0E5F96846E3
:1068500004A910F04CFA009BC9F80030002003E0B6
:106860000134172CE3D103204BB0BDE8F083102294
:1068700031460DEB020010F0CFF9E3E70220F3E719
:10688000343B002030B5E9B04FF4D072002104460B
:10689000684613F017F9284B0DF1150203F120019A
:1068A00053F8040B42F8040B8B42F9D11B88138078
:1068B00022490323452216A88DF8473013F0F4F837
:1068C0007F238DF8AD3080238DF8BE3081238DF885
:1068D000CF3082238DF8E03083238DF8F13084238C
:1068E0008DF8023185238DF8133186238DF82431FC
:1068F00087238DF8353188238DF8463189238DF82B
:1069000057318A238DF868318B238DF879318C23A8
:106910008DF88A316CB10A4D4FF4D0726946204629
:106920002C600FF0F3FF286810F05CFB002069B0CA
:1069300030BD0220FBE700BF82BE0100A5BE010002
:10694000343B00202DE9F0410D46BEB01646984676
:10695000074670B36BB311F00F042CD1F02221461F
:1069600001A80FF0E7FF154B1868214600F114024B
:1069700001EB0113D45CB4420BD1153301AA1021F1
:106980001844FFF709FD2C462E1BF6B244B92046E9
:1069900003E001311729EBD103203EB0BDE8F081BF
:1069A00001AA08EB0601B819103CFFF771FDA4B26B
:1069B000EAE70220F1E70520EFE700BF343B0020C3
:1069C000F0B51C4E376885B00C46002307F1140261
:1069D00003EB0315515D814227D180F08003092B21
:1069E00005F115051AD840F2492222FA03F3DB0714
:1069F00014D510220021684613F064F87F2210217C
:106A000020466B46FFF79EFF044630681022694619
:106A100028440FF07BFF204605B0F0BD2146102230
:106A200078190FF073FF0024F5E70133172BCFD14E
:106A30000324F0E7343B002008B5014630B1044B95
:106A4000082218680FF062FF002008BD0220FCE752
:106A5000343B0020014B1868704700BF343B0020D6
:106A600008B5014638B1054B1868082210440FF0EC
:106A70004DFF002008BD0220FCE700BF343B002092
:106A8000014B186808307047343B002008B50146B8
:106A900038B1054B1868042210300FF037FF002082
:106AA00008BD0220FCE700BF343B0020014B186802
:106AB00010307047343B0020044B054A93F8A8314E
:106AC000022B18BF062382F888347047683B0020E9
:106AD0008C420020034BD3F8483313B1DB6803B179
:106AE000184770478C420020034A137843F0020392
:106AF0001370FFF7EFBF00BF4C3B0020034A137831
:106B000043F008031370FFF7E5BF00BF4C3B0020C4
:106B1000034A137843F004031370FFF7DBBF00BF91
:106B20004C3B0020074BD3F8402322F48072C3F87B
:106B3000402393F8892442F0100283F88924FFF758
:106B4000C9BF00BF8C4200202DE9F04116461D460A
:106B500080460F460FF0ACFF084A094C1378278196
:106B6000C4E9000823F0110343F011036681257383
:106B70001370BDE8F041FFF7ADBF00BF4C3B0020F4
:106B8000383B00201FB5094B8DF8090093F88C2085
:106B90008DF80A2093F858000D2202A98DF80820DC
:106BA00010F0A9FDC0B205B05DF804FB683B002001
:106BB00010B5154C94F8C92194F85030012A4FF0C3
:106BC000010294BF84F8D52184F8D721013394F8C9
:106BD000C821DBB29A4284F8503009D80B48FEF73E
:106BE00071FA002384F85030BDE81040FFF772BFFF
:106BF000074C04F2BC40D4F8DC140FF048FF04F258
:106C0000BC40FEF7EDF9EFE7683B00204847002065
:106C10008C42002008B50748FEF754FA064B93F85B
:106C2000162412B1012283F81524BDE80840FFF7AD
:106C300051BF00BF884600208C42002010B50C4C8C
:106C4000D4F8403343F08003C4F8403394F816344A
:106C500013B10020FFF7DEFF94F8893423F012030C
:106C600043F0120384F88934BDE81040FFF724BFD5
:106C70008C4200202DE9F0414F4C90B008B984F8C7
:106C8000C001B4F8DC30A4F8483094F8B93084F886
:106C900079304A4B4A4ED3E9100183E80300D3E927
:106CA000120103F1080282E80300B4F8CC20A4F832
:106CB0008C20D4F8D420C4F89420D4F8D820D4F868
:106CC000D010C4F8982000254FF0010803F5407259
:106CD00003F54573C4F89010A56384F8AB51A4F88C
:106CE000B08184F84A5084F8AD5184F8AE51C4F8AC
:106CF000C451A4F8C85103A9C6F8E454A6F8145422
:106D000086F81654C4E9735594F8580004932D4B33
:106D100084F8D551A4F8D651039205938DF81880C4
:106D200010F0F9FCE36FC6F8D83394F88D3086F88C
:106D3000E43386F8D45394F8C03186F8E73306F587
:106D400075770FCF06F57A740FC486F8E55386F889
:106D5000E6833B682360022386F8FA33D6F848338B
:106D600086F81754CDE9015586F8F9831BB15A68A6
:106D7000DB6801920293144B0793A3F14C02089233
:106D8000A3F114020992114A0B9221330A93A2F142
:106D90008C030C93A2F188030D93131D0E9301A98C
:106DA00002F1DC0307A802F5C5620F9310F0A8F901
:106DB00010B0BDE8F08100BF683B0020E43B00203C
:106DC0008C420020503B0020F44600204C3C002028
:106DD00013B50FF06DFE0A4B186068460FF005FE04
:106DE000DDE90001074A084B83E80300137843F00C
:106DF0002003137002B0BDE81040FFF76BBE00BF68
:106E0000483B00204C3B0020C44500202DE9F041C8
:106E1000DFF8AC8098F8A831022B06460D4602D068
:106E2000284BDB6A984710F076F9044628B1022017
:106E300010F067F9002010F069F998F8A831012BDB
:106E400017D110F06AF9074630B1002010F05AF956
:106E5000002010F05CF93C4610F061F948B10020C8
:106E600010F051F9002010F053F9BDE8F041FFF7A0
:106E700023BE002CF9D1144C94F8882494F81634CD
:106E8000BAB90BB184F84164304603F063F8D8F81E
:106E90003C000FF014FED4F8BC339842E5D30B4805
:106EA000FEF710F994F8893443F0100384F889341C
:106EB000DBE70BB184F84154284603F04BF8F1E7C7
:106EC000683B002050A401008C4200202C4600208A
:106ED00073B5124D124E0096EB6D95F8602095F942
:106EE000881095F8580010F032FC0223B37495F81E
:106EF000C031F37495F85800012306F13802314689
:106F0000737410F031FC30B1064B00205B6B984776
:106F1000B37C86F8A03002B070BD00BF683B002093
:106F20007446002050A40100F8B53B4C94F8A851D9
:106F3000012D06460ED0022D60D0002D69D138B942
:106F4000D4E91F0104F1840383E80300002006E074
:106F5000012805D110F0EAF808B984F8A861F8BD55
:106F6000022856D12D4F84F8A80107F5757EBEE89A
:106F70000F0007F57A7CACE80F00DEF80030CCF8A3
:106F8000003087F8FA63234693F8E92082B393F838
:106F90000021022A2CD1302303FB0545D5F804310A
:106FA000C4F88430C7F8EC3394F88D3095F8082194
:106FB00087F8F833032384F8882087F8FA3397F8A2
:106FC000172487F8E823012387F8F933002387F88B
:106FD0001634134BDB6A9847FFF77AFF94F8BE31FB
:106FE000002BB3D00F490122202002F03BFEADE779
:106FF0000135042D03F13003C6D1E7E748B9074B4B
:1070000084F8A801062283F88824054BDB6A984798
:10701000E4E70320A3E700BF683B00208C42002088
:1070200050A40100103D002070B50B4E0B4D0C46D6
:10703000FEF748F8336B9847094A95F858002146FF
:1070400010F092FB30B1736B686E9847054BA27CD1
:1070500083F8882470BD00BF50A40100683B002065
:10706000AC4600208C4200200E4890F8173480F87F
:10707000C0330D4B93F8792080F8C32393F88D200B
:1070800080F8D02393F8C03180F8D333002280F801
:10709000D12380F8D22300F5707100F56270FFF7FC
:1070A000C3BF00BF8C420020683B0020104890F80E
:1070B0008834DBB190F8173480F8D4330D4BDA6F95
:1070C000C0F8D82393F88D2080F8E423002280F8BC
:1070D000E52393F8C03180F8E733012280F8E623F6
:1070E00000F5757100F56870FFF79EBF704700BF2F
:1070F0008C420020683B00202DE9F04F8FB04FF00C
:107100000009012B06460F4690468DF80990ADF810
:107110000C9002D84C46BC4202D30FB0BDE8F08FB1
:10712000305D02F091FE2044B842F6DC335D651C10
:10713000013BEDB21F2BF0D801A252F823F000BFA3
:10714000C1710000E97100001372000011730000AA
:1071500039730000C9730000EF730000557400001C
:10716000897400001B750000037500006F75000036
:107170007B76000095750000FD7500002577000006
:107180004D77000099770000CD7700001B7100005B
:107190001B7100001B7100001B7100001B710000BF
:1071A0001B7100001B7100001B7100001B710000AF
:1071B0001B7100001B7100001B7100006376000052
:1071C000AF4B725D93F8BE3102349A42E4B200F2E2
:1071D000B18005A9012002F0BDFD002840F0AA8081
:1071E000059802F08DFDA5E0052002F0CDFE70B1FE
:1071F0000521002002F09CFE725DA24BE51C0234CA
:10720000E4B283F85C24325D83F85D24EDB22C4651
:1072100081E700238DF80A308DF80B308DF810309F
:107220008DF81830B9F1000F6DD1954C4FF005096C
:1072300094F88C208DF831206B1E94F849208DF83D
:107240003320334494F848200B938DF8342094F87D
:10725000AA3194F878208DF83520D4F8BC218DF827
:1072600032300A9273B37B1C5B1BDBB28DF830307B
:1072700006AB019304AB009394F858000DF10B0397
:107280000DF10A020AA910F085FA8DF8090000F044
:107290000700072813D194F949209DF90A3084F892
:1072A00049309A429DF80B3084F84830B8BF01222B
:1072B0009DF81030B8BF84F8AD2184F878304FF0D5
:1072C000000A09E00523D1E701220DF1090103209D
:1072D00002F0C8FC0AF1010A5FFA8AF29DF8183040
:1072E000B3FBF9F19142EFD82B44DDB26B1EDBB258
:1072F0009F420BD9F25C032A9AD0AF4288BF1D4649
:107300004FF0010983E70534E5B2F9E71D46F7E7D9
:10731000735D5B4903F00F03012281F8AB31023446
:1073200002FA03F3A1F8B031E4B2002203A9042069
:1073300002F098FC25466AE707238DF80930735D53
:10734000DFF83CA1C3F3021203F00F030F2B8DF8FB
:10735000283004BF9AF880308DF828308DF8292025
:10736000651DA21CE31C0434DBB2E4B2F15C335DA6
:107370009AF85800D2B21B04B25C43EA01231343CB
:10738000642253430AA90B9310F014FA00F0070388
:10739000072BEDB28DF809000ED19DF828308AF840
:1073A00080308AF888300B9BCAF87C30CAF8843069
:1073B0009DF829308AF879308DF80C00012203A954
:1073C000052002F04FFC22E72E4BD3F8483363B17F
:1073D0001B6853B1984708F03F038DF80C008DF8F7
:1073E0000D30022203A90620EBE7FF20F3E7032379
:1073F0008DF80930735D8DF81C300AAB0693E31CE1
:10740000DBB2A51DF25C231DDBB206A9F35C1B04F5
:1074100043EA0223A21CD2B20534B25C13436422B5
:107420005343E4B20A9300230B93335D8DF830305D
:10743000134B93F8580010F0C4F9C3B20028EDB212
:107440008DF80930FFF6E3AE8DF80C30012203A968
:107450000720B6E7735D0A4903F00F03012B38BF1D
:1074600001234FF47A7213FB02F0023413FB022261
:107470008866CA66E4B2002203A9082058E700BF64
:10748000683B00208C420020735DBE4DC3F3401268
:107490008DF8112095F85800C3F3001204A903F0E9
:1074A0000F038DF810208DF8123010F091F902348E
:1074B0000130E4B23FF43EAFBDF81030B24AA5F857
:1074C0008C309DF812309DF810A0D05CF8F7CEFEFD
:1074D0000223C5F890000AA995F858008DF82830C5
:1074E0008DF82AA010F007F995F94930069040B2BE
:1074F0009842B8BF184685F84900002203A9092020
:1075000016E7A04B725D93F8BE3102349A42E4B2A2
:107510003FF610AF05A90B205DE603238DF8093077
:10752000735D8DF82830E31CDBB2651DF25C231D12
:10753000DBB20234F35CE4B21B0443EA0223325DA3
:107540001343642253430B938E4B0AA993F85800BC
:1075500010F045F9C3B20028EDB28DF80930FFF6FE
:1075600056AE8DF80C30012203A90A2029E7725D7E
:10757000844802F00F010123120903FA01F10234D9
:107580009340A0F89A10A0F89830E5B2002203A921
:107590000C2016E716F805B0DFF8E8A10BF007039A
:1075A0008AF8C831A31CDBB22021F25CC2F30212BC
:1075B0008AF8C921F35C002003F00F038AF84930F0
:1075C0000FF097F9CBF3C20B202303FA0BF3184407
:1075D0006E4B0022C3F8DC248AF850206C4A90429B
:1075E0009CBF4FF47A72504304F1030498BFC3F870
:1075F000DC040020E5B2FFF7DBFA08E6735D00204B
:107600001A090A3201218DF80C00614801FA02FCC6
:1076100002348445E5B220DC03F00F0304335948FB
:107620005A4CC0F8CCC101FA03F39BB2C0F8C43184
:107630004FF47A73934004F28C40C4F8D4348DF83C
:107640000C10FDF73FFD04F28C40D4F8D4140FF079
:107650001EFA04F28C40FDF7C3FC012203A90F209F
:10766000AFE605A9202002F075FB10B10234E5B2A7
:10767000CDE5059802F044FBF8E7092002F084FC10
:10768000DFF808B100284AD00921002002F050FCA0
:107690000023ADF81E30A31CDBB2F25CE31CDBB2AE
:1076A00016F803A0735D4FEA0A4A4AEA022A4AEA38
:1076B000030A231DDBB2A51D0534F35CE4B24AEADC
:1076C000036A335D4FF47A7213FB02F30AAC1B12A8
:1076D0002046ADF81C300FF088F92E4B534406932A
:1076E000DBF83C3300930DF1180A9AE80600DBF84A
:1076F000383308A80FF03FF9099B009394E806007F
:10770000089B50460FF01DF99AE803000FF04DF961
:107710000FF016FD0123EDB28BF8383477E58BF8C6
:10772000380474E50C2002F02FFC00283FF46FAD04
:107730000C21002002F0FCFB144B93F88834043B2E
:10774000012B7FF664AD0FF0F7FC60E5A31CDBB204
:10775000725DF15CE31CDBB2651DF35C0434E4B2E2
:107760001B04305D43EA012313436421594300F0B5
:107770000F000FF0E2FCEDB28DF80C00012203A91E
:1077800011201EE6683B0020B9CD01008C4200208C
:1077900037894100803DD5120D2002F0F5FB00280D
:1077A0003FF435AD0D21002002F0C2FBA31CDBB27B
:1077B000124AF05C735D1268251D0334E4B243EA9B
:1077C0000020315DEDB20FF0BAFC20E5725DA31C24
:1077D000251D0334DBB2E4B2F15C335D1B0443EAE4
:1077E00001231343642058430FF0ABFCEDB28DF836
:1077F0000C00012203A91320E3E500BF383B002061
:1078000037B5214CD4F8C43113B1E36C0133E364D0
:1078100094F8BE311D4DCBB101A90B2002F09AFAAC
:10782000A0B9B4F85230B4F8982001339BB29A4210
:10783000A4F852300AD195F8893484F8C00143F095
:10784000080385F889340F2385F8683495F889345E
:10785000990703D595F82D34012B07D994F8AA314F
:1078600023B1A36B5A1C18BF0133A3630023A5F8EF
:10787000143485F81634D5F8403323F00203C5F8E4
:10788000403303B030BD00BF683B00208C42002075
:1078900038B50F4D0F48104CFDF714FCD5F8D0311A
:1078A0000E4A93429EBF4FF47A725343C4F8D834C1
:1078B000FFF710F90123D4F8D814064885F8D6311B
:1078C0000FF0E5F8BDE838400248FDF789BB00BF7E
:1078D000683B0020304700208C420020378941005F
:1078E00038B50F4D0F48104CFDF7ECFBD5F8CC31F7
:1078F0000E4A93429EBF4FF47A725343C4F8D43475
:10790000FFF7E8F80123D4F8D414064885F8D531F8
:107910000FF0BDF8BDE838400248FDF761BB00BF7D
:10792000683B0020184700208C4200203789410026
:10793000094BD3F84023012A0AD008490978C9071E
:1079400008D43AB993F88A04013818BF0120704767
:1079500000207047012070478C4200204C3B0020E3
:107960002DE9F7434E4CBDF828901D1E90464FF070
:10797000000208BF91460746CDE90022228084F824
:1079800016240E464A46294604F59C700EF0BEFFAA
:107990005FFA89F284F837223B78A3703B785B0961
:1079A000042B07D0072B69D0022B06D0022003B08E
:1079B000BDE8F083012384F81634042384F80431ED
:1079C000384DC4F80851FF2384F80C313B78364F0A
:1079D00084F80D31D7F8E43084F82881C4F81031E8
:1079E000337884F81431684605F59B7384F83021A8
:1079F000C4F82C3102F024FC00284ED1009BA4F8DE
:107A0000440401A8A4F81631C4F84C3402F0DCF99F
:107A1000002840D1019B0BB90020C8E797F9490025
:107A2000FFF7B0F894F83732CBB1019B0F2B0ED88B
:107A300005F58B7201A90F2002F0D2F958BB3378FB
:107A4000019A62F30303337084F81431E4E705F21A
:107A5000FE4201A902F0C4F9E8B90A20A7E705F23D
:107A6000FE452A4601A902F0BBF9A0B9019B84F8A2
:107A70002801C4F82C5184F83031CDE7002DCBD04B
:107A8000002AC9D02946E01C0EF040FF94F8373296
:107A900001332380C0E7132089E7122087E700BF66
:107AA0008C4200208E420020683B002070B54B4D78
:107AB0004B4C86B000238DF8033095F849308DF893
:107AC000093095F848308DF80A30D5F89030039396
:107AD000D5F89430049323888DF808000646ADF855
:107AE000143095F8580004F583630DF1030202A9E0
:107AF0000FF043FE012384F8413495F8493084F8AF
:107B000042349DF8033084F84334D4F81834C4F870
:107B10005064C4F84834C4F858340FF002FBB0B9CC
:107B200095F8A831012B01D10FF00FFB0FF0FCFAF3
:107B30000023019394F8043195F9495094F817649F
:107B4000042B0CD8DFE803F00E2D310B3500D4F8F0
:107B500018040FF0F8FA0028E2D0102000E003200B
:107B600006B070BD1F4802F0A5FB002832D1D4F842
:107B7000403394F80C111C48218043F00203C4F8F0
:107B8000403394F814340133DBB284F8143484F8AD
:107B90004534164B00259B6AC4F8E45498472846A0
:107BA000DEE7104802F0DCFBDFE70E4802F004FCE1
:107BB000DBE701A802F044FB70B994F8143413B168
:107BC000019B013B0193074B01983246E9B202F059
:107BD0001DFCCAE71120C3E71220C1E7683B002063
:107BE0008C420020944300208E42002050A40100CB
:107BF0002DE9F0418EB006460FF08DFA002840F0D6
:107C0000E080724C94F8A831012B0CD0236C704D9D
:107C1000ABB195F80431042B00F2D580DFE803F016
:107C2000171D21D325000FF078FA18B10F200EB0E0
:107C3000BDE8F0810FF073FA0028E7D0F6E7B4F85A
:107C4000B031D5F81824013B53432364E1E7614880
:107C50000FF03CFC68B11120E9E75E480FF06AFCC8
:107C6000F8E75C480FF09EFCF4E75A480FF0D2FCAE
:107C7000F0E795F80C312B80236C08930DF1180870
:107C800094F849308DF82830404694F8AC318DF89E
:107C90002A300EF0CDFED4F8B831009302AF98E848
:107CA0000600D4F8B43138460EF065FE97E80300BC
:107CB0000BAB83E80300E36B099300238DF83430AA
:107CC0002B88ADF8363094F8C03101228DF8292088
:107CD0001BB98DF834208DF829303F4B00933F4B72
:107CE00094F85800A3F1C90208A90FF088FDA0B1CB
:107CF0000B289CD1D5F8E01479B1002E97D0D5F897
:107D00004033374843F02003C5F840330EF0BFFE40
:107D10003348FDF765F9002089E794F8587094F925
:107D2000793094F9492094F88D102E4E38460FF092
:107D300074FD009641B2E36D94F860203846143625
:107D40000FF005FD0096E36D94F8602094F9801023
:107D500094F858000FF0FBFCD5F8CC13A36ED5F8BF
:107D6000E0230B44C5F8B833E36E1344C5F8BC33C5
:107D700095F80431042B07D0236F0B44C5F8B833B2
:107D8000636F1344C5F8BC330023059394F8C031E6
:107D900023B995F81704FFF789FE48E705A802F014
:107DA00013F860B994F9490095F837629DF814709A
:107DB000FEF7E8FE3E44B042EBD2082037E713203E
:107DC00035E70E2033E7032031E700BF683B002092
:107DD0008C42002094430020A83B00206C470020E8
:107DE000FC4500204C46002010B5184C1848FDF703
:107DF00069F9D4F84033D4F8E40423F02003C4F83C
:107E0000403348B10EF05BFEB0F5FA5F04D9114B78
:107E1000002283F84A2010BD0120FFF7E9FE002868
:107E2000F9D00B28F7D00B4B93F8493084F8423443
:107E3000092094F8143484F8453484F8410402F09D
:107E400089F8BDE81040FFF7DBBC00BF8C42002082
:107E5000FC450020683B00202DE9F0433C4C8BB0F2
:107E60009046994694F8C021B4F84830B4F8486078
:107E70000F46A16B049105465BBA002A65D094F8C1
:107E8000AB2102B9226494F8AA014FF0000260F31A
:107E9000C7128DF80C2094F8A821012A02BF9DF882
:107EA0000C2042F010028DF80C2094F84A202AB1E0
:107EB0009DF80C2042F020028DF80C20ADF8203007
:107EC00094F878308DF8223094F88C308DF8233087
:107ED00094F858308DF82430012204AB8DF814202A
:107EE000D4F8982000931B4B8DF81500069107924B
:107EF000A3F12F01A3F1300205A80FF093F89DF82C
:107F00000C30CDF8009060F386138DF80C303A46B3
:107F1000434603A92846FFF723FD40F20143C3402F
:107F2000DB0703D50020FFF763FE20B1A4F848600B
:107F30000BB0BDE8F083049B84F84A00A36301F012
:107F400017FF002818BF1320F2E70720F0E700BF53
:107F5000683B0020E03B0020022870B5044601D0B9
:107F60002BD888BB3C4B3D4D012283F8D421022203
:107F7000D3F8E03085F80421003C2A4418BF0124DE
:107F8000C5F808214CF2FF02A5F80C2185F80F3145
:107F90001A0A64001B0C85F8102185F8113185F848
:107FA0000E41FEF757FD0822014605F589700EF0D7
:107FB000ADFC05F58D71082029E0FF282DD00120AA
:107FC000BDE87040FFF714BE244C234A012382F819
:107FD000D431A21CC4F808214CF2FF0284F8043109
:107FE00084F80E31A4F80C21FEF74AFD0822014660
:107FF00004F20F100EF08AFCFEF72CFD0822014659
:1080000004F217100EF082FC04F59071092002F0C2
:1080100023F90028D3D0112070BD104D0020FEF7A9
:1080200083FF0026AB1CC5F8083185F80461A5F86C
:108030000C41FEF725FD0822014605F587700EF07C
:1080400065FCFEF707FD0822014605F58B700EF072
:108050005DFC3046B4E700BF683B00208C42002046
:10806000084B10B5044608461146DB6B224649B260
:108070009847054AD2F8403343F00203C2F8403330
:10808000002010BD50A401008C4200202DE9F04FCB
:1080900089468BB090460646002800F08A81002968
:1080A00000F087810368002B00F083814368002B78
:1080B00000F07F818368002B00F07B81C368002B78
:1080C00000F0778110460FF011FB002800F073815B
:1080D000BB4CBC4D304601F0DBFE40F22472002167
:1080E00020460EF027FC4FF4B062002128460EF027
:1080F00021FCB54BC4F8BC3104F55F73069304F55D
:10810000647300274046079306A9B04B84F8588053
:1081100084F8A8718DF8247008930FF0FCFA0E23F0
:1081200004A994F858008DF810300FF0E4FAC01B41
:1081300018BF01204FF00A0B84F8AC0104A994F891
:1081400058008DF810B00FF0D6FA4FF0060A84F8F8
:10815000DC0004A994F858008DF810A00FF0CBFAB9
:108160000F2384F8DD0004A994F858008DF810302E
:108170000FF0C1FA10230DEB0301C4F8A40094F82A
:1081800058008DF810300FF0B6FA1123C4F8A8008B
:1081900004A994F858008DF810300FF0ACFA1223AF
:1081A000C4F8AC0004A994F858008DF810300FF012
:1081B000A2FA1323C4F8B00004A994F858008DF86B
:1081C00010300FF098FA1523C4F8B40004A994F8FD
:1081D00058008DF810300FF08EFA162384F8B9008D
:1081E00004A994F858008DF810300FF084FA172382
:1081F000C4F8BC00C4F8C40004A994F858008DF871
:1082000010300FF078FAC0B21C2384F8C00084F854
:10821000C80004A994F858008DF810300FF06BFADC
:108220001D2384F8CC0004A994F858008DF8103070
:108230000FF061FA1E2384F8CD0004A994F85800C9
:108240008DF810300FF057FA1F23C4F8D00004A99E
:1082500094F858008DF810300FF04DFA0B23C4F845
:10826000D40004A994F858008DF810300FF043FAA8
:108270000C2304A9A4F8D80094F858008DF8103005
:108280000FF039FAD4F8A4306366D4F8A830A366A6
:10829000D4F8AC30E366D4F8B03003904FF0010866
:1082A000A4F8DA0023673846D4F8B430636784F85A
:1082B000B880C4F89CB084F8A0A0C4F85CB084F87E
:1082C00060A084F8788084F8AF81FEF7D3FC404941
:1082D00085F8897405F55C70C4E90F77C5E9D16943
:1082E00084F8A981C5F840830EF0C9FB394905F52A
:1082F00062700EF0C4FB384905F568700EF0BFFBE4
:10830000364905F57F700EF0BAFB354905F28C4011
:108310000EF0B5FB334905F2A4400EF0B0FB324934
:1083200005F2BC400EF0ABFB68460EF081FBDDE9C8
:10833000000104F5DA7383E803002C4B1F602C4B1B
:10834000C5F84C332B4BC5F854332B4BC5F85C3375
:108350002A4F2B4BC5F850332A4BC5F8583305F537
:1083600053703B68984704F5EE70FEF78BFA20B126
:10837000112630460BB0BDE8F08F204601F03AFFE1
:108380000028F5D101F060FCB8B91F4801F07CFF6E
:1083900006460028ECD17B699847FCF7F5FDBB6DDC
:1083A00094F8A9019847FB6A9847012385F88A3415
:1083B000DFE70326DDE70926DBE71326D9E700BF61
:1083C000683B00208C42002000010101503B00204E
:1083D000E97D000069700000AD700000156C0000C0
:1083E000E178000091780000B16B00004C3B002068
:1083F000D16D0000496B0000116B000050A401001A
:10840000FD6A0000E96A0000503C002008B5034BFB
:108410000020C3F84003FEF74FFB08BD8C4200204C
:1084200070B52E4B8AB0054693F8DD008DF8090033
:1084300093F8DC008DF80A0029489A6B90F8140430
:10844000039200268DF80B0004960C46002941D0BB
:108450000692D3F898200792B3F8482093F8AA110F
:108460008DF8151052BAADF8202093F88C2093F8AF
:1084700058308DF8243003AB8DF822008DF823207E
:1084800000930DF10A020DF10B030DF1090105A88E
:108490008DF814600EF0C6FD9DF90900FEF772FB21
:1084A000607004A801F090FCB0B9049A0F2A0DD8AE
:1084B00063789A420AD81544AB42A3EB02012CBF61
:1084C000002001202170C0000AB070BD002323707D
:1084D0000820F9E70320F7E71320F5E7683B0020C1
:1084E0008C4200201FB50446002800F00581037867
:1084F0004C2B00F2FC80DFE813F04D0054005800D4
:108500005C005F00620066006B00FA00FA00FA008F
:10851000FA00FA00FA00FA00FA00FA00FA00FA008B
:10852000FA00FA00FA00FA00FA00FA00FA00FA007B
:10853000FA00FA006F0073007D00840087008A0053
:108540008F008D009100950098009B009E00A10077
:10855000A400B300B700BF00BB00C300C600CA0040
:10856000D100CF00FA00D500E100E500FA00FA00E2
:10857000FA00FA00FA00FA00FA00FA00FA00FA002B
:10858000FA00FA00FA00DD00E900EE00F200F60061
:10859000010101015A4B93F8A8312371002004B066
:1085A00010BD574B93F8C031F7E7FEF753FA606000
:1085B000F4E7FEF765FAFAE7FEF778FAF7E7504BCB
:1085C00093F8AA31E9E74E4BD3F8E0306360E5E772
:1085D0004B4BD3F8E430F9E7494B93F8A931DCE78A
:1085E0001B238DF80830464B02A993F858000FF072
:1085F00082F8DCE7434B043493E8030084E803008B
:10860000CCE7414B0434F7E7404B0434F4E7404BEC
:108610000434F1E71923E4E71823E2E7384B93F831
:108620007830BAE7364B5B6ED0E7354B9B6ECDE7C3
:10863000334BDB6ECAE7324B1B6FC7E7304B5B6FC8
:10864000C4E702238DF808302D4B02A993F88C2043
:1086500093F858008DF80A200FF04DF820719DE72F
:10866000274B93F9DD3098E7254B93F9493094E790
:10867000234B93F9DC3090E7214B93F948308CE79A
:108680001F4BDB6DA2E71E4B93F8603085E71C4B58
:10869000D3F89430636081E7194B97E7184BD3F810
:1086A000D430F7E7164BD3F8BC31436002F03EF903
:1086B000A06073E7124B93F8AF316EE7104BD3F81D
:1086C000CC3183E70E4BD3F8D0317FE70C4BB3F8B6
:1086D0009830A38062E70A4BB3F89A30F9E7084B69
:1086E000B3F8D830F5E7064BB3F8DA30F1E704B069
:1086F000BDE810400EF01CBD032050E717204EE7E8
:10870000683B0020E43B0020243C0020EC3B0020A0
:108710002C3C00207FB50446002871D08D4DD5F843
:1087200040339A0700F1008302784C2A00F2F78266
:10873000DFE812F04D005300610068006C0070002B
:1087400075007A007F008A008F00940099009E00D7
:10875000A300A800AD00B200B700BC00C100C60075
:10876000CB00D000D500DA00DF00E400EA00F00022
:10877000F502F8001601290150017201630176012A
:108780007F01830187018B018F01F5029301A50110
:10879000CD01BB01DF01E901F001F501FA0186021B
:1087A000F502A702C502F502F502F502F502F5028F
:1087B000F502F502F502F502F502F502F502F50201
:1087C000A202E102E602EB02F002F802F8020079EE
:1087D000FEF7AAFB002835D105E00379022B0FD064
:1087E0005D4A82F8C03195F8893443F0200385F85A
:1087F0008934002026E04068FEF71EF90028F2D0F8
:1088000003201FE04068FEF72BF9F7E74068FEF70A
:108810003DF9F3E7504B027983F8AA21E3E74E4B89
:108820004268C3F8E020DEE74B4B4268C3F8E4201F
:10883000D9E741680029E3D0002001F093FF002828
:10884000D1D0112004B070BD41680029D8D00120DA
:10885000F3E741680029D3D00220EEE74168002900
:10886000CED00320E9E741680029C9D00420E4E71D
:1088700041680029C4D00520DFE741680029BFD046
:108880000620DAE741680029BAD00720D5E7416819
:108890000029B5D07F20D0E741680029B0D08020E2
:1088A000CBE741680029ABD08120C6E741680029A9
:1088B000A6D08220C1E741680029A1D08320BCE76F
:1088C000416800299CD08420B7E74168002997D0EF
:1088D0008520B2E74168002992D08620ADE7416843
:1088E00000298DD08720A8E74168002988D08820FA
:1088F000A3E74168002983D089209EE741680029C9
:108900003FF47EAF8A2098E7416800293FF478AFB2
:108910008B2092E7104B007983F8A9010F4B9B6DD8
:10892000984760E70C4E037A8DF8043096F85800AB
:1089300096F88D308DF80530072201A90EF0F1FE72
:1089400000283FF45DAF7C36D4E9010186E80300DE
:1089500049E700BF8C420020683B002050A4010082
:10896000BD4E037A8DF8043096F8580096F88D3095
:108970008DF80530072201A90EF0D3FE00283FF440
:108980003FAFBC36E0E7B44E037A8DF8043096F87A
:10899000580096F88D308DF80530072201A90EF0A9
:1089A000C0FE00283FF42CAFD4E9010106F1840396
:1089B00083E8030096F8A831022B7FF414AF96F8F1
:1089C000C031002B3FF40FAFA44BDB6A9847FEF792
:1089D0007FFA08E7A04E037A8DF8043096F8580025
:1089E00096F88D308DF80530072201A90EF099FE1A
:1089F00000283FF405AFC436A6E74368029301237D
:108A00008DF80C30944B02A993F858000EF098FEA4
:108A100000287FF4E8AEF3E6436802930023EFE713
:108A200003795A1E0E2A3FF6EBAE8B4A82F8783055
:108A3000D9E6894B42685A66D5E6874B42689A6602
:108A4000D1E6854B4268DA66CDE6834B42681A6709
:108A5000C9E6814B42685A67C5E67F4C037994F8B2
:108A600058008DF80430062201A90EF05AFE0028A5
:108A70003FF4C6AE9DF8043084F8DD30B3E6764CA2
:108A800003798DF8043094F8580094F88C308DF800
:108A90000630052201A90EF044FE00283FF4B0AED6
:108AA0009DF8043084F849309DE66B4C037994F8C6
:108AB00058008DF804300A2201A90EF032FE002879
:108AC0003FF49EAE9DF8043084F8DC308BE6624CB7
:108AD000037994F858008DF80430092201A90EF0AA
:108AE00020FE00283FF48CAE9DF8043084F8483016
:108AF00079E64368B3F5FA7F3FF682AE564AC2F88C
:108B00009C30D3656FE6544B027983F8A02083F83C
:108B1000602068E6504B4268C3F8942063E64E4BF1
:108B20004268C3F8D4205EE64468002C3FF468AE87
:108B3000012B40F0F98034212046FCF72BFA636BBF
:108B4000984204D14448382221460DF0DFFE04F15A
:108B500038061C213046FCF71DFA636D984204D19B
:108B60003F48202231460DF0D1FE04F158064FF463
:108B7000C0713046FCF70EFAD4F8D83198421DD1B6
:108B800038484FF4C27231460DF0C0FE95F81734E4
:108B900085F8E833304BD3F88420C5F8EC2393F8FC
:108BA0008D2085F8F823012285F8F923022285F823
:108BB000FA232A4A93F8A901936D984704F5EE76B3
:108BC0004FF4CE713046FCF7E5F9D4F8783398428B
:108BD00005D125484FF4D07231460DF097FE04F5CB
:108BE0005F7610213046FCF7D5F9D4F88C339842E3
:108BF00004D11E48142231460DF088FE04F5647637
:108C00004FF45E713046FCF7C5F9D4F80837984246
:108C100005D117484FF45F7231460DF077FE04F22C
:108C20000C7614213046FCF7B5F9D4F82037984279
:108C30007FF4D9AD0F48182231460DF067FED2E51A
:108C40008379012B3FF6DCAD034B4268C3F8BC21AE
:108C5000406801F0EDFAF2E5683B002050A4010005
:108C6000A03B0020C03B0020443D0020E43E00200B
:108C7000F83E0020744200202C4B027983F8AF218B
:108C8000B1E543682A4A93423FF6BAAD274A92F8C3
:108C9000C01102297FF4B4ADC2F8CC314FF47A721E
:108CA00053432448C5F8D434FCF70CFA2148D5F8CE
:108CB000D4140DF0ECFE1F48FCF792F993E54368DD
:108CC0001B4A93423FF69CAD184A92F8C011022904
:108CD0007FF496ADC2F8D0314FF47A725343164800
:108CE000C5F8D434FCF7EEF91348D5F8D8140DF0D4
:108CF000CEFE1148E0E70D4B8288A3F8982072E57C
:108D00000A4B8288A3F89A206DE5084B8288A3F865
:108D1000D82068E5054B8288A3F8DA2063E50EF0D9
:108D200009FA57E517208DE501208BE5683B002007
:108D30003789410018470020304700202DE9F043D3
:108D400087B00023ADF800300546002800F0F18020
:108D50000361FEF7EDFD20B10127384607B0BDE8FD
:108D6000F08301F057F980460028F5D101F04CF965
:108D700020B97148142241460DF0DCFD6F4E96F883
:108D80008934012243F0040386F8552486F8893497
:108D90002B788DF804300021013B8DF80520ADF8CB
:108DA00006100C2B00F2A080DFE803F00759616683
:108DB0006B759E9E7B9E927F8E00D6F8407317F057
:108DC0002007C9D195F80490B9F1020F2FD15C4C5E
:108DD0003846FDF74FFF3A4695F9051094F85800CC
:108DE0000EF004FD072384F84900FF208DF80530BC
:108DF000FFF7B2F8074640B195F9051094F858000E
:108E000001220EF0F3FC84F84900D6F8E0342B611F
:108E1000002F6DD001F0F8F800289ED196F8893423
:108E200086F8160460F3820386F8893495E7B9F171
:108E3000010F4FF0020357D1414C8DF8143094F8D4
:108E4000580084F8AD7102A90EF065FC2B7984F806
:108E5000C0318DF805708DF80690C846D5E702231D
:108E600086F854340020FFF777F80746CDE7032350
:108E700086F854340120F6E7042386F8543402209F
:108E8000F1E700226946022000F0ECFE08B9002755
:108E9000BBE71327B9E72A7BA968A888FFF7E0F8A2
:108EA000F5E7002269460D20EEE7254B93F8A8313F
:108EB000D3B92C7904F007000EF035F98DF8004095
:108EC000012269461020DFE7002269461220DBE715
:108ED0008DF807200EF018F9044638B90EF011F994
:108EE00020460EF013F9D2E702278EE701278CE720
:108EF00001A800F0E1FFB8F1000F3FF42EAF114BD5
:108F00001A782AB90122104910481A700DF0B7FDDD
:108F1000D6F840330D4843F48073C6F84033FCF76D
:108F2000D1F80A480A210DF0B2FD0848FCF758F8BC
:108F300013E7032711E700BFE04600208C42002022
:108F4000683B0020C25C0020256B000074470020B5
:108F50002DE9F04FDFF8FCB2BF4CABB00AA80DF022
:108F600085FCDBF8005000230AA8CBF800300DF098
:108F700086FC002D00F0E480EBB2A806039365D5D3
:108F8000B64D95F8A831022B02D0B54BDB6A984755
:108F900011A8B44F0DF06AFC0DF08AFD3E68D4F8BC
:108FA000B813361A3144B0480DF071FDAE48FCF7E5
:108FB00017F8D4F8BC13AD4831440DF068FDAB4848
:108FC000FCF70EF811A80DF05AFC94F81634002B9B
:108FD00000F0E981142314A995F858008DF8503059
:108FE0000EF089FBD4F8BC130D900144A0480DF09D
:108FF0004EFD9F48FBF7F4FF3B6894F81724EB63A2
:109000000FAF38468DF878201F930DF011FDD5F87D
:10901000B831009306AE97E80600D5F8B431304673
:109020000DF0A9FC96E8030021AB83E80300D4F817
:109030001834209395F8C03195F85800003B18BFBC
:1090400001231EA98DF879300EF05FFB039BD90632
:109050004AD5824DDFF81C92D5F8E42005929BF8A2
:109060000020B9F90AA099F90C70A4F82AA40023E9
:1090700063F300020C93ADF8243084F84434A4F870
:109080001E3484F82134C4F82434A4F8283484F835
:109090002E34C4F8303484F81C34C4F8343484F8E2
:1090A0003834C4F83C346E4B8BF8002094F8882494
:1090B000DB6A84F82C7484F82D24D9F80480B9F87C
:1090C0000860984794F82D3413B96848FBF7FAFF05
:1090D000314640460EF01DF88346002800F06681B8
:1090E000A4F87AA484F87C74039B19071AD55B4B07
:1090F00093F8A831022B02D0594BDB6A9847022023
:10910000FDF7DAFC84F8410400F024FF94F81634EB
:1091100013B1012384F8153494F8893443F0100313
:1091200084F88934039B5A0703D506210520FDF7EF
:109130006DFE039B9B0703D504210320FDF766FE0C
:109140000EF005F894F88924D7065FD5002384F83B
:109150008A34D4F840331E0644BF23F08203C4F897
:10916000403312F0050F00F0F7830B2000F00CFFE6
:10917000002800F0F18394F88934DD0700F1EC83D6
:10918000580740F10F84D4F8403323F00203C4F8A9
:109190004033D4F8402382BB94F8895415F0010180
:1091A0001EBF2B4662F3000384F8893494F8893497
:1091B0005E0744BF23F0040384F88934012384F854
:1091C0008A3421B1D4F844332B481B6898476D0783
:1091D0000BD52A4800F0E4FE00F016FF28B194F801
:1091E000893443F0040384F889340DF09EFF94F829
:1091F000893423F0100384F88934012384F88A34F5
:1092000094F8893443F0200384F8893494F889343D
:10921000180708D523F0080384F88934D4F84433B8
:109220001748DB68984794F88934990708D523F0E4
:10923000020384F88934D4F8443312485B689847B1
:10924000D4F840338BBB054DD5F8C421E96C8A4274
:109250001AE000BF4C3B00208C420020683B0020FD
:1092600050A40100483B0020144600202C4600205A
:1092700088460020383B0020CC460020E0460020F5
:10928000F4460020A846002040F0D18395F8BE1196
:10929000002900F0CC83002A00F0C983EB641EA8EB
:1092A00002238DF87830FFF749FD94F88834022BBB
:1092B00001D1FDF70DFE94F889349A0640F1E6835A
:1092C000D4F8405323F0200384F88934002D40F073
:1092D000DD83BB4E34213046FBF75CFE736B984256
:1092E00018BF70634FF01C01B64818BF0125FBF78B
:1092F00051FE736D984218BF70654FF4C071B2484B
:1093000018BF45F00205FBF745FED6F8D831984264
:1093100018BFC6F8D8014FF4CE71AC4818BF45F05D
:109320000405FBF737FED6F87833984218BFC6F825
:1093300078034FF01001A64818BF45F00805FBF769
:1093400029FED6F88C33984218BFC6F88C034FF428
:109350005E71A04818BF45F01005FBF71BFED6F85C
:109360000837984218BFC6F808074FF014019A480A
:1093700018BF45F02005FBF70DFED6F820379842C0
:10938000D4F848331CBFC6F8200745F04005002B31
:1093900000F07C839B68002B00F0788328462BB07C
:1093A000BDE8F04F184784F8413425E695F8A83118
:1093B000012B0CD10DF0B1FE824668B158460DF07C
:1093C000A1FE58460DF0A3FE042384F82D347EB987
:1093D000012384F81D34B1E10DF0A1FE0028F6D080
:1093E00050460DF090FE50460DF092FE0523ECE73E
:1093F00098F800B01BF0030FEAD14FEA5B13013B72
:10940000062B00F29582DFE813F007009302F200CA
:109410009302EF0093028302102ED9D995F8C03140
:10942000CDF85080F6B28DF854601BB195F8D43168
:10943000002BCDD0FDF724FB14AA0146FF2001F03C
:10944000ABF9B8B3FDF71CFB14AA0146002001F0EC
:10945000A3F988B3FDF714FB14AA0146012001F01B
:109460009BF958B3FDF70CFB14AA0146022001F04A
:1094700093F9A8B904279DF8603003F00F020F2A72
:109480001ED0C3F303038DF8783095F8580095F893
:109490008D308DF8793007221EA90EF042F978B987
:1094A000012000F071FD002876D00121072000F096
:1094B0003FFD71E00127DEE70227DCE70327DAE75B
:1094C0009DF85B309DF85A209DF8601095F8580083
:1094D0001B0443EA02239DF859201343C5F8E030EA
:1094E000179BC5F8E430C1F3021385F8793001F019
:1094F0000F030F2B1EBFC1F3030385F8803085F8DF
:1095000088309DF86130012B4FF47A7238BF012307
:109510005343AB661344314AEB6611F0800F304B76
:1095200008BF1346C5F8BC310DF1620312934FF02A
:10953000010894F817348DF84430113E11A985F8CC
:1095400078808DF84C600EF0F5F8022385F8C03174
:1095500095F8BE314BB10022A5F8522009A9424628
:109560000B208DF8243000F07DFB384600F00CFD18
:1095700018B13946002000F0DBFC95F8D4312BB14E
:109580000023184885F8D431FBF79CFD023F012FDA
:1095900002D80120FDF76EFB94F82D34012B00F268
:1095A000D58194F81634002B40F0C88194F88934A2
:1095B00043F0100384F88934FDF77EFA94E500BF88
:1095C000683B0020A03B0020C03B0020443D002021
:1095D000E43E0020F83E0020744200200004000118
:1095E0000001010148470020012384F81C3495F84C
:1095F0008D308DF8363094F820348DF8353095F86C
:1096000058000D230DA98DF834300EF074F8A6F132
:109610000D031BB20B9023EAE37300B283423FF7C2
:10962000D7AE0B2E7FF6D4AEB34B27931EA8FF23E5
:10963000CDF878808DF87C608DF8A0300DF0EBFED1
:10964000804600287FF4C4AE95F8A831012B14D1D0
:109650000DF063FD0646002843D040460DF052FD54
:1096600040460DF054FD04239DF88410209884F8A2
:109670002D34C1F300110DF069FD209EC4F834644F
:1096800011A91EA80DF0B0FC804600287FF4A0AE02
:109690009A4A0C900346D2F8EC108E422DD192F8E3
:1096A000E90050B3302202FB035393F8EAA0D3F849
:1096B0000C311B680C9395F8A831022B02D10323BF
:1096C00084F82D349DF84430032B7FF481AE9DF84F
:1096D000843013F0600F7FF47BAE05914FF00108EA
:1096E00011E00DF01CFD0028C7D030460DF00BFD39
:1096F00030460DF00DFD0523B6E70133042B02F1D2
:109700003002C8D19A469DF844300493BAF1040F50
:109710000ED8DFE80AF00324202216000426BDF844
:1097200086100CAA30460DF0EBFD00B307281CD0C4
:10973000012384F81D340C9BC4F83034FDF77EFA05
:10974000D2E495F8BE61012E0BD1049B5BB1032BD3
:1097500008BF0226E3E70626E1E70726DFE705263E
:10976000DDE70326DBE70226D9E70823E1E71EABA6
:10977000009305990C9B3246504600F04BFF20B1F8
:10978000022814BF0B230A2323E69DF884200C9B98
:10979000C4F83034C2F3401384F82E3484F84434CF
:1097A00094F82D3484F81D04012B9EBF0121A86379
:1097B00085F8AE11B8F1010F84F81E84C4F82404B2
:1097C00084F8280484F8410420D1022184F81C1470
:1097D00095F84A1099BBD20631D4D4F83C2412B182
:1097E000012284F82124012B09D894F84034012B5C
:1097F00003D19DF884309E0601D500F0C7FA049A83
:10980000032A7FD8DFE802F0263F70300BF0E00B30
:10981000BBF1A00F18D195F8BE11012285F84A209E
:1098200009B929996964012B84F81C2407D94FF4DC
:10983000FA52C4F83C24D9F80020C4F8E42495F87E
:10984000A821002ACCD0C8E7002185F84A1084F866
:109850001C14C0E79DF8841094F82D343A4601F0AA
:109860000F0122A8FDF748FC9DF8983084F81F34BA
:10987000279BC4F824349DF8A03084F828340123B1
:1098800084F829340DE09DF8841094F82D343A467C
:1098900001F00F0122A8FDF72FFC9DF8983084F805
:1098A0001F3495F8D4315BB11548002685F8D46192
:1098B000FBF708FC94F88934580748BF84F85564CE
:1098C0009DF89820E02A08D195F8AF312BB984F89B
:1098D0001F24C4F82434A4F8283494F8893443F0BD
:1098E000020384F8893457E694F82D349DF8A010CB
:1098F00027983A46CFE700BFC4440020683B0020C9
:1099000048470020012384F81D34FDF797F9C8E784
:10991000604D013EB2B208F1010128460CF0F6FF9D
:109920000323A4F81C34C4F8245484F82864D4E72E
:10993000012384F81D34FDF781F92DE694F84434B1
:10994000002B3FF433AE0020FDF764F994F82D347A
:10995000022B3FF431AE29E694F88934590721D51A
:10996000012000F011FB48B1002384F81434D4F82E
:10997000403323F00203C4F8403313E0022000F028
:1099800003FB0028F0D1032000F0FEFA0028EBD101
:10999000042000F0F9FA0028E6D1062000F0F4FADD
:1099A0000028E4D194F88934DA077FF5F2AB94F813
:1099B00040240AB1032A19D1374A94F8141492F8B2
:1099C0007820914205D29B0724D594F82D34012BA1
:1099D00020D83248FBF776FBD4F8403323F020033D
:1099E000C4F84033FDF70CFFFFF7D3BB012A11D1B8
:1099F00094F81524002A3FF4CCAB274A94F81414A9
:109A000092F878209142E4D29F0703D594F8443429
:109A1000002BDED194F88934002023F0100384F861
:109A2000893484F81504FEF7DFF9FFF7B2BB95F827
:109A3000D5315BB102231EA88DF87830FFF77EF98F
:109A400000287FF432AC85F8D5012EE495F8D631A4
:109A50005BB103231EA88DF87830FFF76FF900285B
:109A60007FF423AC85F8D6011FE495F8D731002B9D
:109A70003FF41BAC04231EA88DF87830FFF75EF985
:109A800000287FF412AC85F8D7010EE42BB0BDE8B6
:109A9000F08F00BFC4440020683B0020FC4500203C
:109AA0002DE9F04F06468DB018B903200DB0BDE882
:109AB000F08F00230361FDF73BFF0546002870D1BE
:109AC00037460FCF07AC0FC4544FB3895448554C99
:109AD00096F8008096F90EB00193142229468DF86D
:109AE00008500CF027FF012287F8412494F8C02188
:109AF000022A0BD194F8A821022A07D194F8AE21AA
:109B000022B9B8F1010F38BF4FF00108B8F1010FC9
:109B10002AD0B8F1030F2BD0B8F1000F39D19DF83E
:109B20000820022161F347129DF82090DDF824A05F
:109B30008DF80820012594F88C108DF8161002225B
:109B400005A994F858008DF814200DF0D4FD94F870
:109B5000AA1140B251B394F8C031012B23D194F82B
:109B6000AD3103BB3DBB1FE09DF808200421D9E7C0
:109B70009DF80830DDF820A09DF926B043F0E00301
:109B80008DF80830BDF82430019301254FF000090D
:109B9000D1E74FF0000BD946CDE7002387F8163404
:109BA00037E0012082E7CDB9022032E0002DFBD062
:109BB0005845B8BF584694F88C308DF810000522EF
:109BC00094F858008DF8123004A90DF0AAFD002871
:109BD0003FF46BAF9DF8103084F84930D7F8E404B7
:109BE00038B10CF06CFFB0F5FA5F84BF002384F845
:109BF0004A30019B5246494602A8FEF72DF900283B
:109C0000CBD197F8893487F8408443F0010387F873
:109C10008934D7F8E034336148E700BF8C42002034
:109C2000CC460020683B0020012809D00538C3B28B
:109C30001B2B04D80348D84000F0010070470020D7
:109C4000704700BF7910000808B505484FF403724B
:109C500000210CF06FFE024B0020C3E9000008BD9C
:109C60000C4800202DE9F8430546904600293DD0D8
:109C7000204C2023224604F1100012F8019FB9F174
:109C8000000F2BD18242F8D11B4F3B68013403B93E
:109C90003C607B6803B11C6000262660601D7C6010
:109CA000C4F8088025711FFA88F20CF02FFE2846B0
:109CB000013DEDB2FFF7B8FF1F2D98BF0F4E207387
:109CC0009CBFEE4006F001066673D7F808320133F8
:109CD0004344C7F808324846BDE8F883013B13F017
:109CE000FF030446C6D14FF00209F4E74FF0010923
:109CF000F1E700BF134800200C4800200104008059
:109D000010B518B3124A1368984204D1036813605F
:109D1000002305E00B46002BFAD019688842F9D1E0
:109D20005168884208BF53600BB101681960002474
:109D30000460D2F808328168013B5B1AC2F808322D
:109D4000214610220CF0F6FD204610BD0120FCE754
:109D50000C480020054B1B682BB11A798242FAD1BE
:109D600000200B6070470320FBE700BF0C48002079
:109D700010B5054B186800B910BD037B04680BB91A
:109D8000FFF7BEFF2046F6E70C48002038B50C4B25
:109D90000C4C196809B9084638BD0A790D68104697
:109DA000FFF742FF50B1013AD2B21F2A03D824FA7A
:109DB00002F2D30702D40846FFF7A2FF2946E9E7DB
:109DC0000C4800200104008028B1044BD3F808326D
:109DD0000360002070470120704700BF0C4800203E
:109DE0002DE9F04107460E46154642B339B3154BEF
:109DF0001C6800232CB93046FFF7E6FF2046BDE87B
:109E0000F081A268F91A0132914215D32279EA54FD
:109E1000581C22895FFA80F8611D55FA80F00CF019
:109E200075FDA368246898445FFA88F3E2E720464A
:109E30002568FFF765FF2C46002CF8D1DBE70120F1
:109E4000DDE700BF0C4800200138C0B21F289ABFD0
:109E5000014B185C00207047C9CD010030B50B4B99
:109E600093F820200446084672B100211C3305787F
:109E7000A54208D001319842CDB214BF0430103849
:109E8000AA42F4D8002030BD1046FCE7184A002052
:109E900010B5084C00232060142204F10C00FF21AF
:109EA00084F82030C4E901000CF044FD012384F85B
:109EB000213010BD184A0020114B93F82020042AAD
:109EC0001BD89A68017811709A68417851709A6825
:109ED000C178D1709A688178917093F8202001320E
:109EE00083F820209A6803F11C018A4214BF0432CF
:109EF00003F10C029A60012070470020704700BFF8
:109F0000184A0020094B93F8200068B15A6803F101
:109F10001C018A4200F1FF3014BF043203F10C022D
:109F200083F820005A600120704700BF184A0020C3
:109F300010B5074B93F820200446084632B1596803
:109F4000FFF78CFF10B101234470837010BD00BF78
:109F5000184A002030B50B4A92F82010536882F856
:109F6000210069B1012502F11C04D978587001B9AA
:109F70009D70A342916814BF0433103B9942F4D101
:109F800030BD00BF184A002008B5044B5968FFF7E0
:109F900065FF003818BF012008BD00BF184A002027
:109FA000F7B50422174D044600210DEB020095F889
:109FB00020700CF0BFFC0026F3B2BB4201D303B00B
:109FC000F0BD6B681B7823706B685B7863706B689F
:109FD0009A783AB12B6820469B689847FFF792FF22
:109FE0000136E9E71A788DF804205A78DB788DF885
:109FF00005208DF80730FFF785FF01A8FFF75CFF0C
:10A00000EEE700BF184A0020014B93F8200070478C
:10A01000184A0020034B93F82000042894BF002026
:10A0200001207047184A00202DE9F04188B005460C
:10A030000C4690460021102268461F460E9E0FF0E7
:10A0400041FD102200210DEB02000FF03BFD254ADF
:10A050002548126801238DF810301168814209D912
:10A060009F4205D9022F21D0082008B0BDE8F08119
:10A070008DF81430230C8DF81830330CADF81640E1
:10A080008DF81C30240E330E8DF81D308DF81580A0
:10A090008DF81940ADF81A60134B12689A4284BFCC
:10A0A00001238DF81F3025B90020DEE78DF81470EC
:10A0B000E0E710216B4606220DEB0100FCF742FCA5
:10A0C00070B90F9A6B46013AEDB212F8014F13F8CE
:10A0D000011B0130C0B2614085421170F5D1E3E748
:10A0E0000E20C2E73C4A002000000101002926D0D2
:10A0F0000138062825D8DFE800F0040A0E12161AE7
:10A100001E00114B1B681B690B60002070470E4B33
:10A110001B685B69F8E70C4B1B689B69F4E70A4B0B
:10A120001B68DB69F0E7084B1B681B6AECE7064B12
:10A130001B685B6AE8E7044B1B689B6AE4E709203D
:10A1400070470520704700BF3C4A00202DE9F047CA
:10A15000C4B0DDE94C970D4690461E468246002865
:10A1600041D0B1F5807F40D84FF488720021684615
:10A170000CF0E0FB49236C468DF8003086B31C4B95
:10A180001B68DA68D3B2C2F30722A2704FF4807260
:10A19000A2804FEA194222723A0C6370A4F806902A
:10A1A00000236781227351462A4604A84FEA1969A1
:10A1B0003F0EE370A37384F809906773E5730CF0A6
:10A1C000A5FB05F110014E9A434689B220460CF0DA
:10A1D0004FFE10B1012818BF0E2044B0BDE8F08733
:10A1E00033463246D1E70920F7E70D20F5E700BFF7
:10A1F0003C4A002010B5A8B10B4C38220021206049
:10A200000CF098FB2368094A1A6000204FF0FF32D7
:10A21000C3E90302C3E90522C3E90722C3E909220E
:10A220001A6310BD0820FCE73C4A00200001010130
:10A23000024B1B6818600020704700BF3C4A00209A
:10A2400030B1044B1B68DB680133036000207047AA
:10A25000092070473C4A002079B1082803D009281A
:10A2600007D005207047064B1B8801330B80002068
:10A270007047044B1B689B8DF7E70920704700BFB0
:10A28000B25500203C4A002080B1094B1B6803F105
:10A290001C02426203F12002426503F124022833CA
:10A2A000C0F88420C0F8B4300020704709207047FF
:10A2B0003C4A002030B5044687B000284AD0274BDE
:10A2C0001A68938801339BB2938000F10E05C38214
:10A2D0001022002102A80FF0F5FB062308222946D0
:10A2E0000DF109008DF808300CF01AFB0121022253
:10A2F00002A80CF0D8FD0146C0B9102202A80FF048
:10A30000E1FB0523082229460DF109008DF80830EC
:10A310000CF006FB0322012102A80CF0C4FD28B9B1
:10A3200020460DF0D3F820B1102000E0122007B035
:10A3300030BD04F1180300932168012313220CF0AF
:10A3400091FD48B920460DF0C1F8003818BF012032
:10A350000001ECE70920EAE70E20E8E73C4A00208C
:10A3600037B50446F8B1134D2B689A8D4FF6FF733D
:10A370009A421AD00DF0DEF810B1102003B030BDB3
:10A3800004F11C0300932168022314220CF06AFDDF
:10A3900068B920460DF0CEF80028EED12A68938DDA
:10A3A00001339385EAE70920E8E71120E6E70E206C
:10A3B000E4E700BF3C4A002037B50446E8B1124D3F
:10A3C0002A884FF6FF739A4219D00DF0EBF810B1BE
:10A3D000102003B030BD04F114030093216805235D
:10A3E0000F220CF03FFD60B920460DF0DBF800288D
:10A3F000EED12B8801332B80EBE70920E9E704201D
:10A40000E7E70E20E5E700BFB25500202DE9F04F49
:10A41000054689B0884617461C460BB9092030E02E
:10A420007B4E3368DB68834200F2EF8094F8202093
:10A43000002A0CBF06220722834205D320460DF0D6
:10A44000E9F808B310201CE0002301900093A368F2
:10A4500094F82810606A0CF0E2FE90B933689B789B
:10A46000012BEBD104F1100394F80CC0CDE900539B
:10A4700002460346A1680CF00F00FFF7D5FD002847
:10A48000DCD009B0BDE8F08FD6F800E094F804C045
:10A490009EF802A02168B4F80890A368ACF1040CFF
:10A4A000BAF1010F1FFA8CF240F08580CDE902006D
:10A4B0000029B3D0B2F5807F01D90D20E1E794F8EF
:10A4C0000CA04FF0490B1AF0200F8DF810B018BFF8
:10A4D000DEF830008DF8147018BF5FFA80FE4FEA86
:10A4E000134718BFC0F307204FEA136308BF86461F
:10A4F0008DF812008DF81930002002AB8DF8138012
:10A500008DF815008DF81870C5F307482F0E8DF8DB
:10A510001E00009304A805238DF811E0ADF81690F5
:10A52000ADF81A508DF81C808DF81D708DF81FC085
:10A530000CF098FC002866D123792168043B9AB27C
:10A5400000293FF46BAFB2F5807FB6D8D4F808C0CD
:10A55000B4F808E08DF81F3003AB4FF04909ADF8AF
:10A560001400ADF816E08DF81E004FEA1C4E009363
:10A570004FEA1C6C042304A8CDF810908DF818E065
:10A580008DF819C0ADF81A508DF81C808DF81D702B
:10A590000CF068FC002836D1BDF80830039A43EA75
:10A5A0000243E36220460DF035F800287FF44AAFFD
:10A5B0003368DD6065E700293FF430AFB2F5807F96
:10A5C0003FF67BAF492704971F0C1B0E8DF81930FF
:10A5D0002B0C8DF81C302B0E8DF81D3004F12C0344
:10A5E000ADF814008DF81E00009304A80623ADF802
:10A5F00016908DF81870ADF81A508DF81FC00CF039
:10A6000031FC0028CED00E203BE7062039E700BF02
:10A610003C4A00202DE9F04F87B08146109E8846C5
:10A6200017461C46002E00F09580002305A9104611
:10A630000593FFF75BFD20B10625284607B0BDE86E
:10A64000F08F059B9C4201D80133F5D130460CF0C8
:10A65000E2FE054600287FD1404B13F825104945FE
:10A6600003EB850204D1B368434506D00225E4E735
:10A670000135052DF1D10B25DFE7DFF8E4A0F56A00
:10A68000DAF8003092F801B098783179337B92781B
:10A69000CDF80080CDE90145C3F34013043900280B
:10A6A0000CBF002303F0010389B23068FFF74EFDB1
:10A6B00005460028C1D196F820300194002B4FF0B8
:10A6C0000103009396F82810706A434614BF5A4657
:10A6D00006220CF0A4FD05460028AED1DAF80030C1
:10A6E0009A78012A08D0013F062FA6D8DFE807F0A4
:10A6F000151A1E22262A2E00B9F1040FF3D1307B41
:10A700001036CDE900463B46414600F00F00FFF70A
:10A710008BFC0028E7D005468FE7DAF800301C6193
:10A720001C638AE7DAF800305C61F9E7DAF8003098
:10A730009C61F5E7DAF80030DC617EE7DAF800309A
:10A740001C627AE7DAF800305C6276E7DAF800300B
:10A750009C6272E7092570E70F256EE7B1040020BF
:10A760003C4A002038B505460CF098FB044610B171
:10A770000E24204638BD002DFBD1064B1B68014638
:10A7800098780CF0DFFD0028F2D10CF0A8FD00282D
:10A79000EFD0EDE73C4A00202DE9F04304468FB0AE
:10A7A0000F469046002A00F0B880002900F0B580DE
:10A7B0000DF114095B4E2122002148460FF082F969
:10A7C0000023FF2C8DF81330336813D19D880DF1D1
:10A7D0001303CDE9019398F804300093D8F80030C2
:10A7E0002A46394620460CF07DFB50B10E200FB0B2
:10A7F000BDE8F08314F0FD0F0ABF4B4B9D8D1D8803
:10A80000E5E7D8F8000098F8042049460CF07EF8F7
:10A8100040460CF0B2FD002840F0818098F80840D6
:10A8200098F8072098F806309DF81300240444EAAD
:10A8300002241C43336801289A6803D1944203D848
:10A840000320D4E79442FBD09C6000210CF07AFDF9
:10A850000028CCD10CF043FD0028C7D19DF813305F
:10A86000012B2DD12B463A46214604200CF070FCDA
:10A870000028BCD12B463A46214605200CF068FC46
:10A880000028B4D12B463A46214606200CF060FC45
:10A890000028ACD12B463A46214607200CF058FC44
:10A8A0000028A4D133689DF813209A701E4A002016
:10A8B00010804FF0FF32C3E90422D8609A6196E716
:10A8C00098F80B7098F80A2098F809303F0447EA86
:10A8D00002271F433A462B46214607200CF072FC04
:10A8E000002883D12B463A46214606200CF06AFC0C
:10A8F00000287FF47BAF2B463A46214604200CF01B
:10A9000061FC00287FF472AF2B463A4621460520B1
:10A910000CF058FC0028C5D068E7092067E70F2035
:10A9200065E700BF3C4A0020B25500200048704750
:10A93000030001022DE9F84F0C469346984607465E
:10A940000CF0B6F82C4E1823824603FB0B4B002567
:10A950004FF0FF395C4506D1002D14BF48464FF03B
:10A96000FF30BDE8F88F60680CF0A9F822888446B3
:10A970003FBB0B99642A38BF6422B1F5616F27D3BE
:10A9800049F6AF20814226D91C481D4B20619C45C9
:10A9900004D2A1688B4201D1616811B9C4E901A355
:10A9A000E0600D9BE16803FB02FE714503D8B8F13E
:10A9B000000F13D197B1012222751544EDB218345E
:10A9C000C8E7012A38BF0122B8F1000F00D1E660C4
:10A9D00030463346DAE70B4B3046D7E70022864550
:10A9E0002275ECD2A168614528BFA1EB0C0291450C
:10A9F00028BF91460135E1E780EE360070460D0034
:10AA0000809B8207803F5C02024B03FA00F0B0FBA0
:10AA1000F1F0704740420F0051F82000054B98427A
:10AA200005D0054BC31A58425841400070470120D9
:10AA3000704700BF90D0030020A1070030B50B4B3A
:10AA400085B00C460A491D56FFF7E6FF082201466D
:10AA50000020CDE90020074A0123E4B202940393C9
:10AA6000546A18462A46A04705B030BD0DCE0100F5
:10AA7000B8A5010050A401000B4B10B51B6A044699
:10AA8000984768B1094B0A4A2344934209D8094AB6
:10AA9000534341F6F632B2EBB31F2CBF0120002026
:10AAA00010BD0020FCE700BF50A40100608FF7C874
:10AAB000401640005FF743591FB500230093037809
:10AAC000013B362B68D8DFE803F01C6767676767D0
:10AAD00067676767343638673D404346494C67547B
:10AAE0001C565B6062676765671F676767676767B4
:10AAF000676767676767676B711C1C676B1C1C79EE
:10AB00007D000823009347E043788DF80430042348
:10AB10008DF805304FF49043ADF806302C4B1B6890
:10AB200001A803F55872CDE902230DF052F8009008
:10AB300032E04023E6E72023E4E790F90130254A9C
:10AB4000D35CDFE740F6B833DCE74FF47A73D9E73C
:10AB50004FF4FA63D6E741F28833D3E741F27073DA
:10AB6000D0E71D484FF47A710BF0C3FE00F5FA6090
:10AB7000DDE71A4BC6E7164B1B6803F55873C1E7B0
:10AB8000134B1B6803F55B73BCE74823BAE7104B14
:10AB90001B68B7E7124B0093009805B05DF804FB03
:10ABA000104A0E4900790DF079F8C0E740F21743DA
:10ABB000ADF8003003238DF80230EDE790F9013055
:10ABC000094ABDE7094990F90100FFF725FFAEE703
:10ABD000444A0020E9CD010018FCFFFFA0700837AF
:10ABE0009A990042C02709000DCE0100B8A50100C6
:10ABF00037B50A4B02781B680C2101FB02335D7AE2
:10AC0000074B1C6803690093C36842788168182069
:10AC100000FB05400CF08BFE03B030BD444A002021
:10AC2000404A0020F0B587B00123047BADF8003026
:10AC30000023CDE90133CDE903338DF802308DF8DF
:10AC4000143024B1013C012C4ED907B0F0BD03688B
:10AC5000002BFAD04268002AF7D0304E806832606C
:10AC60002F4A304D10609C81182269462B600BF0F2
:10AC70004DFE30682C4B2D4F024601464FF0300CF4
:10AC80000B6003F5433303F5A073BB4281F808C0A2
:10AC90004C7201F10C01F3D1254B264944270024C5
:10ACA000C2F8003303F5C31303F520638B4282F827
:10ACB000087382F8094302F10C02F1D14FF0FF331F
:10ACC000C0E9DB33FF23C0F8743300F55B71062263
:10ACD00000F558700CF01CFE31682868062201F55A
:10ACE00058710CF015FEB0E70C4C2068062200F5F8
:10ACF0005B7100F558700CF00BFE0A4B21681B6865
:10AD000001F25E319A1E0A3332F8020F31F8024F17
:10AD10009A4200EA04001080F6D196E7444A0020E7
:10AD2000404A0020484A00206001C83560518B36F7
:10AD3000C0AFD235C0FF9536037A102B70B524D141
:10AD40004368DB7B012B20D1104B1E68104B196828
:10AD500006F25E3402390022436813F8123024F8F8
:10AD6000023F456805EB4205042A6D7843EA052356
:10AD7000238004BFDBB2A6F8683331F8023F258890
:10AD800001322B40052A0B80E6D170BD444A0020D9
:10AD9000484A002070B504220446002100680CF0E7
:10ADA00099FD012803D025791DB1012D21D0002066
:10ADB0001EE0144E21683068062200F558700CF031
:10ADC000A7FD336893F87423A3F874230E4AA3F8FD
:10ADD0007653126803F25E33911E0A3231F8020F85
:10ADE00033F8024F914200EA04000880F6D10120B6
:10ADF00070BD044B21681868062200F55B700CF0EA
:10AE000087FDF4E7444A0020484A0020F7B50D28A2
:10AE1000114DA8BF0D201C460E46587029461746F6
:10AE2000FFF7FAFD94F901300C4A55F82310A07091
:10AE3000D05CFFF7E9FD0A4BDB6D0546984704F14E
:10AE40000C0208340346019200943A4631462846E3
:10AE50000CF0E5FD03B0F0BDB8A501000DCE01007A
:10AE600050A401002DE9F0471F4E90F9019073683E
:10AE700045688AB0044688469847002831D1A37CAB
:10AE800033B92378194A1A4D03F0070302FB03551F
:10AE9000184B284613F909A0F3689847637C099377
:10AEA00001250023CDE90735CDE90533CDE903338D
:10AEB000228902920822CDE900322846A178B7699A
:10AEC0002B465246B8470C4B13F80910736D0D31E1
:10AED0002846C9B2984788F8009028460AB0BDE8CD
:10AEE000F0870020FAE700BF50A40100C027090046
:10AEF000A07008370DCE0100E9CD01002DE9F04F1B
:10AF0000364B374E90F902A0D6F800B0914690F932
:10AF100001209F56037888460C2101FB03B30446A9
:10AF2000597A304B1B68182000FB01338DB093F920
:10AF300002100B9250460CF067FE0B9A042A05464D
:10AF40003FD15546022DB8BF0225274994F901008B
:10AF5000DFF898A0FFF760FD25490B9000222846F6
:10AF60000CF085FD21780C22514383463068DAF8D5
:10AF70000C2040589047012600224FF47A630821A4
:10AF8000CDE90723CDE90522CDE90326CDE901610D
:10AF90000B9B009759463046DAF81C70B847DAF830
:10AFA0005430217B30469847A18994F90100FFF77E
:10AFB00045FDC9F80000304688F800500DB0BDE8E6
:10AFC000F08F042200210BF558700CF083FC31281F
:10AFD000BBD85546052DB8BF0525B6E70DCE0100F7
:10AFE000444A0020404A0020B8A5010050A40100B6
:10AFF0000000F0412DE9F04F7A4F93B0CDE90112F6
:10B000003968039307AE00240546062201F55871FE
:10B010003046C6E901440594ADF8184007940CF099
:10B0200077FCA0464FF0FF392B7AA34205D9686818
:10B0300005A920440CF08EFC60B99DF91530032B56
:10B0400065DC0422002107A80CF044FC01285ED82E
:10B0500006235DE09DF81730BDF818102044062B3C
:10B06000C4B205D1CDE90799C9B2ADF82410DBE728
:10B07000072B02D1CDE90788F6E7052B41D14FF028
:10B08000000CC9B260464FF0010B12AB0BFA0CF288
:10B0900003EB400E11423EF82C3C0CF0010A1CD090
:10B0A00092B2BAF1000F0ED143F0FF032EF82C3C00
:10B0B000BDF8243013430CF1010CBCF1080FADF8BE
:10B0C0002430E2D1B0E763F0FF032EF82C3CBDF84A
:10B0D000243013430130C0B2EDE7D24392B2BAF14B
:10B0E000000F07D123F0FF032EF82C3CBDF82430CD
:10B0F0001340E0E7DBB22EF82C3CBDF824301340BF
:10B10000E8E712AA02EB430323F82C1C8CE7072381
:10B110008DF82C30AB7A8DF82D309DF815308DF8E8
:10B120002E309DF816308DF82F309DF814308DF8A4
:10B130003030EB7A8DF831302B7B8DF832306B7BF1
:10B140008DF8333048238DF834304FF48063ADF8F8
:10B150003C303B6810930E23ADF844302B680A93C3
:10B160000DF1160205AB0DF115010AA80E960CF0B3
:10B170000BFC0728054623D138680622314600F526
:10B1800058700CF0C5FB184B3A681B68B2F86003A6
:10B19000198801401980B2F862035988014059802A
:10B1A000B2F86403998801409980B2F86603D9889F
:10B1B0000140D980B2F868131981B2F86A235A8124
:10B1C000019A9DF815301370029A9DF8163013708D
:10B1D000039A9DF8143013701C9B28461C7013B002
:10B1E000BDE8F08F444A0020484A0020094B1B6804
:10B1F000587B69B90130C0B25873C0EBC00300EB93
:10B20000C300C0B21C288CBF002001208000704702
:10B210000138F0E7484A00202DE9F0470025A4B0A6
:10B220004B4E8DF80E509146482204460F460DEBCA
:10B230000200294698468DF80F500EF043FC29462F
:10B240003068DFF810A104220CF044FB054648B931
:10B25000DAF800103068042201F558710CF058FB40
:10B2600033681D7394F908203368DAF80010032A54
:10B2700004DD1A7A12B9B1F868231A81CDE90531D3
:10B28000354B627A1B6807934823ADF820300023C2
:10B29000099323680A9363680B93A37A8DF830307F
:10B2A000D4E9030101238DF810208DF8313094F991
:10B2B00008208DF8112004AB11930DAB83E8030037
:10B2C000237DE18A8DF83C301046FFF7B7FB0DF186
:10B2D0000F0310900093CDF804900DF10E0312AA05
:10B2E00041460AA80CF031FC054690B9637AA3B137
:10B2F0009DF80E1001390BF0FCFA00F190030DEBF4
:10B30000030010F8483C3B703978306848220CF054
:10B31000C9FA284624B0BDE8F08794F908303068AF
:10B3200063B1007A2B46D9B240FA01F1C9071A4637
:10B3300003F10103F7D502F14003E4E73A4600F1D7
:10B340000C010CF065FC0328DED10546E1E700BFE7
:10B35000484A0020444A0020404A0020034B03EBA7
:10B360008103985620EAE070C0B27047F9CD010021
:10B370000E4B402970B528BF40210D4C46181D4684
:10B38000B04203F1020304D1002305F8113007484D
:10B3900070BD02781209A25C03F8022C10F8012B90
:10B3A00002F00F02A25C03F8012CE9E7E15C002047
:10B3B00030CE010030B503788BB0044607AD032BC7
:10B3C00021D8DFE803F0021A1C1E12492846F5F7BF
:10B3D00035F8059563780493A3780393E378029393
:10B3E0002379019363790093A3790B4A0B481E21BB
:10B3F00009F052FE09480BB030BD0949E6E709499A
:10B40000E4E70949E2E7094A0A21284609F044FE2F
:10B41000DFE700BFEBBE01000DBF0100C35C0020F1
:10B42000F2BE0100F9BE010003BF0100CBBF010065
:10B4300010B50CF0A8FC0EF054F8044608B909F059
:10B44000F5F8BFF35B8F064B1B68BFF35B8F0BB147
:10B450000A2098471CB9BDE8104009F0FBB810BDA0
:10B460004C4A002038B5044608480BF02CF9054634
:10B4700048B1631EDBB21F2B96BF054A0021D15C89
:10B480000C300BF072F9284638BD00BF30060020A2
:10B4900041CE01000E38012810B50AD809480BF03A
:10B4A00012F9044618B104210C300BF05EF9204665
:10B4B00010BD09B10448F2E7BDE810400220FFF7D3
:10B4C000D1BF00BF60060020D005002010B50121CB
:10B4D0000C300BF06BF90378034A0448BDE81040C8
:10B4E00001210CF068BC00BF3FBF01001CA001009F
:10B4F00010B586B0084B039303AB002400930749B3
:10B5000007484FF0FF334FF48062CDE9044408F060
:10B510000FFE204606B010BD61BF010040A500200F
:10B52000400C002010B5094BD3F80C3163B1084929
:10B5300008480DF0C0FF031E06DA074A0748BDE8B9
:10B54000104001210CF037BC10BD00BF00000020EE
:10B5500038020020180D002071BF01001CA001005E
:10B56000B0B50B460D8A00AF04462946D868FFF7F0
:10B57000FFFE8AB06A46094BCDE9053440F202432A
:10B58000ADF82430064BCDE907504FF4325142F864
:10B59000103F04480CF020FCBD46B0BD8EBF01003A
:10B5A000050000011CA0010037B502EBC3030446EF
:10B5B00008469A4202D16FF05E0010E0114611F881
:10B5C000085BA54211D1038A5178994209D90848EC
:10B5D000084A009401210AF059FF6FF0150003B0EA
:10B5E00030BD536898470020F9E70A46E1E700BFFD
:10B5F0001CA00100B0BF010010B5012104460C30B1
:10B600000BF0D4F82146034A0078BDE8104000232F
:10B610000CF0E5BB88A6010010B5012104460C30F2
:10B620000BF0C4F82146034A0078BDE8104001231E
:10B630000CF0D5BBA0A60100F8B5012100AF04466F
:10B640000C300BF0B3F80678114A0023214630463F
:10B65000FFF7AAFF5F3019D1258AE0682946FFF776
:10B6600087FE6C468AB06A460A4BCDE9053640F241
:10B670000243ADF82430084BCDE907504FF4325166
:10B6800042F8103F05480CF0A7FBA546BD46F8BDA3
:10B69000A8A60100D2BF0100050000011CA0010006
:10B6A0002DE9F74FDFF818A1BFF35B8F804689467D
:10B6B000174600235AE8004F4AE80032002AF9D121
:10B6C000BFF35B8F264644B93E4A3F4843460121BB
:10B6D00003B0BDE8F04F0CF06EBB2046F8F754FB0A
:10B6E0003A4D4FF00C0B0BFB0050438843451FD0E5
:10B6F0002046F8F749FB0BFB00504388344A00937F
:10B700003148434601210AF0C1FEBFF35B8F5AE87E
:10B71000003F4AE80062002AF9D1BFF35B8F002B9B
:10B720004BD01E46304603B0BDE8F04FF8F7D0BB13
:10B73000A74208D020460AF0C1FF3A8AF96804F10E
:10B740000C000BF009F82046F8F71EFB0C2707FB4E
:10B7500000504368ABB1B9F1000F12D12046F8F7A1
:10B7600013FB07FB005001214268536803F01F00E0
:10B77000814010685B0900EB8300137ACBB10CF0B9
:10B780001CFB2046F8F700FB0C2707FB00508368E2
:10B79000002BC7D02046F8F7F7FA784305F8009059
:10B7A0002046F8F7F1FA07FB0055A86808F01AFBE5
:10B7B000B8E7C9430CF021FBE3E703B0BDE8F08F25
:10B7C0000801002004C001001CA00100504A002014
:10B7D0002CC0010008B501F073F9094BBFF35B8F72
:10B7E0001A68BFF35B8F02F00B02BFF35B8F53E865
:10B7F000001F43E800200028F9D1BFF35B8F08BD8C
:10B80000D40000202DE9F0470C4608F00FFFE56852
:10B81000268A2B78042B7DD1022E0ED8434A33463C
:10B82000434801210CF0C7FA2046F8F751FB0024E9
:10B8300008F010FF2046BDE8F0876B783E2B0CD156
:10B84000032E02D13B4A3346EAE7EB78012B01D0C5
:10B850000A2B49D14FF0030806E0052BFAD00E3B26
:10B86000012B41D84FF0010804F10C0701213846A3
:10B87000D4F814A00AF092FF022138460AF096FF8D
:10B8800003783E2B814607D1E3681B78012B01D05A
:10B890000A2B06D1032714E0052BFBD00E3B012B0E
:10B8A00032D9254A2549264841F268130AF08AF917
:10B8B000002383F31188BFF36F8F0323184602DF41
:10B8C000022703231F4A99F8000021460CF087FA4B
:10B8D000BB071BD563692682A5EB0A0513FA85F51C
:10B8E000E560B8F1010FA2D0174821460AF0EFFE3B
:10B8F000164917480DF0DFFD031E98DA154A0C486B
:10B9000001210CF058FA92E70127DAE72046F8F710
:10B91000DFFAE6E7104A064801210CF04CFA20460F
:10B92000F8F7D6FA6FF0150482E700BF5FC0010098
:10B930001CA001007BC001009BC00100CFC0010022
:10B94000E8C0010070A601000C01002038020020B0
:10B95000180D002071BF010005C1010038B51C4859
:10B960000AF0CAFE044690B300F10C0528460AF01E
:10B9700025FF0428034624D1284602210AF016FF99
:10B9800003780E3B012B05460ED8124A1249134884
:10B9900040F69A430AF016F9002383F31188BFF3A7
:10B9A0006F8F0323184602DF0D4A287803232146B0
:10B9B0000CF015FA2046F8F78BFABDE83840FFF78F
:10B9C000B1BD084A084801210CF0F5F9F2E738BD8D
:10B9D0000C0100209BC0010019C10100E8C001005A
:10B9E00088A6010047C101001CA0010010B5C1E9F3
:10B9F00000239DF808300B720C46F8F7C5F9034B8D
:10BA00000C2202FB00335C6010BD00BF504A0020D6
:10BA1000F8B502460B4610480AF055FE0446C0B180
:10BA200004210C300AF08EFE2046F8F7ADF90B4DDC
:10BA30000C2707FB0050002646802046F8F7A4F9A3
:10BA400007FB005086602046F8F79EF907FB00557B
:10BA50006E602046F8BD00BF00060020504A00205E
:10BA600010B592B004460749442201A80EF01CF814
:10BA7000102C9BBF12AB03EB8404034854F8440C16
:10BA800012B010BD30A1010010BB0100034B0146F4
:10BA9000D3F8300182689268104700BF0000002090
:10BAA0002DE9F047042100AF47480CF086F96D46B8
:10BAB00001F006F888B06A46444B0593444B069360
:10BAC0004FF40073ADF81C30424C434B42F8103F2A
:10BAD0004248434E4FF4E6510CF07EF9414BE17978
:10BAE000AD462046012998BF1E46FFF763FC8AB089
:10BAF0006A463D4B0790CDE905363C4B08933C4BDD
:10BB000042F8103F35483B4EDFF8EC804FF42351AC
:10BB10000CF062F9A246AD460125E3799D420AF197
:10BB2000070A3ADB94F870502846FFF799FF6E46F3
:10BB30008CB0B4F87210B4F876306A46DFF8BCC046
:10BB40000993CDE907512E4B4FF40075CDE905C09F
:10BB5000ADF828504FF4535142F8103F1F480CF0F5
:10BB60003BF9B54694F871603046FFF779FF8AB02B
:10BB7000B4F874306A462349ADF82450CDE9076320
:10BB8000214BCDE9051042F8103F14484FF43351D2
:10BB90000CF022F9BD46BDE8F0875046FFF70AFCDD
:10BBA000E9468AB06A4640F20133CDE9056507905F
:10BBB000ADF82030094842F8108F4FF413510CF0C3
:10BBC0000BF90135CD46A8E7D40000205FC1010084
:10BBD00071C1010000000020030000011CA0010051
:10BBE0005BC10100A4BE01007CC101000002010391
:10BBF000040000028BC10100040000019CC101008F
:10BC000006000001DAC101000500000101490248F7
:10BC10000DF051BC28020020400C002070B50546F4
:10BC20000C4639B1CB684A699B1A032B0ED86FF0CA
:10BC3000150509E04FF0FF304FF0FF31FFF7E8FE48
:10BC4000044618B96FF06805284670BD2046F8F71D
:10BC50009BF8174B0C2202FB0033A6180321304639
:10BC60005D800AF08AFD0580238A033B83700121F1
:10BC700030460AF08AFD40F635439D420FD12046FA
:10BC8000FFF704FF05460028DED00A4A03460121DB
:10BC900009480CF090F82046F8F71AF9D4E707485D
:10BCA00021460DF0B5FB0025FFF7B0FFCCE700BF44
:10BCB000504A002001C201001CA001001401002014
:10BCC0002DE9F04786B0804600AF91460C4671B929
:10BCD0004FF0FF304FF0FF31FFF79AFE044660B996
:10BCE0006FF0680528461837BD46BDE8F087887AAA
:10BCF000F8F742F83C4B83426FD1012200213846CD
:10BD00000DF09BFB2046F8F73FF8DFF8E0A00C238E
:10BD100003FB00A0876020460AF004FD0146404670
:10BD2000FFF77CFF054618B12046F8F7D1F8D9E7B0
:10BD30004FF4A0220023384608F08EF8064690B152
:10BD40004FF4F1732A4A2B492B4809F03BFF2B484B
:10BD50003246414609F036FF85F31188BFF36F8FF5
:10BD60000323184602DF2046F8F70EF80C23584349
:10BD70001AF800605EB36D468AB06A46204B07969B
:10BD8000CDE905381F4B089340F20243ADF824304B
:10BD90001D4B42F8103F1D484FF432510CF01CF877
:10BDA0002046AD46093EF8F793F8092E0CD8DFE897
:10BDB00006F0050B0B08170B0B0B0B146FF06E0541
:10BDC00090E76FF00C058DE76FF004058AE7B9F195
:10BDD000000FA9D0C9F8004084E76FF0150581E78E
:10BDE0006FF00B057EE700BF00060020504A0020E0
:10BDF0009BC0010023C20100E8C001002CC2010069
:10BE000071C20100A4BE0100050000011CA00100D8
:10BE10002DE9F041002282B0114600AF40F6034008
:10BE2000FFF74EFF044600285BD1FFF7D3FC214605
:10BE30003A1D41F20300FFF743FF0446002850D1AA
:10BE40007A68C24DD168D1F80100D1F8051005F12A
:10BE5000780303C31046F8F73BF821463A1D41F238
:10BE60000100FFF72DFF044600283AD17868C36827
:10BE70005A7885F870205A88A5F872201A7985F8C2
:10BE80007120B3F80720A5F87420B3F80530A5F8A1
:10BE90007630F8F71DF821463A1D41F20200FFF70F
:10BEA0000FFF0446E8B9D7F804C0DCF80C2005F110
:10BEB0008006531C413218685968344603C408335D
:10BEC00093422646F7D16046F8F702F895F87C30A1
:10BED0005C060BD49E4A9F4801210AF0C4FA6FF019
:10BEE000120420460837BD46BDE8F0813A1D002106
:10BEF00042F20300FFF7E4FE04460028F1D17A681D
:10BF0000954BD168D1F80100D1F8051003C3104654
:10BF1000F7F7DEFF95F87C30980619D44FF0FF3024
:10BF20004FF0FF31FFF774FD0646002800F03E8118
:10BF300002210C300AF00AFC0123447003702246EF
:10BF4000314640F66D40FFF7BBFE04460028C8D1DD
:10BF500095F89C30190712D53A1D002142F21C00B9
:10BF6000FFF7AEFE04460028BBD17868C368D3F85B
:10BF70000120D3F80530C5E93823F7F7A9FF4FF0C2
:10BF8000FF304FF0FF31FFF743FD0446002800F07B
:10BF90000D8108210C300AF0D9FB02260022067020
:10BFA00042708270C270027142718271C271214608
:10BFB00042F20100FFF784FE0446002891D14FF0C1
:10BFC000FF304FF0FF31FFF723FD8046002800F0DF
:10BFD000ED8008210C300AF0B9FB80234370202348
:10BFE00004708470047144718471C670C3712246F8
:10BFF000414640F60140FFF763FE044600287FF407
:10C0000070AF01463A1D4FF60140FFF759FE60B18F
:10C01000524A504802210AF026FAEB79002B40F0F0
:10C02000B58000F0FBFB04465BE77B68DC68B4F896
:10C030000130042B96BF4A4A4A4952F823106E46F3
:10C040008AB06A46484807934FF40073ADF8203031
:10C05000464BCDE9050142F8103F3E484FF41351DD
:10C060000BF0BAFEB4F80120B4F80330022AB5464A
:10C070004BD1052B49D83E4A52F823106E468AB060
:10C080006A463C4807934FF40073ADF82030374BB5
:10C09000CDE9050142F8103F4FF413512D480BF044
:10C0A0009BFE637994F806C0D4F80900032BB546CB
:10C0B00098BF314AB4F8076094BF52F82310294959
:10C0C0006C468CB06A46DFF8B4E0CDE9073C4FF42B
:10C0D0000073ADF82C302A4BCDE905E1CDE90960BC
:10C0E0004FF4735142F8103F1A480BF075FEA54605
:10C0F0007868F7F7EDFE3A1D00214FF60240FFF792
:10C10000DFFD044618B11F4A83E71649B6E7786891
:10C11000C368B3F80130A5F8C130F7F7D9FE95F838
:10C12000C1305A077FF579AF3A1D21464FF60340DB
:10C13000FFF7C6FD08B1144A6BE77868C3685B78FF
:10C1400085F8C030F7F7C4FE67E700BF00000020A5
:10C1500090C201001CA00100D8000020B4C2010060
:10C160005CA6010010BB0100D8C201000400000160
:10C1700044A60100F1C2010034A6010009C3010078
:10C180000700000136C301005FC301002E78002EB6
:10C190007FF447AF95F8C1309B061FD54FF0FF30B5
:10C1A0004FF0FF31FFF734FC044610B96FF068041C
:10C1B00097E606210C300AF0C9FAD5F80130036081
:10C1C000084B9B888380214632464FF60640FFF796
:10C1D00077FD044600283FF424AF82E66FF0850423
:10C1E0007FE600BF0100002073B52C4D0646D5F850
:10C1F00030010CF0CAFF48B9294A2A4801210AF047
:10C2000032F96FF01204204602B070BD6FF00201E7
:10C2100005F1D4000BF0F1FD01210BF0CEFD10EA89
:10C22000010437D1204B1E600A4605F1F0000DF0E5
:10C2300004F905F58A700DF0ABF81C480DF04BF9C8
:10C240001B491A4800946FF007034FF4966207F0F9
:10C250006FFF1849154807F0ABFFD5F830011649B4
:10C2600083681B689847044630B1144A034601218D
:10C270000C480BF0A0FDC6E73EB9FFF7C9FD044628
:10C280000028C0D1FFF70CFCBDE705F1C40007F0A2
:10C2900049FFB8E76FF07704B5E700BF0000002062
:10C2A00088C301001CA001005C4A0020180D00207A
:10C2B00080A90020A0C3010005B80000A9C30100A7
:10C2C00010B5FFF7A5FD044608B9FFF7E9FB044BDD
:10C2D0001B681BB12046BDE81040184710BD00BFC9
:10C2E0005C4A002038B5042104460C300AF05EFA9E
:10C2F000034640885D7818B119782246FFF7D0F9D7
:10C3000035B1044807F06EFDBDE83840FFF77EBC4C
:10C3100038BD00BFF0000020B0B50321044600AFD7
:10C320000C300AF043FAE2680346B0F801001178D5
:10C3300040F63542904216D16C468AB06A46104BA0
:10C340001048CDE90531104B079340F20133ADF8A9
:10C3500020300E4B42F8103F4FF412510BF03CFDD1
:10C36000A546BD46B0BD1D7810B12246FFF798F92D
:10C37000002DF6D0064807F035FDFFF747FCF0E743
:10C38000C5C301001CA00100A4BE010004000001FF
:10C39000F000002038B508F049F92E4DD5F81431D9
:10C3A000002B52D00022002305F1F00007F054FDCD
:10C3B00000284AD10022002305F58A7007F0E0FC2E
:10C3C000044668B9244A2549254840F6AA4309F09D
:10C3D000F9FB84F31188BFF36F8F0323184602DF44
:10C3E000D5F808315BB11F4A1F4801210AF03BF81C
:10C3F000D5F80801F7F76CFD0023C5F80831204691
:10C400000AF090F9C5F808012046FFF73FFB034604
:10C41000C8B1164A144801210BF0CDFC144807F0AE
:10C42000E1FC2046F7F7B0FC124B0C2202FB003374
:10C43000588818B122461F21FFF732F92046F7F736
:10C4400047FDFFF7E3FBFFF7E1FBBDE8384008F0ED
:10C4500001B900BF000000209BC0010033BF0100F4
:10C46000E8C00100FDC301001CA0010001C20100E1
:10C47000F0000020504A002070B54FF0FF320D460A
:10C480004FF0FF3300210646FFF704F8044660B979
:10C490000A4A0B490B481A2309F094FB84F31188CC
:10C4A000BFF36F8F0323184602DF022104F10C0053
:10C4B0000AF04CF906704570204670BD39C5010080
:10C4C00033BF0100E8C00100F8B50A4DEF79064618
:10C4D0000024E3B29F4202D86FF0010007E0294632
:10C4E00030460BF0BAFC0735631C08B12046F8BD96
:10C4F0001C46EEE70000002070B51A4E06223146B9
:10C5000005460DF0E7FA38B34FF0FF304FF0FF313A
:10C51000FFF77EFA044608B3062229460C300AF0DB
:10C520001BF92146002242F20500FFF7C9FB044631
:10C5300048B110F10D0F04D10B4A0C4802210BF049
:10C5400094FC204670BD33462A6843F86929AA88BE
:10C55000B280012283F868200024F2E76FF06804BB
:10C56000EFE700BF690000206FC5010024A00100B3
:10C5700073B504460D4689B1174928460BF06DFC8A
:10C5800060B9164A2968C4EBC404A3181151AA88DB
:10C590009A80AA799A71002002B070BD6E4630462A
:10C5A0000BF0D4FB0028F7D13046FFF78DFF0028B1
:10C5B000F5DA0A4A0098B179C4EBC404A318105103
:10C5C000B08898809971002DE5D012592A609A8818
:10C5D000AA809B79AB71DEE71DCE01000000002030
:10C5E00070B5044629BB38B327490BF036FC18BB9D
:10C5F0002046FFF769FF002840DA23786BB9234A09
:10C60000D379002B3AD120681060A179A08891716C
:10C6100001219080D171184670BD012B04D1A379FE
:10C6200003F0C003C02B07D0194A1A4801210BF0B0
:10C630001CFC6FF01500EFE7144DEB79012B20D0B7
:10C64000BFF35B8FD5F8D430BFF35B8FDB0707D424
:10C65000002CEED00C4920460BF0FFFB0028E8D15F
:10C66000EE792146731C3046EB71FFF781FF08B964
:10C670003046D1E7EB79013BEB71CDE76FF0770006
:10C68000CAE76FF00B00C7E71DCE010000000020D5
:10C690007EC5010024A001002DE9F341044640B904
:10C6A0001A4A1B4802210BF0E0FB002002B0BDE853
:10C6B000F08101AA002141F20900FFF701FB0546C4
:10C6C00008B1144AEDE7019E1349D6F80C8008F131
:10C6D0000107062238460DF0FDF928B10F49062260
:10C6E00038460DF0F7F918B93046F7F7F1FBDCE7FB
:10C6F000D8F80130C4F80130BB88A4F805303046C2
:10C700002570F7F7E5FB0120D0E700BFACC50100BD
:10C7100024A00100C5C501002ACE010024CE0100DD
:10C7200007B56846FFF7B8FF044BD87118B16946E2
:10C730000020FFF71DFF03B05DF804FB00000020A0
:10C740002DE9F041304EF17988B0002954D196F8A6
:10C75000C24014F0010411D12C4A2D4802210BF0E3
:10C7600084FB0024F471162500240127F379E0B23C
:10C7700083422BD8002B3FD000203AE06A464FF688
:10C780000940FFF79DFA08B1224AE6E7DDF800C04C
:10C79000DCF80C5095F80180B8F1000F0ED0AB1CFE
:10C7A00002AA123518685968174603C70833AB4206
:10C7B0003A46F7D1186838609B88BB806046F7F727
:10C7C00087FBB8F1000FCDD1134AC6E708AB05FBD4
:10C7D0000033694653F8182C33F8143CCDF8012087
:10C7E000ADF805308DF80070FFF7C2FE0134002867
:10C7F000BCD008B0BDE8F0810021084608B0BDE813
:10C80000F041FFF7EDBE00BF00000020E3C50100CE
:10C8100024A001000FC601002FC6010038B5104D3D
:10C82000EB7913B10024204638BDFFF779FF0446A9
:10C8300028B10C4A0C4801210BF017FBF3E7EB7908
:10C84000002BEFD1FFF77CFF04460028F1D1681CD4
:10C85000FFF752FE04460028E5D0044AEAE700BF8D
:10C860000000002058C6010024A0010077C6010086
:10C8700070B5054686B00E464FF0FF304FF0FF31E1
:10C88000FFF7C6F80446A0B102210C3009F05EFFA4
:10C89000094A4670057003A9204600950523FFF755
:10C8A000A5F80022214642F20C00FFF709FA06B073
:10C8B00070BD6FF06800FAE7D400002008B50C4B9B
:10C8C0000246400903EB80000BF0FBFA02F01F0365
:10C8D00040FA03F313F0010006D122B905480BF02A
:10C8E000F0FA40F3C01008BD6FF07700FBE700BF1F
:10C8F000604A0020D40000200A4ABFF35B8F43093E
:10C9000002EB830200F01F0001238340DB4352E867
:10C91000000F184042E800010029F8D1BFF35B8FF7
:10C92000704700BF604A002030B587B05E480022E3
:10C93000002307F063F90446002840F092805B482A
:10C940005A4D0BF0BEFA10F0010346D02B1D93E8B0
:10C95000070006AB03E9070055480BF0B2FAC0F335
:10C96000401352480BF0ADFA044600286CD07BB15E
:10C970000C2250490DEB02000DF0ACF804460028E3
:10C980006CD000210846FFF773FF0446002865D1EC
:10C9900000239DF80C00ADF80930BDF80E30ADF85D
:10C9A0000530BDF81030ADF80730431E8DF8040097
:10C9B00058420DF1090158410BF076FA044600285F
:10C9C0004CD14FF0FF304FF0FF31FFF721F8054613
:10C9D000002849D16FF0680440E03548364A0BF032
:10C9E00070FA10F0800F0ED09089D1891269ADF8DD
:10C9F0000E004FF48074ADF80C40ADF81010ADF897
:10CA000012300592A8E72D4C2068616803AB03C380
:10CA1000A068186092F8D930180748BF052323484A
:10CA200048BF8DF80D300BF04CFA810706D5302346
:10CA3000ADF810306023ADF80E308DE71B480BF0D9
:10CA400040FA4207F3D487E743B10146FFF710FFEE
:10CA5000044618B9174B2861C3E90100124807F0D2
:10CA60003FF9204607B030BD072201A90C3009F07C
:10CA700073FE2246294642F20B00FFF721F90446D5
:10CA80000028EBD19DF80D10012001F00101FFF706
:10CA9000EFFE04460028E1D106AA12E90700054B83
:10CAA00083E80700DAE700BF7C4A0020604A0020E4
:10CAB000D4000020704A0020000000207CA101006A
:10CAC00010B54422002108480CF0FCFF064B03F18E
:10CAD0001C001C460CF0CDFB04F130000CF0C9FB2F
:10CAE000024B00221A6010BD604A0020AC4A0020B0
:10CAF000032838B5054603D1BDE83840FFF714BF19
:10CB0000FFF7DCFE0446C8B9BFF35B8F0C4B6A0924
:10CB100003EB820305F01F0101228A4053E8000F56
:10CB2000104343E800010029F8D1BFF35B8FFFF702
:10CB3000FBFE044610B12846FFF7DEFE204638BD56
:10CB4000604A00202DE9F04F00F10C0789B004463F
:10CB5000384609F033FE064660480BF0B2F900F0A3
:10CB600001035E4801930BF0ACF9C0F3800300931E
:10CB700016B909B0BDE8F08F019B13B9009B002BDB
:10CB8000F7D0238A082B07D8554A5648012109B007
:10CB9000BDE8F04F09F067BC0921384609F006FEF0
:10CBA000037A228A01339A420546EDD30123ADF878
:10CBB0001C307F238DF81630037A034400F1010AFC
:10CBC0005B7A8DF81530FF238DF814300023ADF813
:10CBD0001A3002788DF81720042A9CBF424B9B5CC8
:10CBE000ADF8183090F808903C480BF06AF903460D
:10CBF0003A480BF066F9DA0703D5BDF818305B0741
:10CC000064D450460BF0BBF80DF10808002849D059
:10CC1000514640460BF0A8F8344BD3F800A0BAF1C7
:10CC2000000F14D0E2686369B4F810B09DF91510D4
:10CC3000A4F81090A2EB030802A83B469DF8172029
:10CC4000D0476369A4F810B013FA88F3E36002AB2D
:10CC50000493274B1B68002B36D053F80889B8F192
:10CC6000000F01D0A8F108081A688AB1E16862696A
:10CC7000B4F810B0A4F81090A1EB020A1B68394672
:10CC800004A898476369A4F810B013FA8AF3E36024
:10CC9000B8F1000F18D0D8F8082002B1083A43467E
:10CCA0009046E1E76B78FF2B09D1124B1868029090
:10CCB0009A889B7988F80630A8F80420ACE751469A
:10CCC0000BF0D5F80346F1E700230493297A3846A0
:10CCD0000131013E09F062FDF6B249E7604A0020E9
:10CCE0009AC601002CA0010061CE0100AC4A0020D0
:10CCF000A44A00201DCE0100F8B5054622480BF0DD
:10CD0000E0F843070F463CD52A78012A03D96FF093
:10CD100015042046F8BD6B780F2BF8D86888031FE0
:10CD20009BB243F6FC74A342F1D8A9880B1F9BB2B7
:10CD3000A342ECD88842EAD37AB9144800220023EF
:10CD400006F05CFF04460028E3D1FFF7B7FD044678
:10CD500040B10E4806F0C4FFDBE70BF0A3F8002853
:10CD6000EBD1D4E728686968094E0A4B03C6A86866
:10CD7000306020461F60FFF7BBFE044606F124002A
:10CD8000E8E76FF00A04C4E7D4000020904A0020CE
:10CD9000644A0020AC4A0020024B002018600BF0CF
:10CDA00096B800BFAC4A002000F1070C2CF0030C31
:10CDB00010B4541E1860A4B2ACF80020023A93B22A
:10CDC00001FB04F24FF0000C40F802C074B103FB09
:10CDD000011403FB01F22044121B4FF6FF7C013BC0
:10CDE0009BB263458050A0EB0100F8D110BC7047A6
:10CDF0000346006810B102680AB91A60704700F172
:10CE0000070C2CF0030CD11DBCF800C021F003016D
:10CE10000CF1FF3CA1F800C0EFE700BF0B687BB14D
:10CE2000073323F003031A88013292B20346D1F884
:10CE300000C043F807CB23F003031A800860704753
:10CE40000122F3E7531E11449BB242B1DB43013888
:10CE5000CA1811F8013D00F8013F9142F9D170471D
:10CE6000014402E010F8013B1BB98842FAD10020CE
:10CE700070470120704700BF10600860704700BF16
:10CE8000D2F800C0CCF80000D2F800C0CCF80410F2
:10CE900010607047884203D01AB14368136070472E
:10CEA000002070470B68834209D02AB1586810608F
:10CEB0001A680A6018467047002BF9D1FAE7002378
:10CEC000F8E700BF2DE9F8430E4EDFF83C904FF035
:10CED00090080C2706F1200409EB08052A1D2946B5
:10CEE0002046083CFFF7C8FFB442A5F10C05F5D178
:10CEF000043F3B1DA8F13008A4F12006EAD1BDE8AB
:10CF0000F88300BF0C4B0020584B0020F8B50646B4
:10CF10001C460D4602B322786378D21A12F003023F
:10CF200029D1294F71004FEA450C3144AC448900A6
:10CF300001EB0C1101330431DBB27A186068237005
:10CF40002146FFF79DFF214B0122294630465A55C5
:10CF500003F002FD0020F8BD03F0E8FC0028DAD061
:10CF60002946304603F0D4FC637860B92278D21A9F
:10CF700012F00302D5D0012A03D00133DBB22370B3
:10CF8000E1E71046F8BD05EB450206EB46010E4F02
:10CF9000120102EB81023A447100907AD27A9042F7
:10CFA0004FEA450C05D02078C01A10F00302E2D1F8
:10CFB000BBE72278D21A920702D00233DBB2237089
:10CFC000D4E902039847C5E7344B0020B04A00205B
:10CFD0002DE9F04FDFF8609119F8003089B0002B8F
:10CFE00059D0DFF858A1C0EB00134FF0000B00EB55
:10CFF00040079B000324CDE904BB09F800B00AEB0D
:10D000000717039302948346B8460023B96A58F879
:10D01000240F079307AAFFF73DFF044607AAB4B100
:10D02000079D2E786978761A06F00306012E35D012
:10D030002B78591A01F003010129DBB23DD1D7E960
:10D040000901FFF727FF044607AA002CE8D197F84B
:10D050002E3097F82F209A4203D087F82F300123E3
:10D06000049397F82C3097F82D209A4203D087F834
:10D070002D3001230593029B5D1EEBB2FF2B029323
:10D08000A7F10C07C0D10499D846DDF814B011B14E
:10D09000BBF1000F45D009B0BDE8F08F01396970D0
:10D0A000079BD3E902029047079D2A786978D3B29B
:10D0B000521A02F00302012A21D0B86A0193002219
:10D0C0004146FFF7EFFE6C60019B6A786B702B782E
:10D0D0009B1A03F00303012B08D0D7E9090107AA23
:10D0E000FFF7D8FE012E044698D10EE0039B6A702C
:10D0F0001A1D294620465244FFF7C2FEEDE7D7E944
:10D10000090107AAFFF7C6FE0446029B8BB1012363
:10D110005946584609F80B3003F01EFC09B0BDE82B
:10D12000F08F5A464146404609B0BDE8F04F03F043
:10D13000E3BB002C8BD0EAE7B04A0020344B002040
:10D14000A2EB010C1CF4000F10B4836844690AD1EF
:10D150002CF07F4C6344A3420DD8E41A00234461B1
:10D16000836010BC7047891A21F07F418B4208D937
:10D170005B1AA342F1D91B1B00244461836010BCDD
:10D1800070470C44E41AE9E72DE9F04F87B00346F5
:10D19000427A019000685C680290002A00F0E78003
:10D1A000531EDBB204EBC303884603932C2705947C
:10D1B000039B5A685E780492B8F1FF0F55D0029B2A
:10D1C000CDF8008007FB08FA03EB0A0413F80A8085
:10D1D0000025019B4FF0FF0984F80090D3F800E090
:10D1E000197E0EEB0A0B4945DBF808300ED1B8E08A
:10D1F0009B1A05D1BBF81EA0BCF81EC0E24572D830
:10D200001EF80020FF2A89465DD0114607FB01F079
:10D210000EEB000CDCF808209A42E9D9B9F1FF0FB7
:10D22000CBF808308BF8001057D1DDE900200276EA
:10D2300007FB01EEDEF80820D21ACEF80820A3780A
:10D2400001336370002DB7D06B6A00202870A8707E
:10D250000BB1A96A98476368002BADD16B6A236252
:10D26000AB6A6362B8F1FF0FA9D1039BDDF81090A0
:10D27000987807FB06F3721CB04209EB0305D6B29F
:10D28000039A66D0117819F80320B14208BF00262E
:10D29000042AEED16A78029907FB02FA01EB0A042C
:10D2A0004FF0000C6078A17888421ED009F803C0C6
:10D2B0006B6A4FF001020120AA700BB1A96A98476E
:10D2C000039B9878D5E707FB01F1CBF80830009B6A
:10D2D0008BF800200EF80130B1E707FB09F9009A3E
:10D2E0000EF80920A4E7134698E70092019AAB8A4A
:10D2F00051694FF6FE72934207D04FF6FF729B1AA8
:10D30000B3FA83F35B0984F82830EB6863602B6918
:10D3100023624FF00009C4F82490AB8A4FF6FD72E7
:10D32000934288BF4B46A383AB69A361EB69E3607B
:10D330002B6A2361AB68A360C4F814906A68204626
:10D34000FFF7FEFEE378A4F81E9043F00103E370BC
:10D350003FE7059950709142A2F1080307D003936B
:10D3600026E7DDE900320EF80A10137667E707B00A
:10D37000BDE8F08F2DE9F04F447E01238DB0837618
:10D38000002C40F0AE80037EFF2B804600F0A8808A
:10D3900002F04AFFD8F81420D8F81C3098F818701A
:10D3A000D8F80090801A20F07F46B34294BF002343
:10D3B0000123FF2F0393A24671D04FF02C0B04944E
:10D3C0002DE0039B23B9D8F81C30534540F28E80E2
:10D3D000E278E38B22F001020133E27094F8282016
:10D3E0009BB2E383002A7FD0A28B9A427CD2A570A5
:10D3F000E56895B123696069626A0193E37803F097
:10D4000001030093D8F81430AAEB0000184420F070
:10D410007F404FF6FF730021A847FF2F3ED00BFB44
:10D4200007F709EB0704A368B34237D8A27819F8C5
:10D430000770F61A9A4463789B1ADBB2012BECD181
:10D44000A3690293013AD5B2002BBAD1A570E56861
:10D45000002DE2D0E18B6069D8F81430626AAAEB43
:10D460000000184420F07F400B4621690191E178CB
:10D4700001F0010100910021A847DDE90223002A03
:10D4800018BF43F0010303934FF00003E383E378F5
:10D49000002262F30003FF2FE370C0D1049C98F8D0
:10D4A0000B3098F80A209A4208D10132D2B2022AEF
:10D4B0001ABF14462346002388F80B4008EB830369
:10D4C0000022C3F80CA0D8F8244088F81A2043465C
:10D4D000012204210320A4460DB0BDE8F04F6047AF
:10D4E00084760DB0BDE8F08FA57096E7FF2F60D071
:10D4F000E18BA28B6068DDF808C0089791422ABFD3
:10D500008B1A0B469BB203FB0003CDE90A1205936D
:10D51000CDE9066A3B464FF0000E0995014622E030
:10D52000002E37D0002937D0A5EB070A1FFA8AFA58
:10D53000AF4214D8059D301A06FB0A0085422CBF65
:10D5400000250125D278E07802F0010700F00106FD
:10D55000B7423ED84240D20701D4002D39D119F844
:10D560000330FF2B1AD02C2202FB03F309EB03023A
:10D5700090688644E64511D89569002DEFD0D58B8B
:10D58000978B5668AF42CBD9002EE8D00029E6D061
:10D59000AA46CDE73546D5E70D46D3E7DDE9087560
:10D5A000A570E5680A99DDE9066A002D3FF437AFFA
:10D5B00051E7A570E568002D3FF470AF6369626ABA
:10D5C000E18BAAEB0300D8F81430184420F07F4018
:10D5D0004AE7DDE90A124B1CE17821F00101E17014
:10D5E00094F828109BB2DDE9066ADDE90875E3834B
:10D5F00000297FF4FAAEA57011E700BF2DE9F04FC6
:10D600008BB0837E0090002B40F0238190F819901E
:10D61000B9F1000F6CD10098837AC27A012141766A
:10D620009A424169059100F032820133DBB2022B4C
:10D63000009912BF1A464A464B4601EB82028B7292
:10D64000D268059B0292134423F07F434B6101246F
:10D65000009D2B7E069302F0E7FD6A7A2B6801930A
:10D66000531ED5F804800490DBB2002A00F0F68047
:10D67000CDE9079408EBC3052C27CDF80C80D5F82D
:10D680000480EE78AC78611C07FB04F3A642C9B2B3
:10D6900008EB03025BD02878884208BF0021A970FC
:10D6A00018F80300042839D908282BD8019956788E
:10D6B00007FB061C9CF802E09CF80110A1EB0E0190
:10D6C00011F0FF012CD106281CD10099C97EB1426E
:10D6D00000F0A8804FF0000108F80310536A917021
:10D6E000002BCED0916A00209847EE78AC78CAE73C
:10D6F000446A0421034601220420A4460BB0BDE87D
:10D70000F04F60474FF0000108F80310536A012002
:10D710009070002BB5D0916A9847B2E70C46B2E7FB
:10D72000052876D1506848B9906838B9D06828B9CA
:10D73000106918B9506930F07F40E3D001290FD04B
:10D74000009B04215E6A01220846B047AC70039A30
:10D750009542A5F108037FD01D4690E70628B4D076
:10D76000009991F818B00C68BBF1FF0F5CD05946D6
:10D770004FF00009B24606E0205CB668FF288B46F1
:10D78000B14451D0014607FB01F08A4504EB000685
:10D79000F2D1314656465E458A4602D1009E215C52
:10D7A0003176215CDAF8080007FB0BFBFF2904F84F
:10D7B0000B1004D007FB0144A1680144A1609CF850
:10D7C00002E048440099CCF808008CF801E0C87EDB
:10D7D000517888427FF47EAF18F80310062921D0D3
:10D7E0000098FF21C17618F8031006291AD00829DD
:10D7F00018D0049C00994869211A0E0216D4029888
:10D8000021F07F410144009CE069884288BFE161CA
:10D8100060E70129A2D0062892D10099C97EB142C1
:10D820007FF458AF5468E5E70020CBE70299001B6E
:10D8300020F07F4081428CBF091A0021E3E74FF0BE
:10D840000109009A00235376937E59EA030340F0BE
:10D85000E1800BB0BDE8F08FDDE90794009B1F7EEF
:10D86000002C00F0A580DDE904329B1A23F07F4BE9
:10D87000009BFF2FD3F8008000F04F810026FF228D
:10D88000CDF810900196C146DFF894A2DDF808802B
:10D8900003923D4607971E4604E0A3786370357EE9
:10D8A000FF2D7DD02C2303FB05F709EB0704A368AC
:10D8B000434500F28E80019AA178B4F81EC01A4444
:10D8C00001926278521AF1698B42A8EB0308ABEB24
:10D8D000030B31BFC91A4FF0FF330021F376F1611A
:10D8E000A369D2B20BB1022A14D00023A36019F8A5
:10D8F000073033766068C8B9002ACED0012A02D03A
:10D90000BCF1000FC9D0236A002BC6D0616A012088
:10D910009847C2E7BCF1000F00F081800023A360AC
:10D9200019F80730337660680028ECD0E38B029357
:10D93000002B39D1A38B02931946D4E908E30022C6
:10D94000DFF8E0C173449C44D44501F1FF31024447
:10D9500006D8A3F1E873A3F5D433A3F5A573013278
:10D96000B1F1FF3FECD194F828106362002900F078
:10D970009280029BA260E383019A059B71699A18C9
:10D9800022F07F422046FFF7DBFB039B09F80730BC
:10D99000637803950133DBB26370357EFF2D81D14F
:10D9A000DDF81090079F1CE0A37863700021C4E7A6
:10D9B000FF210098FFF7E8FB009B069A1B7E93422D
:10D9C00018D1974216D1009A00235376937E0BBB51
:10D9D0003FE742469B1AA360009BDDF81090079F2B
:10D9E0001D7E069B0399AB42E3D0009C2046FFF7C7
:10D9F000CBFB237EFF2B7FD0069AFF2A6FD0DDF86A
:10DA00000080D8F800202C2101FB0322976897B9E9
:10DA1000009B5F76009B01225C6A03216CE6F36148
:10DA2000F576C4F808C019F8073033766068002826
:10DA30003FF433AF7AE702F0F7FB0A260446D8F842
:10DA40001430E21A22F07F42974206F1FF3602F1CB
:10DA500003017FF6F4AEB9422CBF5B18DB1923F04B
:10DA60007F452846D8F82830984702F0DDFB031B95
:10DA70002D1B23F07F43023325F07F45AB427FF619
:10DA8000E0AE0EB10446DAE700DE0446D7E74C46C6
:10DA9000CDF80890DCE593457FF66BAFCDE90894AF
:10DAA0008C4620491E4C734403EB01090CF1010C18
:10DAB000A14502441FFA8CFC06D8A3F1E873A3F534
:10DAC000D4330132A3F5A5739345EBD80299DDE970
:10DAD00008948C4463621FFA8CF3029349E702F0C6
:10DAE000A3FB044602F07CFB18B9009A137E546134
:10DAF00085E7009B1B7E82E702F082FB044600283C
:10DB00007FF461AF009DE86102F08EFB6C76686186
:10DB1000AB7E002B3FF49DAE7CE73D46039760E76C
:10DB2000592B177F5A2B17FFF8B5069E9DF81C40FE
:10DB3000089DB0B9144F3A605A1E39727B727E60EC
:10DB4000D2B26BB106EBC2032C205D60194613F80C
:10DB500008298E42A4EB020400FB0255E4B2F4D182
:10DB60000CB10120F8BD099B3B620A9B7B62FF253B
:10DB70000B9BBB623D7602F057FB7C817861FD76A2
:10DB8000FC612046F8BD00BFF44B002040B9064BB5
:10DB90001A7EFF2A01D1187270476FF00F0070478C
:10DBA0006FF01500704700BFF44B002010B4074B16
:10DBB0002C2202FB00335C6A2CB1A446012210BC6B
:10DBC00003210220604710BC704700BFF44B0020C7
:10DBD0002DE9F843244F2C2606FB007788467C6805
:10DBE000BDF8301014F8380004EBC80E1D469EF83E
:10DBF00003409EF8013004F1010C5FFA8CFC604593
:10DC000098BF4FF0000C63452AD006FB04F4DEF801
:10DC10000460089B4FF0040906F804903444A360A4
:10DC20000A9BE3600B9B23610D9BA3610E9BE36149
:10DC30000F9B2362109B6362119BA362022362709D
:10DC40006560A182A3708EF803C0D7E9083540460D
:10DC500098473B4649460022A847A078BDE8F8838C
:10DC60000120BDE8F88300BFF44B002010B58AB056
:10DC70000C9C00940D9C0294002401940E9C03942F
:10DC8000BDF83C400494109C0594119C0694129C91
:10DC90000794139C0894149C0994FFF799FF0AB009
:10DCA00010BD00BFF8B5184E2C2707FB006674683E
:10DCB00004EBC10014F8315090F803E044780EF101
:10DCC000010C5FFA8CFC654598BF4FF0000C644571
:10DCD00018D0446807FB0EFE072504F80E50744464
:10DCE0006362069BA36202236270A37080F803C084
:10DCF000336A756A08469847334600220421A847CC
:10DD0000A078F8BD0120F8BDF44B002002F08CBAD9
:10DD1000401A20F07F40704780200021704700BFEC
:10DD2000002303700B70704738B5054600200C4681
:10DD300001F0F2FA10F0060F0ED13DB9074B44B1D5
:10DD400020681860A2889A80002038BD044B002CFF
:10DD5000F6D11C609C80F7E70C2038BD284C0020D1
:10DD6000204C0020012804D808B903487047034814
:10DD700070470020704700BF284C0020204C002036
:10DD8000012809D830B9064B186808609A888A803B
:10DD900018467047034BF7E700231846704700BF4B
:10DDA000284C0020204C002010B5044601F01AFD3C
:10DDB00038B902F06DF948B92046BDE8104006F0C8
:10DDC00011B800DE02F064F90028F5D000DE20462C
:10DDD000BDE8104006F006B80860014806F002B839
:10DDE000604F002005F0FEBF2DE9F041DFF86480B0
:10DDF000B8F80050FE2D25D815F0FF0520D0164F9D
:10DE00007C7D3B7D15480134E4B2052C08BF00241D
:10DE10009C4215D0FEF7ECFF0646114886B1FEF78E
:10DE2000E7FF88B106607B7D47F82300B8F8003033
:10DE30007C75013D013B15F0FF05A8F80030E0D1ED
:10DE4000BDE8F081FF25DAE730460449BDE8F0413E
:10DE5000FEF7E4BF644C0020B04D0020684C002069
:10DE60009C4C0020F0B5324D324E83B0D5E9000114
:10DE700001AAFFF70FF8044698B1019F002F4FD079
:10DE80003B79022B20D00ED9052B0ED02D2B0CD098
:10DE900000DED5E9000101AAFEF7FCFF04460028D8
:10DEA000EBD103B0F0BD012BF2D129466868002206
:10DEB000FEF7F8FF204A39462046FEF7E1FF1F4BE8
:10DEC000186805F08FFFD1E7002268682946FEF741
:10DED000E9FFBA6832B11378002B26D01378013BE2
:10DEE000DBB213703B7B03B100DE00233B73737D19
:10DEF000317D0133DBB2052B08BF0023994212D0DC
:10DF00003C60717D46F821707375002AAED013789D
:10DF1000002BABD19368002BA8D0D0689847A5E719
:10DF200000DE019FACE700DEEFE700DED6E700BFD2
:10DF30005C4C0020404E0020584C00205C4F0020DC
:10DF40002DE9F8432E4B2F4F0422981814214FF03F
:10DF50000008A7F81480FEF727FF2B4B04220821A6
:10DF60009818FEF721FF97F814907C7D0426013461
:10DF7000E4B2052C08BF0024A145234813D0FEF7C6
:10DF800037FF05461E4875B1FEF732FF002831D035
:10DF9000C5F8048005607B7D47F82300013E16F03C
:10DFA000FF067C75E3D1194B042298184421FEF733
:10DFB000FBFE174B0622181D0821FEF7F5FE14483C
:10DFC000FEF716FF90B1134A111FFEF755FF1048D8
:10DFD000FEF70EFF60B1104A111FFEF74DFF0F4B09
:10DFE00004221A80BDE8F843FFF7FEBE00DEEAE730
:10DFF00000DEF0E704492846FEF710FFD3E700BF34
:10E00000EC4D0020404E0020C84D00209C4C0020CC
:10E01000684C0020604C0020584C0020644C0020CC
:10E0200030B51E4B1E4C87B0186002F0CBF8237839
:10E0300063B31C4A1C4D1D4C1D49CDE904251D4AE6
:10E040000220CDE9022404230C24CDE900141A4A4D
:10E05000087408760B700B7200200321FFF764FD33
:10E06000C8B90122002115480BF0E7F901F06AFB5D
:10E0700008B107B030BDFFF763FF02F007F80028D2
:10E08000F7D107B0BDE8304001F098B8FEF71AFFAD
:10E0900001232370CDE700DEE3E700BF5C4F0020E3
:10E0A000625D0020A5090100450A01008509010003
:10E0B00088510020784F0020A8510020604F002098
:10E0C00030B587B001F07CF820BB144A144B002413
:10E0D000A2F800419C820122214668460BF0ADF96E
:10E0E000104B2246214603206D46C3F808D0FEF7A8
:10E0F0000DFF88B94FF0FF324FF0FF33284605F08F
:10E10000ABFEFFF71DFF0021012007B0BDE8304046
:10E11000FFF70ABE00DED8E700DEEBE7584E00202E
:10E12000B04D00207802002008B5FFF7C9FF01F0CC
:10E130003FFB00B108BDBDE80840FFF727BD00BFA9
:10E1400010B50022074B82B00260044601AAD3E951
:10E150000001FEF79FFE08B1019B2360002002B082
:10E1600010BD00BF544C002000B50C4983B0002303
:10E170004868019301AAFEF795FE60B10849FEF7D1
:10E180004DFE019B1B79052B02D02D2B00D000DE0C
:10E1900003B05DF804FB00DEF0E700BF544C002044
:10E1A000684C002070B5046806465CB1104D2046EE
:10E1B00024680379052B0CD02D2B0AD043B100DE47
:10E1C000002CF4D100233360BDE87040FFF70CBE93
:10E1D00000DE2B88032B07D8013306492B80FEF77E
:10E1E0001DFE002CE3D1EDE700DE2B88F4E700BF35
:10E1F000644C00209C4C0020022810B50C4602D034
:10E200000B68022B07D004484FF0FF324FF0FF336A
:10E2100005F022FE206810BD604F002070B5056833
:10E220002B7886B0EBB104460122002168460BF042
:10E2300004F90D4B6E46C5E902362B788BB10B4BBA
:10E240000022114603209C60FEF760FE38B94FF4AF
:10E2500000420023304605F0FFFD06B070BD00DE31
:10E26000F5E76FF07700F8E7E5DD000068020020D1
:10E27000F0B5244E336885B00C461746002B36D0D7
:10E28000994215D10223039303AB02460093032165
:10E290001D4B0020FFF706FD022805460CD0039B0E
:10E2A000022B09D195B133680BB19C4221D014B334
:10E2B0006FF02D0005B0F0BD14484FF0FF324FF065
:10E2C000FF3305F0C9FD039D002DECD13846FFF763
:10E2D000A5FF33680BB19C4210D0002CE8D1002878
:10E2E000E8D010F1780F08BF002005B0F0BD316014
:10E2F000C8E7002333606FF07700DBE73560002864
:10E30000D8D0EEE7504C0020D9DD0000604F00204F
:10E310000B490A7D4B7D9A420AD8A3EB020C5FFAA7
:10E320008CFC604509D89A4207D051F8220070470A
:10E3300005339B1ADBB29842F7D90020704700BF23
:10E34000B04D0020074A117D537D8B4208D04B1CF5
:10E35000DBB2052B08BF002352F82100137570476C
:10E3600000207047B04D002010B5054AFEF788FD2B
:10E370000122BDE81040034B11460020FEF7C6BD48
:10E38000604C0020580200202DE9F0431A4D9DF802
:10E390001C8095F801C10CF1010E5FFA8EFEBEF1F2
:10E3A000080F994695F8003108BF4FF0000E7345ED
:10E3B0001DD0144605EB4C1CE36807460E4610685A
:10E3C0005168926864460FC49CF81C30CCF8186001
:10E3D00008F0010823F0030343EA0803CCE904979B
:10E3E0008CF81C3085F801E16046BDE8F0834FF001
:10E3F000000C6046BDE8F083584E0020054890F8B8
:10E40000003190F801219A4214BF00EB4310002024
:10E41000704700BF584E002001460B480A7890F81C
:10E420000131072A84BF90F800210A70934208D076
:10E43000531CDBB2082B08BF002300EB42100B700B
:10E4400070470020704700BF584E00202DE9F04F64
:10E450003D4E96F8003196F8012187B09A4202901D
:10E460003ED04FF00008CDE9048806EB43130A24A0
:10E47000CDF80C80C346C2461D7FD3F80090DF68FC
:10E48000C5F3400205F00105002C4DD0013CE4B27B
:10E490004AB396F8011196F80031994220D0013321
:10E4A000DBB2082B08BF0023994286F8003117D051
:10E4B000590106EB4313002ADED1D86805BBBAF137
:10E4C000000F33D0BBF1000F36D01A7F9707D3D19E
:10E4D0005045725834D05845CED105998A42CBD197
:10E4E00007B0BDE8F08F194902988B600B461146C2
:10E4F0000192FEF70BFD019A0028CAD000DEC8E7A2
:10E50000039ABAB1B8F1000F08BFB8461A7F950751
:10E51000B2D4D207DCD5BBF1000FADD1039A824251
:10E52000DED08045A8D1DBE700DEAFE7BA46CDF804
:10E530001090EBE70397E9E7BB46CDF81490E5E7C9
:10E5400004998A42C7D1CBE7584E002048020020E8
:10E5500070B5114A117D537D8B421BD04B1CDBB231
:10E5600052F82140052B08BF0023137584B1022304
:10E57000054600262068094A237121462660A560C9
:10E58000FEF77EFC0122064B11463046FEF7BEFC2C
:10E59000204670BD0024FBE7404E0020604C002068
:10E5A0005802002010B582B00024049B93F80AC0E2
:10E5B0002CF0020C83F80AC0CDE9004401F010FAF7
:10E5C00002B010BD10B50346007F1A699969012495
:10E5D00082B02040CDE90004586901F001FA08B981
:10E5E00002B010BD7730FBD000DEF9E730B50B8A02
:10E5F00083B0002B37D0054601F10C000C4608F023
:10E60000DDF80128034626D1002301A92046019305
:10E6100000F066FA0146C0B1C36828691A78042A76
:10E6200005D003682846984720B103B030BD5B7819
:10E63000052BF6D1019D45B1284600F079FD034632
:10E6400001990C486B710AF0E3FE2046F5F740FC97
:10E65000002003B030BD084A0848012107F00CFF34
:10E660006FF01500E1E7064A0448012107F0FBFEC0
:10E67000F6E700BF30520020D0A601000CA0010038
:10E68000BCA6010010B50469FFF74EFD40B905486E
:10E69000F5F726F90448F5F723F90020206010BDAE
:10E6A00000DEF4E7F00D0020A80E00202DE9F04177
:10E6B000076982B006464FF000082A484FF0FF3243
:10E6C0004FF0FF3305F05CFB0028F6D090F90530E1
:10E6D00001905A1E032A2ED8022B34D04FF0FF325D
:10E6E0004FF0FF330220FCF7BDFE04460198002CDA
:10E6F00033D0214600F04EFC019B01A8C3F80080F6
:10E70000FFF750FD204608F00DF805462146002091
:10E7100008F00CF82B8A012B04462946304606D90E
:10E720003B68984705F0C8FF002CEBD1C5E72846A9
:10E73000F5F7CEFBF6E700DE019B01A8C3F80080E9
:10E74000FFF730FDB9E70022002301210020FCF78C
:10E75000A1FE04460198002CCBD1046001A8FFF76C
:10E7600021FDAAE73052002010B582B00DF1020160
:10E7700001A8FFF7E5FC0028F8D1019B6BB1FFF77A
:10E78000F3FC019C204600F0D3FC0199607107481E
:10E790000AF03EFE019B002BE8D14FF0FF324FF014
:10E7A000FF33034805F058FBE0E700BF305200207C
:10E7B0004C520020F0B50546076989B00E46244842
:10E7C0000AF0E6FD4FF0FF32002122480AF035FE44
:10E7D0002048FFF725FC044600282FD13E6000F0BA
:10E7E000AFFC002600276FF00903CDE90334CDE923
:10E7F0000667CDE90144184B184900954FF4E072C3
:10E80000174805F05BFD1749154805F0D1FC6FF07E
:10E810000702CDE90324CDE90667CDE90144124B97
:10E82000124900954FF46072114805F047FD1149F7
:10E830000F4805F0BDFC204609B0F0BD0E4A0F4858
:10E840002346012107F018FE204609B0F0BD00BFA5
:10E85000305200204C52002069E7000080AE0020BA
:10E86000F00D002004A70100ADE6000080B00020FC
:10E87000A80E002014A70100E4A601000CA00100CE
:10E8800008B505F0D3FE05480AF08FFD03480AF0ED
:10E890007FFDBDE8084005F0DDBE00BF305200201E
:10E8A0002DE9F047DFF8C4A0DAF80090B9F1000FC5
:10E8B00033DB80460F46164643D02D4C00250622FA
:10E8C000214630460BF006F918B914F8013CBB425A
:10E8D00026D00135A94504F10804F0D12548264980
:10E8E00003683568DA00541CB9F10F0F0D510C4460
:10E8F000B588A5800A4401F83370D4BF09F101033B
:10E9000001334FF00101D8BFCAF8003001FA08F115
:10E91000102BD17108BF002303600020BDE8F087F1
:10E92000154B03EBC503DA7922FA08F1C90702D5C2
:10E930000120BDE8F087012101FA08F10A43DA71EC
:10E94000EBE70C48146805680B49EB005A1C8C5027
:10E950005418CA18B388A380012303FA08F801F8F1
:10E96000357082F80780CAF80030D5E76852002079
:10E970006D520020645200206C520020F0B5013826
:10E9800087B01446092806D8DFE800F009283E05BC
:10E990000550056281946FF0150007B0F0BD4E4B35
:10E9A0000D21188809F035FA0D2120600C3007F090
:10E9B000CDFE4FF4806200234FF002140421A0F832
:10E9C000052001220370C0F80140C1710372427238
:10E9D0008372C3720373002007B0F0BD3E4B412128
:10E9E000188809F016FA412120600C3007F0AEFEBD
:10E9F000002104463E2200F8031B0BF063F840F2AE
:10EA0000A733A4F80130E6E7334B0921188809F051
:10EA100000FA092120600C3007F098FE034600221E
:10EA200003F8012BC0F801205A60D4E7C968002020
:10EA3000FFF77AF9284B0121188809F0EAF901213A
:10EA400005460C3007F082FE002303702560C2E704
:10EA5000224E214F0FCE01AD0FC5336838882B7081
:10EA6000122109F0D6F9122120600C3007F06EFE59
:10EA70000446002301AE04F8013B84460FCE2D78F6
:10EA8000CCF801006160A260E3602574A3E7124B3B
:10EA90001821188809F0BDF9182120600C3007F002
:10EAA00055FE00230446012100F8023B01F010FB53
:10EAB000607090E7084B2121188809F0AAF92121FC
:10EAC00020600C3007F042FE0146002301F8113BA4
:10EAD000013001F04DFB7EE7B455002048A701004E
:10EAE000F0B5038A89B00026022B039638D9054673
:10EAF00003210C3007F05AFE2A8A83789A42C0F02C
:10EB0000ED800388DB4FC3F38522082A98B23B804F
:10EB1000C3F309042DD012D8032A00F0C780042AB9
:10EB200018D1631E082B15D8DFE813F01E01FF0073
:10EB3000ED0014001400140014001400DE003F2A3D
:10EB400008D103AA29462046FFF718FF163040F0E7
:10EB500014823888012109B0BDE8F04009F06BB992
:10EB6000C54AC648012107F07EFC0025284609B0A9
:10EB7000F0BD631E4A2BEDD801A252F823F000BF6E
:10EB800091ED0000FBED0000B3ED000055EB00003F
:10EB90002DEF000055EB000055EB000055EB000099
:10EBA00055EB000055EB00000FEF0000D3EE000026
:10EBB00055EB000055EB000055EB000055EB000055
:10EBC00055EB000055EB000055EB000055EB000045
:10EBD00055EB000055EB000099EE000057EE0000E9
:10EBE00055EB000055EB000055EB00003BEE00003C
:10EBF00055EB000055EB000055EB000055EB000015
:10EC000055EB000055EB000055EB000055EB000004
:10EC100055EB000055EB000055EB000055EB0000F4
:10EC200055EB000055EB000055EB000055EB0000E4
:10EC300055EB000055EB000055EB000055EB0000D4
:10EC400055EB000055EB000055EB000055EB0000C4
:10EC500055EB000055EB000055EB000055EB0000B4
:10EC600055EB000055EB000055EB000055EB0000A4
:10EC700055EB000055EB000055EB000055EB000094
:10EC800055EB000055EB000055EB000055EB000084
:10EC900055EB000055EB000055EB000055EB000074
:10ECA00055EB000055EB00001BEE0000032C00F0BC
:10ECB0004581632C08D0012C7FF44CAFEA68704B7F
:10ECC0001168526819605A60012109F0A2F8012107
:10ECD00005460C3007F03AFD067047E7694A674879
:10ECE000012107F0C0FB40E7072109F092F8072156
:10ECF00005460C3007F02AFD0146002001F8010B03
:10ED0000FFF73EF832E7092109F083F809210546AB
:10ED10000C3007F01BFD0346002203F8012B602195
:10ED2000C0F801205A60417120E7412109F071F8D3
:10ED3000412105460C3007F009FD00210446402220
:10ED400000F8011B0AF0BEFEC022A2714FF40A7245
:10ED500004234D49A4F80F208022E372E375C4F820
:10ED60001A1084F8272001E7092109F052F8092137
:10ED700005460C3007F0EAFC4FF450610023434A8B
:10ED800001800D218370C3700171C0F80520EDE68C
:10ED9000EA683F4B1168196052685A60012109F016
:10EDA00038F8012105460C3007F0D0FC0023037031
:10EDB000DCE6092109F02DF8092105460C3007F0A1
:10EDC000C5FC0346002403F8014BC0F801405C6019
:10EDD0000646FEF7A1FF234661F30703C1F30722AE
:10EDE00062F30F23090C61F31743090A61F31F63F0
:10EDF000C6F80100C6F80530B8E6042109F009F8A4
:10EE0000042105460C3007F0A1FC00231B2103223E
:10EE1000037041708370C270A8E6032108F0F9FF07
:10EE2000032105460C3007F091FC0146002301F850
:10EE3000023B0130FEF774FF98E6092108F0E9FF74
:10EE4000092105460C3007F081FC0023114A0260BD
:10EE5000436003728AE6092108F0DBFF09210546B9
:10EE60000C3007F073FC002300F8013B082100F090
:10EE7000AFFC7BE6B45500205CA7010004A00100B4
:10EE80004001002074A70100170CC008F105FFFF26
:10EE90003801002000303300E868002304AA00F1A4
:10EEA000100101F021FE3888112108F0B2FF112174
:10EEB00005460C3007F04AFC0646002306F8013BE5
:10EEC00004AC07460FCCC7F801007160B260F36074
:10EED0004CE6EB681878002851D05B78002B4ED0B8
:10EEE000284A00231360284A136000F0DBF9044627
:10EEF0000C2838884FF0010108BF002408F089FF72
:10EF0000012105460C3007F021FC04702EE6EC6868
:10EF1000B4F801106379B4F803202078A479009440
:10EF2000F1F7FAFB012104463888E7E7E968012098
:10EF3000FEF7FAFE012104463888DFE7124A134B38
:10EF40004FF0FF3111604FF0FF3041F6FF71C3E920
:10EF500000010F4B1F200021C3E90001FFF7B0F8AB
:10EF60003888012108F055FF012105460C3007F0D3
:10EF7000EDFB0670FFF784FCF8E5039DF6E54FF026
:10EF8000FF33B0E7645200206852002040010020A7
:10EF9000380100200379032B00D17047052B01D0E5
:10EFA00000DE70472DE9F04F5E4B5F4A04460D4688
:10EFB00093E8030083B05368ADF804100A0C8DF891
:10EFC0000620227E0090524256B2627ED10703F0A4
:10EFD00000535AD41BB1554B1B689B0702D403B096
:10EFE000BDE8F08F207F04F11E08C0F38011424677
:10EFF00000F00F00FFF754FC0028F0D1237F03F04E
:10F000000F03012B00F08380637FA3F1060A03F155
:10F01000060B5FFA8AFA05335FFA8BFB5FFA83F916
:10F0200057460C350221284607F090FB3E2303701B
:10F0300080F801B00121284607F088FB0346022230
:10F040001A704946284607F081FB01230370237F8D
:10F0500003F00F036B4404F124011B784370237FFA
:10F06000C3F380138370D4F81E30C0F80330B8F8AF
:10F070000430A0F8073000F10A0380F809A03A46EE
:10F0800018460AF011FDC655A9E7002BA7D0274B5B
:10F090001B685A05A3D5207F00F00F03012B3DD13B
:10F0A00004F11E07C0F380113A4600F00F00FFF78D
:10F0B000F7FB002893D10C350221284607F046FBC8
:10F0C00041F23E2303800121284607F03FFB03461F
:10F0D0000B221A702846112107F038FB40F2011369
:10F0E0000380237FC3F380138370D4F81E30C0F8ED
:10F0F0000330638CA0F80730237FC3F3C01343723F
:10F10000636AC0F80A30238DC381067467E7074637
:10F110004FF00B094FF00C0B824682E700DE207F98
:10F12000BEE700BF74A101004001002038010020AB
:10F130000079A0F10500B0FA80F040094000704766
:10F140000849094A094B4FF0FF3008604FF0FF3083
:10F1500041F6FF71C2E900011F200021C3E900014F
:10F16000FFF78EBB685200204001002038010020CC
:10F1700038B5059D9DF810C02C4614F8101B0131C0
:10F18000C9B2297099B10B49C1E90002887A0B8193
:10F19000094BCC606CF3000000228872996001205A
:10F1A0001146FDF7B3FE00B938BD00DE38BD00DE04
:10F1B000E9E700BF600F00208802002000207047B0
:10F1C00070B51B4E00241B4A0220A2F11001A4B905
:10F1D00096F8284014F001040FD0FFF749F80546CF
:10F1E00068B996F82830134A60F3000386F828308F
:10F1F0000220A2F11001002CEAD0002070BD10F115
:10F20000780FFAD040F291230B4A0C490C4806F0D3
:10F21000D9FC0C482A46002106F0D4FC002383F3D5
:10F220001188BFF36F8F0323184602DFCBE700BFBF
:10F23000700F0020800F0020A0A70100E0A70100B0
:10F24000F8A7010018A8010038B50546023001F101
:10F250001002C0B2FFF70CF8044600B938BD10F137
:10F26000780F01D10C2038BD40F29123094A0A4998
:10F270000A4806F0A7FC0A482246294606F0A2FCE6
:10F28000002383F31188BFF36F8F0323184602DF37
:10F290000C20E8E7A0A70100E0A70100F8A7010003
:10F2A00018A8010010B5144C94F8283003F001029E
:10F2B00078B17AB99B0706D50120FEF753FD0621E8
:10F2C000FDF7CEFDA8B10C48F1F75EFA10B90020A9
:10F2D00010BD0AB90C2010BD2146FFF7B5FF00286C
:10F2E000F8D194F8283060F3000384F82830002027
:10F2F000EEE7122010BD00BF700F0020044A006826
:10F30000044B801AA3FB0030C0F34710704700BFC6
:10F31000700F0020A38B2EBA68B9084A92F82830E3
:10F3200013F0010008D0107D03F00103C0F340107A
:10F3300003FA00F070470020704700BF700F0020F4
:10F3400000F046BA684620F007018D4601B500F08E
:10F3500079FFF4F7B5FABDE801408546704700BF74
:10F3600008B50A4BD3F840213AB90120FDF730FE29
:10F37000BDE808400220FDF72BBE0020C3F8400185
:10F38000D3F84031FEF712FCEFE700BF00B00040B9
:10F390000020FDF71DBE00BF90B90E4B0E4A197834
:10F3A00010788842CBB20DD10C480D4990F800C0BE
:10F3B000013313700B78634507D003780B707047E7
:10F3C00000DEEAE700DE1378EEE700DE03780B707C
:10F3D000704700BF635D0020645D0020685D002011
:10F3E000675D00200B4A0C4B117893F800C08C45E8
:10F3F0000DD012781A70094A094B18B9117818788B
:10F40000884202D012781A70704700DEFAE700DEF8
:10F41000EFE700BF665D0020655D0020635D0020B2
:10F42000645D002001F030B808B50B480B4B027842
:10F4300019788A420CD00A4B017000220398986018
:10F4400011460120FDF762FD00B908BD00DE08BDD0
:10F4500000DE1978EFE700BF635D0020645D0020E7
:10F46000980200202DE9F041304A314E127833786D
:10F470009A428AB00C4605D12E4B2F4A1B7812783F
:10F480009A4247D02768DFF8B48007F12D0525F0B0
:10F490007F45D8F800102846FEF73AFC10F400002B
:10F4A00002D10AB0BDE8F081254A264B11781A78BE
:10F4B000914213D11F4A20491278097891420DD008
:10F4C0001A780132D2B21A7000221F4B00921146F4
:10F4D0001046FEF7E7FB10F0FD0F24D11B4BE1684F
:10F4E000C8F800500022CDE90732194BCDE90322BC
:10F4F000CDE90531CDE901222D2300933478013483
:10F50000E4B23B46114610463470FEF7AFFB0AB03A
:10F51000BDE8F0810768DFF8248007F12D05044677
:10F5200025F07F45DAE700DE00DED7E7675D0020E3
:10F53000685D0020635D0020645D0020FC520020B7
:10F54000655D0020665D0020E5F3000099F3000092
:10F5500029F400007A4A9368002B00F096802DE988
:10F56000F04F136889B08146002B46D04FF0FF332F
:10F570008DF80A300DF10A00FEF74EFF0446002810
:10F580003BD0037F9907F5D1857A15F00205F1D1BB
:10F59000C3684B4555D00668A8462F460DF10A00B2
:10F5A000FEF73AFF8346F0B1027F9207F6D1827AE6
:10F5B0009307F3D4C268B8F1000F21D04A4558D060
:10F5C000DBF800A031465046FEF7A2FB00F4000035
:10F5D00000280DF10A001CBF5F465646FEF71CFFCF
:10F5E00083460028E0D1002F08BF27463946384619
:10F5F000FFF738FF30F0020339D109B0BDE8F08FD2
:10F6000091458046DCD1237FE16843F002032377F4
:10F610002046A3699847FF238DF80A300DF10A00B0
:10F62000FEF7FAFE04460028E7D0037F9F07F5D1D6
:10F63000837A9E07F2D4C3684B4502D000DED0F82F
:10F640000C903F4A4846D2E9001303AA9847064661
:10F65000002843D010F1100F59D0394A0020936888
:10F660001168984716F10B0F10D08C36C5D000DE0C
:10F67000C3E7227FE16842F0020222772046A269B6
:10F680009047D8457FF472AFC5E770472C4A0023F6
:10F69000D2F80890D2E9004802261360FF278DF8BF
:10F6A0000B700DF10B00FEF7B7FE90B1037F9A07C8
:10F6B000F7D40DB9DB07F4D4C368A342F1D1037FBB
:10F6C000826943F002030377214690478DF80B705F
:10F6D000E7E70125AE420AD02E46E0E7237FA26984
:10F6E000E16843F0020323772046904785E7002234
:10F6F000CDE904220692039B00964946404604AA9F
:10F700000794FEF741FE00287FF477AFAFE7A37AB6
:10F7100043F00203A3720DF10A00FEF77DFE0146DD
:10F7200000283FF46AAF037F9D07F4D1837A9C07DA
:10F73000F1D4FFF797FE30F002033FF45EAF96E797
:10F74000A00F002010B5174809F01FFD30B3164B6D
:10F7500000249C6000F0F6F900281EDB22462146BA
:10F760000120F4F711F8224601210B20F4F70CF8E0
:10F77000214622461820F4F707F80C4B1022C3F854
:10F7800004230120F3F7D0FF0B20F3F7CDFF18205F
:10F79000F3F7CAFF00F070FD204610BD6FF01200B5
:10F7A00010BD00BFEC9C0100A00F00200010004025
:10F7B00008B500F0D9F9002809DB0120F3F7C2FFF2
:10F7C0000B20F3F7BFFF1820F3F7BCFF002008BDA4
:10F7D000034603488AB2194683681B68184700BF6E
:10F7E000EC9C01000020704770B5044682B00028F0
:10F7F00033D0204B1A68824229D0FF250DF1070033
:10F800008DF80750FEF708FE034640B91DE0A142FF
:10F810000CD00DF10700FEF7FFFD0346A8B11A7FDB
:10F820009207F6D4D9681846002CF0D11A7F9E6949
:10F8300042F002021A77B0470DF107008DF8075029
:10F84000FEF7EAFD03460028E9D102B070BD9B68CF
:10F850006BB1014600209847CFE7064A9368002B1A
:10F86000CBD011680029C8D000209847C5E700DE3A
:10F87000C3E700BFA00F00200020704710B504466A
:10F88000FEF7BCFD8CB90D4B9A68AAB11C6800222A
:10F890009A601A6004B124680020FEF7D7FD204664
:10F8A000FEF756FE28B1002010BD0028F3D100DE7F
:10F8B000F1E700DE002010BD00DEE7E7A00F00202A
:10F8C000054A136892681B1A18BF0123B2FA82F026
:10F8D0000B704009704700BFA00F00202D2070471B
:10F8E00010B51446FEF712FA2146FEF711FA03028C
:10F8F00004D40230092898BF002010BD002010BD9C
:10F90000262810B5044613D0272809D0252817D15A
:10F91000022000F027FD2046BDE8104000F028BD81
:10F92000502000F01FFD2046BDE8104000F020BD33
:10F930001A2000F017FD2046BDE8104000F018BD69
:10F940000A2807D927280AD900DE2046BDE810403A
:10F9500000F00EBD0230400000F004FDDBE7033094
:10F96000400000F0FFFCD6E708B500F08DFDBDE8D3
:10F97000084000F0D7BE00BF08B500F085FD00F0DC
:10F98000D1FE00F0B5FEBDE8084000F093BE00BF18
:10F9900008B50146114800F065FC00F09FFD60B11C
:10F9A00000F082FF00F09EFC00F004F900280EDB5E
:10F9B000BDE808400020FFF761BF00F045FD00F002
:10F9C00073FF00F08FFC00F0F5F80028F0DA00DE9D
:10F9D0000020BDE80840FFF751BF00BF25F400003C
:10F9E0002DE9F04F89B01F469DF848B0FF238046AF
:10F9F000894692468DF81F300DF11F00FEF70CFD71
:10FA0000002846D0037F9D07F6D1837A9C07F3D464
:10FA100005683E689DF81F30059304462946304628
:10FA2000FEF776F9BBF1000F53D0BC4208BF0024AB
:10FA300026460DF11F00FEF7EFFCD0B1027F9107C3
:10FA4000F7D1827A9207F4D40268049029461046CE
:10FA50000392FEF75DF9039A049B00F4000000286E
:10FA60000DF11F001CBF15461E46FEF7D5FC0028F1
:10FA7000E4D1059B8DF81F30314B9A68002A30D1B4
:10FA80007EBB54B1BBF1000F48D1BC4205D000DEB3
:10FA900003E02B4B9A68044612BBFA681A60C3E96C
:10FAA00001893846D04704460DF11F00FEF7B4FC2B
:10FAB000014650B1037F9A07F6D1837A9B07F3D4AE
:10FAC000FFF7D0FC30F0020333D1204609B0BDE887
:10FAD000F08F0002A9D5FF23354605935C46A7E7C2
:10FAE00006464946CDF800B0534640463A46FEF732
:10FAF0004BFC014680B1BBF1000F0AD1BB7A9807DD
:10FB000007D4C6B13046FFF7ADFC30F0020300D099
:10FB100000DE6FF07604D8E700DEECE7CDF800B049
:10FB200053463A4649464046FEF72EFC0028F0D19F
:10FB3000EEE700DEC9E7002C14BF26460E46E1E7DB
:10FB4000A00F002010B50120064C01F0F3F80023AF
:10FB50000121A1606360E3602146BDE8104006F02A
:10FB600026BB00BF0453002010B5012001F0E2F8CD
:10FB70000449044606F08AFB2046BDE8104006F022
:10FB800061BB00BF0453002008B5094BBFF35B8F76
:10FB900053E8002F511C43E800100028F8D1BFF3B0
:10FBA0005B8F002A01DC01F0CDF8002008BD00BF0A
:10FBB0000053002008B50E4BBFF35B8F1A68BFF3EC
:10FBC0005B8F002A10DDBFF35B8F53E8002F511EBF
:10FBD00043E800100028F8D1BFF35B8F012A01DC55
:10FBE00001F0C6F8002008BD6FF0770008BD00BF27
:10FBF0000053002000B9704700DE70470021F0F785
:10FC00004FBE00BF08B5064B03989860002211460E
:10FC10000120FDF77BF900B908BD00DE08BD00BF7B
:10FC2000B802002010B50446FFF7A6FE237923F0A2
:10FC3000010323719B0617D5962000F083FD002356
:10FC400018461A46194600F0B5FC0120FEF760FB85
:10FC500088B11C3000F0DEFB00F01CFD2146074897
:10FC6000BDE8104000F0FEBA00F004FD0120FEF7F0
:10FC70004FFB0028EDD100DEEBE700BF61FE000086
:10FC800010B50446FFF778FE00F028FD2046BDE8D9
:10FC90001040FFF77DBE00BF08B5FFF7C3FF00F0BF
:10FCA000CDFBBDE8084000F019BE00BF70B50546A9
:10FCB000FFF75AFE00F0DEFC0120FEF729FBF0B151
:10FCC0001C3000F0A7FB00F0F5FB00BB00F00EFEBF
:10FCD00000210446084600F0ABFB0021064608461A
:10FCE00000F0A4FB3444CB34201A00F0E9FD00F00E
:10FCF000D1FC29460748BDE8704000F0B3BA00DEE9
:10FD00001C3000F087FB00F0D5FB0028DED000DEC1
:10FD1000DCE700BF61FE000010B50446FFF782FF7C
:10FD200023792279C3F34103013303F00303032B47
:10FD300008BF002363F3420214BF03F1250025200E
:10FD40002271FFF7DDFD002000F07EFDBDE81040D0
:10FD500000F0C4BD70B5C36804461E68FDF7D6FF49
:10FD600005463046FFF7BAFD00232D1AC4E90053BB
:10FD7000238120460121BDE87040F0F791BD00BF0E
:10FD8000814208B50DD00B6913B16FF08B0008BD2F
:10FD9000084B1360FFF7F8FE002809DB6FF00A003C
:10FDA00008BD054800F05EFA00F04EFB002008BDDB
:10FDB00000DEF3E755FD000019FD000010B548B165
:10FDC0000C46FFF7F7FE00280BDB2046BDE810408D
:10FDD000FFF754BD044800F045FABDE8104000F0BC
:10FDE00033BB00DEF1E700BFEDFD000030B5044697
:10FDF00085B0FFF7C1FD0DF10F012046FFF760FD53
:10FE000008B105B030BD054600F068FC22790095C8
:10FE1000C2F34103013303F00303032B08BF0023A4
:10FE200063F3420222712B46012229462846FDF740
:10FE300039FF94F90430002B04DB2046FFF7A8FDBE
:10FE400005B030BD054B0122294628469C60FDF7D0
:10FE50005DF80028F1D000DEEFE700BFA802002027
:10FE60002DE9F843044600F02FFBC0B200286AD009
:10FE700000F04AFB054600F045FC074600F04CFC4C
:10FE800000F022FCEDB2064600F002FCFFF774FD24
:10FE90003DB921467B4800F0E5F9BDE8F84300F0A4
:10FEA000D3BA0120FEF734FA0546002800F0D780C7
:10FEB00023791A07C3F3C10848D42A7F12F00F012F
:10FEC000F6B247D0062945D04527CF4017F00107A5
:10FED00040F0BE80012900F09F800429D9D16A7FBB
:10FEE000063A1F2AD5D8DB07D3D500F017FB2B7FA6
:10FEF0000278C3F38013B3EBD21FCAD108300622B5
:10FF000005F11E0109F0E6FD0028C2D16B7F002B30
:10FF1000BFD00320FEF7FCF905460028B9D0FEF754
:10FF200011FA4FF6FF73EB8005232B71002E6FD172
:10FF30007F206B7E287667F3000328686B7629465E
:10FF4000FEF712FAA5E7FFF717FDA2E7FFB2002FB1
:10FF50009FD0B2E76A7F063A1F2A9AD803F021039E
:10FF6000202B7AD1962000F0EDFB002000F0DAFA89
:10FF70000320FEF7CDF9074600288AD0FEF7E2F904
:10FF80004FF6FF73FB8005233B71002E73D17F2258
:10FF90007B7E3A7623F001037B7639463868FEF79C
:10FFA000E3F900F0BBFA0278032161F30302027067
:10FFB0002A7F0178C2F3801262F3C7110C2201700C
:10FFC00042702279C9B2C2F3801262F386110246EE
:10FFD00002F8021BD4F80510C0F80210B4F809109A
:10FFE0009180D5F81E2082606A8C828100F018FA18
:10FFF00000F060FA002842D100F070FC237922481A
:020000021000EC
:1000000043F0010323712146BDE8F84300F02AB90B
:1000100000F04AFBC0B28CE7697F0C297FF439AF4E
:10002000C3F38013B3EBD21F4FEAD21919D0B8F142
:10003000010F7FF62EAFB9F1000F3FF42AAF95F80C
:10004000293003F0C003402B7FF423AF012760E782
:100050006B7F063B1F2B3FF61CAF002759E700DEE6
:1000600026E7062205F12401601D09F033FD002872
:100070003FF44FAFDBE700F017FBC2B288E700DECA
:10008000BAE700BF99FC0000ADFC000000207047FB
:100090000020704710B582B00446FFF775FD0028B8
:1000A00009DB084A0849094800940023FEF77AFA58
:1000B00018B902B010BD00DEF3E77730F9D000DEEA
:1000C000F7E700BFFDFB0000BDFD000081FD000063
:1000D0004FF080530246D3F8A410013107D04FF0FF
:1000E0008051D1F8A00010F0010009D17047D3F879
:1000F000A8304FF6FF719BB28B42F0D100207047C1
:10010000D1F8A4301360D1F8A8301371C3F30723DA
:1001100063F03F035371D1F8903001331CD0D1F814
:100120009430013318D0D1F89830013314D0D1F87D
:100130009C30013310D0D1F89030C2F80630D1F89D
:100140009430C2F80A30D1F89830C2F80E30D1F8A5
:100150009C30C2F8123008E00023C2F80630C2F822
:100160000A30C2F80E30C2F812300120704700BFCA
:1001700000234FF08052036043608360C360D2F875
:100180008030013318D0D2F88430013314D0D2F843
:100190008830013310D0D2F88C3001330CD0D2F833
:1001A00080300B60D2F884304B60D2F888308B609E
:1001B000D2F88C30CB60704700230B604B608B60B3
:1001C000CB607047054B4FF480320021C3F808150F
:1001D000C3F84423C3F80423704700BF00B00040B5
:1001E000054B1878421C1A7018B9044B01221A608A
:1001F00070470120704700BF695D002000B00040DB
:10020000074B187848B10138C0B2187018B9054BBF
:1002100001225A6070470120704700DE1878F2E72B
:10022000695D002000B00040014BD3F80405704721
:1002300000B00040024B00F5A87043F82010704752
:1002400000B00040044BD3F8103123B1034A044BF3
:1002500010681B68184770470010004028540020A1
:100260002C540020024A034B11601860704700BFF5
:10027000285400202C5400204FF080434FF0FF32D0
:100280000021C3F8002EC3F8042EC3F8081EC3F8DB
:100290000C2EC3F8101EC3F8142EC3F8182EC3F882
:1002A0001C2EC3F8202EC3F8242EC3F8282EC3F822
:1002B0002C2EC3F8302EC3F8342E7047074B084855
:1002C00010B44FF4905100244FF41052C0F8184568
:1002D000C3F80018C3F8042810BC704700F00140B0
:1002E00000100040704700BF054B02280CBF0421DE
:1002F000032140F20122C3F81015C3F850267047BD
:1003000000100040072819DC831EDBB2052B11D931
:10031000002818DA031D1BDA10F1080F1ADA10F1A1
:100320000C0F19DA10F1100F18DA10F1150FCCBFFD
:10033000EC20D8200A4BC3F80C057047084B082066
:10034000C3F80C057047064B0020C3F80C05704736
:10035000FC20EFE7F820EDE7F420EBE7F020E9E7F9
:1003600000100040014BC3F8080570470010004022
:10037000084B00F07F00C3F85405D3F8182522F08D
:100380000072C3F81825D3F8182542F00072C3F89C
:100390001825704700100040084A00210123C2F8C8
:1003A0002C15C2F83035C378C2F82435817803881B
:1003B00043EA01431B02C2F81C357047001000409D
:1003C00002F01C03A3F1080302F00302B3FA83F363
:1003D000013A5B091B06022A98BF43F4801300F020
:1003E0000F000A4A184340F48070C2F81405D2F88E
:1003F0001805074B0340C2F81835D2F818351943D1
:1004000041F44031C2F81815704700BF0010004099
:100410000000F8FE014BC3F80405704700100040CF
:10042000014BC3F8040570470010004001207047DD
:1004300002280CBF05200A20704700BF014B012293
:100440005A607047001000400B4B0C480C4910B428
:100450004FF41064C3F8084501224FF480245A6019
:10046000DA60C0F84843074CC3F808450020C1F8DB
:1004700000020A6110BC704700F0014000B000406B
:1004800000100040C001700C094B0022C3F800218D
:10049000D3F80011C3F80421D3F80411C3F80C21D8
:1004A000D3F80C11C3F81021D3F81031704700BFF6
:1004B00000100040034BD3F80001003818BF0120A2
:1004C000704700BF00100040034BD3F80C01003808
:1004D00018BF0120704700BF00100040034BD3F845
:1004E0005005B0FA80F04009704700BF001000408E
:1004F000044B40F20312C3F83425C3F83805C3F89F
:100500003C15704700100040034BD3F8000400383E
:1005100018BF0120704700BF00100040004870471E
:1005200024530020F0B41D4B1D4D1E4E1E4C1F4F7A
:100530000322C3F800222A78C6F8687502F10C037A
:10054000DBB2D000DB00910003F1804300F180407A
:1005500003F5F83300F5F83001F18041C6F86C0579
:1005600001F5104104EB82041148C3F81045C3F8AB
:100570001405D1F840352D2B8ABFD1F84035012321
:100580002D3BC1F840350132064B4FF4106102F0AB
:100590000102C3F804152A70F0BC70470010004037
:1005A0006A5D002000F00140409100400C110040C5
:1005B000041000402DE9F041284E294C294FDFF866
:1005C000A8E0DFF8A8800323C6F800322178CEF82F
:1005D000688501F10C03DBB2DB00CD0003F1804341
:1005E00003F5F83305F1804507EB810705F5F8358C
:1005F000CEF86C554FEA810CC3F8107549F6346596
:10060000C3F814654AF2B813022A18BF1D460CF14C
:10061000804C42F2B84241F28833022818BF134698
:100620000CF5104C124A2B44A2FB0323DCF84025A6
:10063000B2EB931F85BF9809DCF8403501231B1AE4
:10064000CCF840350131084B4FF4106201F0010144
:10065000C3F804252170BDE8F08100BF0010004000
:100660006A5D00204091004000F001400C11004004
:10067000D34D62100449054B03204FF41062C1F8BA
:100680000002C3F8082570470010004000F0014048
:1006900000207047034AD2F8003243F48873C2F84E
:1006A0000032704700100040014BD3F848057047F6
:1006B00000100040034B0022C3F81C21D3F81C316A
:1006C000704700BF00100040034BD3F81C010038F6
:1006D00018BF0120704700BF00100040034AD2F845
:1006E000403623F0FF03C2F8403670470010004048
:1006F000034B0022C3F81421D3F81431704700BF14
:1007000000100040034BD3F81401003818BF01203B
:10071000704700BF00100040014BD3F81004704731
:10072000001000400449054B054A4FF48020C1F8F1
:100730004803C3F80825704700B0004000F00140AE
:10074000C001700C034B044A1B7803F5A87342F8F0
:10075000230070476A5D002000900040F0B4A2F5CD
:1007600074232F4DA3F51073AB42044606D902F152
:10077000E87202F5D432013902F5A572294B2A48F4
:100780002A4D2B4E0127DF600027C3F80475A0FB1C
:1007900002020427C3F81075900C0227C3F80875ED
:1007A000244AC3F84005C5F848154FF48021C5F820
:1007B00044134021C2F84065C2F84435C2F804151C
:1007C00044B34FF48013C2F804351B4A194B1B4D38
:1007D0000124D46000210424C2F80415C2F8104595
:1007E000C2F80815C3F828290C32C3F85055C3F8CD
:1007F000542502F5AF32124CC3F8584502F5FC728D
:10080000C3F85C250F49C3F860150832C3F86425A6
:10081000F0BC70474FF40013C2F80435D5E700BFB1
:10082000BFBDF07F0080004083DE1B4300B000406E
:1008300048B1004000F00140009000400C11004021
:10084000409100404491004070B4154B0122DA649D
:10085000D3F84C25E8B103F5B8334FF48011C3F851
:1008600004150F4B11460026012502E0D3F8404144
:100870006CB9C2EB4102C3F84061501CD3F840117F
:10088000C3F84005DD64D3F84C158A42EED370BC42
:100890007047044B4FF40011C3F80415E1E700BFA3
:1008A0000080004000F001400349044A01234B60EE
:1008B0000B6153601361704700800040009000405E
:1008C0000449054BC1F844054FF08862C3F804257C
:1008D000704700BF0080004000F00140024B4FF025
:1008E0000062C3F80425704700F00140014BD3F8C3
:1008F00048057047008000400139012905D80B20C8
:100900000AB1F2F711BFF2F71DBF00DE704700BF5A
:1009100029B10139012905D80B20F2F727BF18208A
:10092000F2F724BF00DE0020704700BF88420BD0E2
:10093000012803D0022809D000207047A1F102004D
:10094000B0FA80F04009704701207047A1F1010022
:10095000B0FA80F040097047012908D0022906D07A
:1009600059B9074B4FF08072C3F800217047044B10
:100970004FF40062C3F80021704700DE704700BFEB
:1009800000E100E0032803D8054B185C28B170474C
:1009900000DE034B185C0028F9D100DE704700BF71
:1009A000D0A80100013810B41C46042806D8DFE89E
:1009B00000F008111A23030004292FD000DE10BC18
:1009C00070470429FAD1194B9C6010BC0221002009
:1009D000FCF79CBA0329F1D1154B01219C6010BC96
:1009E0000846FCF793BA0429E8D1124B9C6010BC6E
:1009F00002210120FCF78ABA032908D00429DDD19D
:100A00000D4B02219C6010BC0846FCF77FBA0B4BD3
:100A10009C6010BC01210220FCF778BA084B9C6056
:100A200010BC02210320FCF771BA00BF180300209C
:100A300008030020F8020020D8020020E80200206D
:100A4000C802002001460020FFF7F4BB124B30B46F
:100A50000121044600205960C3F80445C3F8000191
:100A6000C3F80401196005E0D3F8042132B9D3F8C2
:100A700004251AB1D3F80021002AF5D05960D3F823
:100A80000421002AE7D1D3F80455002DE3D0C3F8A0
:100A9000042530BC704700BF00E0004070B5114C29
:100AA0000126D4F8045566600E20F2F74BFED4F808
:100AB000040140B10021C4F80411D5E90E323046DA
:100AC000BDE870401847D4F8003143B1C4F80001C4
:100AD000D5E90E3205F12001BDE87040184700DE6F
:100AE00070BD00BF00E0004070B58CB00E461546EA
:100AF0000146102268461C46FCF7A4F910220DEBB3
:100B000002003146FCF79EF96846FFF79FFF25B1CA
:100B1000102208A92846FCF795F92CB108AD0FCD95
:100B200020606160A260E3600CB070BD70B50D46DE
:100B30000649411A044649110548402207F0D9F9EF
:100B40002B4601462046BDE87040184774540020EB
:100B5000989C010037B50C460A490B4A411A4023BC
:100B60000093491105462346084807F0EEF901466F
:100B700028B12846234603B0BDE83040184703B0EB
:100B800030BD00BF74540020B77F0100989C010065
:100B90000022F8B5012105461046F2F7F5FD104890
:100BA00001F052FF0446B8B901F06EFF2F690D49FC
:100BB000384605F0E9FA031E09DB0126BE642D69FB
:100BC000084905F1200005F0DFFA031E02DA1C4691
:100BD0002046F8BD6E65FBE76FF00404F8E700BF40
:100BE000190D0100D4A8010010B5002286B0012320
:100BF000CDE9022304ABCDE904336C46074A6B46CA
:100C0000CDE9004407F0D0F928B94FF48042002321
:100C1000684603F021F906B010BD00BFC37F010094
:100C200010B5EFF31184202383F31288BFF36F8F85
:100C3000074A136823F00201DB07116002D4012088
:100C400007F019FD84F31188BFF36F8F10BD00BF4B
:100C5000CC54002030B4104B0C2202FB0033014670
:100C60000020D3E910521864EFF31180202484F39C
:100C70001288BFF36F8F9C6C04F0C00444F0020430
:100C80009C6480F31188BFF36F8F1DB12B4603481E
:100C900030BC184730BC704774540020989C010049
:100CA00010B4EFF31180202282F31288BFF36F8F0C
:100CB00017490B6843F0020413F001030C601AD0CB
:100CC0004FF08043D3F80C14D3F80C3413F0010325
:100CD00011D0EFF3118182F31288BFF36F8F0D4AA9
:100CE000936C03F0C00343F00203936481F3118813
:100CF000BFF36F8F012380F31188BFF36F8F1BB198
:100D000010BC0020FFF7A6BF10BC012007F0ABBC51
:100D1000CC5400207454002010B1012804D0704736
:100D2000034B9B6C5B0701D1FFF794BF704700BF7B
:100D300074540020024BC0B203EB4010704700BF58
:100D400074540020094BBFF35B8F53E8002F42F02F
:100D5000010143E800100028F7D1BFF35B8F930730
:100D600002D4012007F07FBC704700BFCC540020A4
:100D700010B5EFF31184202383F31288BFF36F8F34
:100D8000074A136823F001019B07116002D4012078
:100D900007F071FC84F31188BFF36F8F10BD00BFA3
:100DA000CC5400202DE9F0413849BFF35B8F8046D9
:100DB000012251E8003F41E800200028F9D1BFF3AB
:100DC0005B8F33B9324933484B60CB608A6005F0A2
:100DD000EEF908F1FF33012B4BD8B8F1010F07D121
:100DE0004FF08043D3F81C3403F00303012B40D0B1
:100DF00008F077FB054658B1EFF31186202383F303
:100E00001288BFF36F8F0125234F4FF080441EE0FF
:100E1000224B1B78002BEFD04FF080430222C3F807
:100E200008230646F0E735B3304605F01CFCD4F83D
:100E3000183563B9D4F804214AB1C4F80431D4F8A0
:100E400004310123C4F81835C7F88031A360D4F801
:100E50001824D4F81834D203E5D503F00303012B8A
:100E600002D0B8F1010FDED155B186F31188BFF37E
:100E70006F8FBDE8F0810021212008F0FEFBD6E74E
:100E80004FF080430222C3F80423F2E7705400209D
:100E9000605400209454002000E100E07D5D0020BB
:100EA00008B5074808F071F938B10648F2F72AFF8B
:100EB0000448F1F7DFFA002008BD6FF01200FBE7ED
:100EC000089D0100C90E01000A2838B5074D0446E7
:100ED00004D1AB680D215B6828469847AB6803488E
:100EE0005B68E1B29847204638BD00BF089D01000D
:100EF000EFF31182202383F31288BFF36F8F0A4B25
:100F0000D3F8001161B10021D3F80805C3F800112E
:100F1000D3F80031C0B282F31188BFF36F8F7047EE
:100F20006FF00A00F7E700BF00D00040F0B50346BD
:100F30008478C678EFF3118E202080F31288BFF3F7
:100F40006F8F1D7893F801C0641B3440A24288BFA4
:100F5000A2B2AF18374028461F708EF31188BFF336
:100F60006F8F8F188F4218D165450CD1EFF3118127
:100F7000202080F31288BFF36F8F1878587081F3A8
:100F80001188BFF36F8F1B79A41AA34228BF074BA8
:100F900090B224BF01221A60F0BD03EB000E0130B5
:100FA0009EF805E001F801EB3040DBE700D000409F
:100FB000DB432DE9F04713F001050F46144604D03A
:100FC0002448FFF7B3FFBDE8F087B2B3EFF3118613
:100FD000202383F31288BFF36F8F0D20F2F7C6FB37
:100FE00080460D20F2F7AEFB86F31188BFF36F8FBA
:100FF000DFF864A0194ECAF80051DAF800314FF456
:1010000000590123CAF800302546C6F88091DAF865
:101010000031A3B1FFF76CFF031EA4BF05F1FF353C
:10102000ADB2C6F88091A8BF7B55002DEFD1B8F1C5
:10103000000F02D00D20F2F777FB2046C3E7EFF355
:101040001180202383F31288BFF36F8F05F00BFB11
:10105000DDE700BF0055002000D0004000E100E0C7
:1010600070B50D4614460CB9204670BD4FF0FF33E5
:101070004FF0FF320C4802F0EFFE224629460B48A3
:10108000FFF754FF0646084802F0ACFE3EB94FF0A9
:10109000FF324FF0FF33064802F0DEFEE6E7A41B06
:1010A000A4B23544DFE700BFD0540020155500201E
:1010B000E854002038B501221146184808F0BDF95F
:1010C000164D0122002105F1180008F0B6F940F292
:1010D0000743A5F848304FF070632B630C2385F865
:1010E000343000240E4B85F84540A5F84640D3F82F
:1010F000042542F00102C3F804250121C3F8004190
:10110000D3F80021C3F80413224619600D20F2F72A
:101110003BFB0D20F2F708FB204638BDD0540020E1
:1011200000D0004010B5FFF7E3FE002820DB174B8E
:1011300093F8322093F8314093F83310141B31EABE
:101140000404C0B20DD193F8472093F8464093F8B9
:101150004810141B31EA04040BD10D4B01225A60D4
:101160000EE09C180132114084F8350083F83210EB
:1011700010BD9C180132114084F84A0083F84710D2
:101180000448BDE8104002F02DBE00BFD05400203E
:1011900000D00040E85400202DE9F043476840F2B9
:1011A0000636D0063B7C87B002EA060654BFC2F37F
:1011B000401C4FF0030C01F01F05B6F5837F144669
:1011C00045EA43158DF803C044D00DD8062E16D03D
:1011D00005D8A6B1022E3FD06FF0150037E0B6F566
:1011E000807FF9D101260AE040F20222964235D0F2
:1011F000B6F5407F34D0B6F5007FEDD1022622034C
:1012000030D57A6801238B40C2F80835B868A0BB96
:1012100005F01F036D092DD0012D77D13E4A02EB59
:101220008302C4F30043D2F8001783F00103C4F330
:10123000404444EA430421F4E16144EA8C0421F08F
:10124000070144EA06230B43C2F80037002007B029
:10125000BDE8F0830726D2E70426D0E70526CEE7CF
:101260000326CCE7630341BF01237A688B40C2F8B1
:101270000C35CBE74FF0A042D1E70DF10202294631
:1012800007F079FC14F4403F80460CD1B868294639
:1012900007F0A6FCB8F1000FD8D19DF80210B8688D
:1012A00001F088FDD2E74FF0000901ABCDE90199CB
:1012B000CDE90439CDF80C90B86803AA294607F0A7
:1012C0002FFB4845C2DB14F4003314D0C4F30044B0
:1012D0009DF803308DF80E3084F001048DF80C6019
:1012E0008DF80D40B8684B4603AA294607F0CBFBA2
:1012F0000028CFDAAAE7CDE904330DF10303039305
:10130000B86803AA294607F00BFBF1E703F5E07381
:1013100050F82330FFDE00BF00030050420970B5D3
:10132000034602D0012A17D070BD0D4E32695168B4
:101330000029F9D003F01F0301250C689D40002906
:10134000F2D08A682A4002D04B68304698472CB1C8
:10135000236821461C46F2E7024EE7E72346F8E7FA
:10136000D09C0100B49C010038B54568A86890B1D4
:1013700007F030FC014670B9A86807F00FFC04467E
:1013800058B902460649A86807F0F2FB2246052133
:101390000620F2F7F9F9002038BD6FF00400FBE7F2
:1013A0001D130100F0B545681646A8682A7C01F0B7
:1013B0001F0487B044EA4214002869D0B6F5001F24
:1013C00004D1214607F05FFC002052E001AA002072
:1013D000B6F5800F0190506037D1B3F1007F14BF94
:1013E000052304238DF804300023CDE9042303935F
:1013F000EB6823FA01F111F001010DF103073AD175
:10140000B6F1A07F37D104F01F03620903F5E07342
:1014100026D0012A3FD1214A52F82330DB072AD4B3
:10142000A8683A46214607F0A6FB16301BD0029763
:10143000A86803AA214607F073FA002819DBA868F8
:101440000122214607F0CEFBBEE7B3F1C06F05D005
:10145000B3F1007F14BF01230223C3E70323C1E7D5
:101460004FF0A042D8E7A868394601F0A9FC00284F
:10147000DDDA07B0F0BDA8683A46214607F07BFBED
:101480000028D5D19DF80310A86801F093FCCFE7A0
:101490006FF08500EDE751F82330FFDE00030050C8
:1014A000036803F01F025B09026004D0012B0348AC
:1014B00018BF002070474FF0A04070470003005055
:1014C0002DE9F04F00EB8109654985B0154683464B
:1014D00040F2FF1AD94503D1002005B0BDE8F08FD6
:1014E000DBF80020C2F3C72818F00808C2F3C320B5
:1014F000C2F3080440F0B1805A4B544508BF4FF086
:10150000FF34B2F10C5F1E5C4FEA126015D2222844
:1015100015D8DFE800F017272B382E3438141414B0
:10152000143E481414141414141414144B86898C87
:101530001414148F9396999C9F004E2826D06FF018
:101540008500CAE7C5F80C45621C67D003A8039460
:10155000FFF7A6FF039A012707FA02F2C0F8082551
:10156000384639E0C5F81445002718E0C5F80845A5
:10157000EAE7C5F808450027601C22D14EE0C5F80F
:101580000C450127F8E7C5F81045EDE7C5F8144507
:10159000DAE7C5F80845002EE6D100270626631CC9
:1015A0003CD0002018E0C5F80C45F4E7C5F86045CC
:1015B000BBF80220671C02F001022FD0002AC5D11F
:1015C000012703A80394FFF76BFF039A84460120C9
:1015D00000FA02F2CCF80C25DBF80020019202F4AC
:1015E000004CBCF1000F08BF804603A818BF0127BC
:1015F0000394FFF755FF039C019A00EB8400C2F3AC
:10160000412CD0F80047320242EA8C0242EA08023A
:101610000C40224342EA4702C0F800270BF1040BBA
:1016200058E7C5F86445C3E7C5F86845C0E7C5F89D
:101630006C45BDE7C5F824450127B0E7C5F8284546
:1016400082E7C5F83045F7E7C5F83445F4E7C5F853
:101650003845F1E7C5F83C4576E76FF015003CE703
:10166000F0F8FCFF66CE01002DE9F0410446476822
:101670000D4607F036FF88B14FF02008EFF31186D2
:10168000314688F31288BFF36F8F606806F04EFD15
:1016900050BB86F31188BFF36F8FEFE71F4B1B78AA
:1016A000002BE9D04FF020086426606806F03EFD6C
:1016B00070B9012006F086FF013EF6D100212120FD
:1016C00007F0DBFFF0E786F31188BFF36F8FF5E7D4
:1016D000EFF31186314688F31288BFF36F8F60688D
:1016E00006F024FD0028EED0BB691D706368BA695E
:1016F0001B680020C3F844250122C3F84825C3F81D
:101700002001D3F82041C3F85801D3F858019A605A
:1017100081F31188BFF36F8FBDE8F0817D5D0020FC
:101720002DE9F0410022054601210220F2F72CF8B4
:101730000220F1F7F9FF6C680121E06806F027FD4F
:101740006B681A682369C2F82435617D237D0B43D9
:10175000A17D0B43C2F86C356F68D7E9004313F0E5
:10176000010318D0D5F8108004F10C0108F108022B
:1017700004F5907006F063FF061E07DA224A23483C
:10178000012104F070FE3046BDE8F08198F80800B1
:1017900001F046F901230822C4F80025BA69C4F80B
:1017A000442501210022C4F84825A1606BB9D4F872
:1017B0002031002BFBD0C4F82021D4F820310123A4
:1017C000E3604FF48073C4F80433D4F85831002B2D
:1017D000FBD00021C4F800156D682C68E86806F09D
:1017E000D6FC0823C4F800352A7A52B9EB69C4F84C
:1017F00034350123C4F83835C4F81021D4F8102149
:1018000023600026BFE700BF10C701000CA1010044
:10181000F7B545680669AF6901AA0021384606F0A8
:1018200058FC041E16DB019B3A6819791868FFF70B
:1018300047FE041E0EDB296A4A1C12D0E86906F036
:101840001FFD10F1130F044607D10B4A0B4801216D
:1018500006F0ACFC204603B0F0BD431D01D1084AA0
:10186000F4E76B699847F36B23B9336306F13400EF
:1018700002F0B8FA0024EDE74DC70100C4A0010052
:1018800078C7010038B503780C4673B9D1F88C508D
:1018900065B9D1F888301C696FF07303636604F191
:1018A0004C0002F09FFA84F8905038BDCB6F33B1F2
:1018B0009D4216D9254A2648012106F077FCD4F826
:1018C000843043B1D4F88C209A4222D91F4A204850
:1018D000012106F06BFCD4F88800BDE8384006F022
:1018E0007FBC5B1BCB6773B98B6E08338B66CB6E8B
:1018F000013BCB6601F17C0204F168006C3106F01B
:101900005CFCA067DBE78B6F002BD8D02B448B6788
:10191000D5E79B1AC4F8843083B9236F0833236753
:10192000636F013B636704F1840204F1740104F105
:10193000700006F042FCC4F88000CCE7D4F8803098
:10194000002BC8D01344C4F88030C4E795C7010009
:10195000C4A001002DE9F04F89B000AF04697B609D
:1019600043683B608B88814698048A46934631D40D
:101970004FF0FF324FF0FF3304F1340002F06CFA05
:10198000C4F830A0D9F81080D9F8042098F8913024
:1019900023B1D8F82C309A4500F0D480BAF804600E
:1019A00016F400631DD0B24AB248012106F0FEFBD6
:1019B0006FF08505E36A13B19B889B0405D400236F
:1019C000236304F1340002F00DFA28462437BD46A3
:1019D000BDE8F08FE36B002BCAD1236B9942C7D1CE
:1019E000D0E7F10717D56D4688B0D9F800106A46E0
:1019F000A148CDE905014FF40071ADF81C109F49D5
:101A000042F8101F9B484FF4E251F1F7E7F8AD465A
:101A10006FF01505CEE7350705D5994A95480121A0
:101A200006F0C4FBF4E706F4FC63B3F5807F01D055
:101A3000944AF3E7DAF80050934B9D4201D8934A59
:101A4000ECE79446BCE80F0007F10C0EAEE80F007F
:101A5000DCF80030CEF800308D4B9D424DD98D4BD7
:101A60009D424DD98C4B9D424DD98C4B9D424DD9B9
:101A70008B4B9D424DD98B4B9D422CBF4FF0004567
:101A80004FF0804516F002017D6106F0040343D05B
:101A9000002B0CBF02230323C6F300163B767E7691
:101AA000D8F80030D3F80835581C0CD003F01F00CC
:101AB00001225B09A9BB8BB3934240F00C817A4BA6
:101AC0008240C3F80C2598F891302BB1404607F0BE
:101AD0004CF9002388F891304346744A07F10C0111
:101AE000404607F022F9034638B3714A61480121A4
:101AF00004F0C2FC6FF004055CE74FF00075C1E72D
:101B00004FF08065BEE74FF00065BBE74FF08055B2
:101B1000B8E74FF00055B5E79B08BDE74FF0A0438D
:101B2000CEE73BB1012B40F0D9805F4B8240C3F838
:101B30000825C8E74FF0A043F8E7012388F8913063
:101B4000C8F82CA0012384F890303B68196A4A1C1D
:101B500009D0D86906F0BCFB743004D1554A454819
:101B6000022106F023FBBBF1000F6AD1C4F868B074
:101B70000023E36604F17C0204F16C0104F16800C7
:101B800006F01BFB7B68A067002B62D12367002354
:101B9000636704F1840204F1740104F1700006F03B
:101BA0000CFB0025C4F880006566484606F018FB6B
:101BB000E06E2B462A46824253D10022656F1146C1
:101BC000A9427BD1934238BF13464FF4FA5202FB2D
:101BD00003F5E36A4FF4004C1B68B5FBF3F540F2E4
:101BE000E730C83500214FF47A720023E5FB0C0181
:101BF000EEF70AFC04F14C0602460B46304602F0B2
:101C00002BF9002861D02C4A1A48012106F0CEFA9F
:101C10004FF0000AC4F88CA0204607F0A6F884F81C
:101C200091A0D9F810806FF07305C8F8645008F1DE
:101C30004C0002F0D7F888F890A0304602F032F954
:101C4000B8E6DBF80030A366002B91D0DBF8043057
:101C50008FE77B681B682367002B98D07B685B68E5
:101C600096E7A16E01EBC201013249680B44A2E77D
:101C7000B3C70100C4A00100CDC7010003000001EB
:101C8000EFC701000EC8010047E801003DC8010090
:101C90008FD003001FA107003F420F007F841E006A
:101CA000FF083D0000127A00000300508518010073
:101CB0006EC8010093C80100BDC80100206F00EB91
:101CC000C1000131406802447AE7656E15F1740F76
:101CD0007FF470AE9CE7C1F80C15FFDE0023C3F85B
:101CE0000835FAE700F01F0240090DD001280ED197
:101CF0000A4B03EB82030A4AD3F80007024042EA88
:101D00008102C3F8002770474FF0A043F1E702F5C6
:101D1000E072002353F82230FFDE00BF00030050C2
:101D2000F0F8FCFF2DE9F0474568D0F8108001215C
:101D300000AF0646686B06F00DFBE96B481C19D036
:101D4000A86B06F09DFA10F1130F04460AD1374A2A
:101D50003748012106F0E4FA6FF012042046BD4630
:101D6000BDE8F087411D05D1324A3148012106F016
:101D7000D7FAF3E7EB6A9847D8F830504FF00109EB
:101D80000835D8E90C3203EBC203A5F108029342EF
:101D90000AD808F1280006F020FB73680021586B70
:101DA00006F0D8FA0024D9E755F8080C07F0EDF949
:101DB000034615F8041C55F8080CABB96C468AB0FC
:101DC00000686A461C4D07914FF40071ADF8201071
:101DD0001A49CDE9055042F8101F15484FF411512A
:101DE000F0F7FCFEA546B7E735F8023CD0F810C086
:101DF000D0F808A0DCF80040DA0754BF43F4B01371
:101E000083F4D01323F4801209FA01FEDB074CBFE0
:101E100044EA0E0424EA0E04CCF80040DAF800305C
:101E20009847041E05F10805ABDA97E74DC7010096
:101E3000CCA0010078C70100FDC80100040000012A
:101E400010B502780346002A6ED10C69D4F89020B0
:101E50003AB9D4F88C006FF07301BDE8104006F079
:101E6000E5BAD4F8840050B1D4F8881039B1DB68F1
:101E70002BB1834203D0D4F89C1007F015FED4F8A0
:101E8000803043B1D4F890209A4216D9274A284886
:101E9000012106F045FAD4F8883043B1D4F89020F7
:101EA0009A4224D9214A2248012106F039FAD4F86D
:101EB0008C00BDE8104006F0CBBA9B1AC4F8803005
:101EC0007BB9E36E0833E366236F013B236704F1BC
:101ED000800204F1700104F16C0006F028FAE0675A
:101EE000D9E7E36F002BD6D01344E367D3E79B1AFF
:101EF000C4F8883083B9636F08336367A36F013B0D
:101F0000A36704F1880204F1780104F1740006F07B
:101F10000EFAC4F88400CAE7D4F88430002BC6D087
:101F20001344C4F88430C2E710BD00BF95C7010058
:101F3000CCA001002DE9F04F8DB01D468B880469BF
:101F4000D0F804B09B0400AF80468A46164643D4BE
:101F50004FF0FF324FF0FF3304F1380001F07CFF07
:101F6000C4F82CA0002E3ED1E6660023236704F1BE
:101F7000800204F1700104F16C0006F0D8F9064605
:101F8000E067002D35D165670023A36704F188025F
:101F900004F1780104F1740006F0C9F90023C4F8D3
:101FA0008400A36616B1D4F8803043BB10B1D4F8D6
:101FB000883023BBA36A13B19B889E0405D40023F9
:101FC000E36204F1380001F00DFF6FF015052846BB
:101FD0003437BD46BDE8F08F236C002BB8D1E36ADF
:101FE0009942B5D1BEE73368E366002BBDD0736874
:101FF000BCE72B686367002BC6D06B68C5E7D8F8D1
:102000000450D8F810902B687B6099F8953023B174
:10201000D9F828309A4500F0CF80BAF804C01CF4F3
:10202000006312D0A74AA848012106F079F96FF0A1
:102030008505A36A13B19B889B04C8D40023E3627F
:1020400004F1380001F0CEFEC1E71CF0010F17D0FB
:102050006D4688B0D8F800106A469C48CDE9050165
:102060004FF40071ADF81C10994942F8101F9648C2
:102070004FF4E251F0F7B2FDAD466FF01505D8E729
:102080001CF0080F05D0934A8F48012106F048F94B
:10209000F3E70CF4FC63B3F5807F01D08E4AF3E7DD
:1020A000DAF800E08D4B9E4501D88D4AECE7043507
:1020B0000FCD07F108060FC60FCD0FC67B6873451D
:1020C00028BF73469E4695E80300864B9E4586E8EA
:1020D000030017D2844B9E4514D2844B9E4511D2E7
:1020E000834B9E454AD8834B9E4549D8824B9E459B
:1020F00048D8824B9E4547D8814A824B82499645B3
:1021000088BF0B461CF00201FB610CF004033DD0BC
:10211000002B0CBF02230323CCF3001C87F82030D4
:1021200087F821C0D9F80030D3F808355D1C0CD0F1
:1021300003F01F0001225B0969BB4BB3934240F0DF
:10214000B980724B8240C3F80C2599F895302BB1B9
:10215000484601F057F9002389F895306C4A434608
:1021600007F10801484606F060FF051E1FDA694ABC
:1021700055482B46012104F07FF95AE7664BC1E729
:10218000664BBFE7664BBDE7664BBBE79B08C3E703
:102190004FF0A043D6E73BB1012B40F08E805B4B64
:1021A0008240C3F80825D0E74FF0A043F8E70123A9
:1021B00089F89530C9F828A0012384F89430DBF819
:1021C0003C10481C0AD0DBF8380006F081F8743067
:1021D00004D1554A3C48022106F0A2F80022012110
:1021E00004F1280006F0D9F8404606F031F9002342
:1021F000206F1A4682423DD10022A56F1146A942A6
:102200003FD1934238BF13464FF4FA5202FB03F515
:10221000A36A4FF4004C1B68B5FBF3F540F2E730BE
:10222000C83500214FF47A720023E5FB0C01EEF76C
:10223000EBF804F1500602460B46304601F00CFE66
:10224000024628B3394A2048012106F069F80025E2
:102250002046C4F8905001F0D5F884F895506FF0FE
:102260007301404606F0E2F8304601F01BFE6FF0C5
:102270007305DEE6E16E01EBC201013249680B44F1
:10228000B8E7606F00EBC100013140680244B6E777
:10229000A56E15F1740FDAD02DB9A36A9B889A0444
:1022A0007FF5C7AE93E6D8F810001146283006F047
:1022B00074F8BEE6C1F80C15FFDE0023C3F808353C
:1022C000FAE700BFB3C70100CCA00100CDC70100F1
:1022D00003000001EFC701000EC8010047E801003C
:1022E0003DC801000048E8010024F40000127A0013
:1022F000FF083D007F841E003F420F001FA1070022
:102300008FD0030048E8010090D003000003005084
:10231000411E01006EC8010000093D0080841E00BE
:1023200040420F0020A1070093C80100BDC8010072
:1023300070B5012383400F4ABFF35B8FDC4352E843
:10234000001F01EA040542E80056002EF7D1BFF352
:102350005B8F4FF4803282400748C0F80823BFF3F8
:102360005F8FBFF36F8F03EA0100003818BF0120B1
:1023700070BD00BF4C5500200010014070B41249E0
:10238000D1E90034D01AC31844F1000422F07F468A
:10239000C1E90034A6F50013B3F5400F09D20B4B89
:1023A0001B681A0A1B069C19094B42F10005C3E978
:1023B0000045EFF31181202383F31288BFF36F8F61
:1023C00070BC02F00DBC00BFC00F002050550020B3
:1023D000C80F002011B3BFF35B8F0123104A834065
:1023E00052E800CF4CEA030C42E800C10029F7D1C3
:1023F000BFF35B8F0B4A4FF480338340C2F8043342
:10240000094BBFF35B8F1B68BFF35B8FC340DB07D8
:1024100042BF064B4FF40032C3F80021704700BFA3
:102420004C550020001001404855002000E100E01C
:102430000D4B1868010A0006BFF35F8F0B4BD3F8F2
:102440000435181841F10001B3F5801F0AD2084B7A
:10245000D3E90023904271EB030303D210F18070A3
:1024600041F10001704700BF5055002000100140AD
:10247000C80F00202DE9F04F85B016461F469DF885
:1024800040A00446FFF754FF0190FFF7D1FFB04290
:1024900071EB07035ED23E4B301A67EB01019842A5
:1024A00071F1000109D36FF0150520460199FFF77E
:1024B00091FF284605B0BDE8F08F364B03EB0413BF
:1024C000D3E902239F4208BF964254D032494FF4C9
:1024D000803804F1500508FA04F8AD00C1F84883CB
:1024E0002046ADB206F015F826F07F4B05F1804589
:1024F00004F5A87305F58835DC464FF0030902930F
:10250000029A2CF07F4341F82230C1F84483D1F87D
:102510000435224A6FF00200C01A604420F07F4068
:10252000904228D9286868B1D1F804350393A3EB09
:102530000B0020F07F40B0F5000F1CD9204605F0BD
:10254000E8FF039BBAF1000FADD109EB030C09F1D1
:102550000109D5E7BAF1000FA5D10123104ABFF355
:102560005B8FA34052E8000F184342E800010029A6
:10257000F8D1BFF35B8F07490E98230101EB0412DA
:10258000C8500F9B5360C2E9026700258DE700BF6A
:1025900001008000B00F002000100140FDFF7F000F
:1025A000485500207FB51C4C1C4BC4F80833C4F8B8
:1025B00048331B4B00254FF0FF304FF0FF31C4F87C
:1025C0000855C3E902014FF48033C4F80433154BB6
:1025D00002264FF400320121C4F804631120C3F82D
:1025E00080212A46F1F7D0F81120F1F79DF80E4A24
:1025F0000123A360236013600C4B0D4A0093CDE9C7
:10260000015500232846FFF735FF3046FEF7CAFB89
:10261000284604B070BD00BF0010014003000F0049
:10262000B00F002000E100E04C5500207D230100A8
:10263000FFFF7F002DE9F7432E4CD4F804339907B0
:102640000BD5D4F8043143B12B4A0023C4F804312C
:10265000D4F80431136801331360D4F80433DA0377
:1026600043D5BFF35B8F254B53E8002F22F00101C8
:1026700043E800100028F7D1BFF35B8FD30702D4E3
:10268000D4F840318BB30025C4F84051D4F8403120
:10269000FFF7CEFEEFF31182202383F31288BFF3FE
:1026A0006F8F174BD3E90267B042B94120D34FF087
:1026B000FF304FF0FF31C3E90201D3E900981D60FC
:1026C0004FF48033C4F84833C4F84051D4F8403153
:1026D00082F31188BFF36F8FB9F1000F05D0CDF8E9
:1026E000008032463B460020C84703B0BDE8F08377
:1026F000A946EDE700100140505500204855002044
:10270000B00F002030B5431C124C85B005D0844278
:10271000A8BF0446012CB8BF0124FFF789FE0E4B69
:102720000C4DD3E90013401AB0F5000F10D2221857
:10273000AA4228BF2A4652184FF0000007490091CC
:10274000CDE9010043F10003FFF794FE05B030BD71
:102750002A46F0E7FFFF7F00C00F00207D23010025
:1027600008B5FFF765FE024B1B68C01A08BD00BF25
:10277000C00F002037B5046994F835300D464BBBC7
:102780000B7B022B29D10B680BBB94F834204B68D0
:10279000D2B9134A591E914219D823630DF107018A
:1027A000204606F0A5FC10F10C0F0BD0AB689DF88D
:1027B000070013B1021D44F8223094F8343001337D
:1027C00084F8343003B030BD226B9A42E6D06FF00B
:1027D0001500F7E76FF00F00F4E76FF08500F1E701
:1027E000FEFFCF0710B50022046901211020F0F789
:1027F000CBFF00232046034ABDE81040194606F0EF
:1028000053BC00BF09280100F8B50A4E0C46012749
:1028100004B9F8BD94FAA4F5B5FA85F52B1D56F860
:10282000233013B104482946984707FA05F524EAEE
:102830000504EDE75C040020249D0100024AD2F863
:102840000034002BFBD0704700E0014010B54FF082
:102850008053D3F83021082A4ED14FF08042002116
:10286000C2F80C11C2F81011C2F8381502F5404236
:10287000D3F80414C2F82015D3F80814C2F82415AC
:10288000D3F80C14C2F82815D3F81014C2F82C157C
:10289000D3F81414C2F83015D3F81814C2F834154C
:1028A000D3F81C14C2F84015D3F82014C2F844150C
:1028B000D3F82414C2F84815D3F82814C2F84C15DC
:1028C000D3F82C14C2F85015D3F83014C2F85415AC
:1028D000D3F83414C2F86015D3F83814C2F864156C
:1028E000D3F83C14C2F86815D3F84014C2F86C153C
:1028F000D3F84434C2F8703505F054FE18B1374BA4
:10290000374AC3F88C2605F04DFE18B1354BFB2233
:10291000C3F8182505F046FE58B14FF080424FF03D
:102920008051D2F8E43ED1F8581261F30303C2F8A3
:10293000E43E05F037FE20B12B4B4FF40072C3F894
:1029400040264FF08053D3F83031082B17D14FF089
:102950008043D3F80024D20744BF6FF00102C3F8CC
:1029600000244FF08053D3F83431042B81BF4FF053
:102970001023D3F808224FF08043C3F858254FF0B6
:102980001023D3F80022002A03DBD3F80432002BF3
:1029900022DA164901234FF01020C1F80435122421
:1029A000FFF74CFFC0F80042FFF748FFC0F80442B1
:1029B000FFF744FF0023C1F80435FFF73FFFBFF3E3
:1029C0004F8F0B490B4BCA6802F4E0621343CB6094
:1029D000BFF34F8F00BFFDE710BD00BF00500040A8
:1029E0004881030000F000400090024000E00140F8
:1029F00000ED00E00400FA05014B1860704700BFCD
:102A00005455002010B5054B1868144605F0DCFD40
:102A10000028A4BF2070002010BD00BF5455002026
:102A2000024A01238340C2F80435704700F0014098
:102A3000014B00201B68184758550020014B1B68AC
:102A4000184700BF5855002010B50C4C237993B996
:102A5000012323710A4B2060002818BF184600F09C
:102A600049F850B923680748002BBDE8104008BF5B
:102A7000184600F08FB86FF0770010BD5855002051
:102A8000312A01003D2A010008B5064B1B683BB105
:102A90000020F0F76BFE18B9BDE80840F0F744BE1F
:102AA00008BD00BF5855002038B54FF080440123C1
:102AB000C4F8083363600023C4F80031D4F800314F
:102AC00042F21075D4F80C24D4F80C34D20307D594
:102AD000DB0705D5012005F075FD013DF2D138BDBC
:102AE00005F0D8FD0028FAD0014B00225A71F6E714
:102AF0006055002010B508490C794CB901230860D5
:102B00000B7105F0C7FD08B9002010BD4C71FBE743
:102B10006FF07700F9E700BF605500204FF0804369
:102B20000022C3F80021D3F80021094901221A60CC
:102B3000096811B1C3F804237047D3F80021002AB3
:102B4000FBD00022C3F80021D3F80031704700BF4A
:102B50006055002010B54FF08043D3F80423D2070E
:102B600015D5D3F8002192B10022C3F8002101212C
:102B7000D3F80021C3F8081305F08CFD044B10B105
:102B80005A7922B95971BDE810401B68184710BD29
:102B900060550020074A137943B901211060117173
:102BA0004FF080421846C2F8183570476FF0770032
:102BB000704700BF6855002010B54FF080431D4C92
:102BC000D3F81814D3F8182411F4803F1AD002F067
:102BD0000302012A01D092B900224FF08043C3F8CA
:102BE00018250022C3F80421D3F8042101229A6099
:102BF00022688AB9D3F80421002AFBD014E005F03A
:102C00005AFDE9E7D3F81424D107E5D5D3F81C24FD
:102C10009207F4D422681AB10222C3F8042310BD2B
:102C2000D3F80421002AFBD00022C3F80421D3F8F2
:102C30000431F4E768550020F8B54FF08043194F90
:102C4000D3F80443012504F01A04002604B9F8BDA2
:102C5000B4FA84F0C0F11F00830003F580739BB2C7
:102C600003F1804305FA00F2196892B224EA0204E3
:102C70000029EBD01E601B684FF08043022AC3F886
:102C800008230BD1D3F81814D3F81814890705D1E9
:102C9000C3F81855C3F804239D60D7E73B68C0B25A
:102CA0009847D3E768550020036803F01F025B09CB
:102CB000026004D0012B034818BF002070474FF07A
:102CC000A040704700030050034A430900F01F0072
:102CD000D35C1844C0B270476ECE0100024611F0BA
:102CE000010030B515D18B07C1F3400022D5124940
:102CF000D1F8200550604FF08052C1F82005D2F87D
:102D00003021082A08BFD1F82025003818BF01203B
:102D100010E04FF0A0444FF08055D4F820351360F8
:102D2000C4F82035D5F83051082D08BFD4F8204517
:102D3000002BD8D030BD00BF00030050F7B50446CB
:102D40000846FFF7C1FF04EB40060D46B38ADB07D8
:102D50002AD5204605F0C2FD2946204605F01EFD75
:102D600050B1204605F030FD276807EB80000023B6
:102D7000C0F81035C0F810352946204605F04DFD45
:102D80000021B18201A80195FFF78EFF019B00EBA6
:102D90008300074BD0F80027134043F00203C0F82C
:102DA0000037084603B0F0BD6FF01500FAE700BF2A
:102DB000F0F8FCFF014805F025BC00BF9804002096
:102DC00010B504480C4605F0FFFB0028A4BF207096
:102DD000002010BD980400202DE9F04F074689B06F
:102DE00057F8049BD9F80413C9B28346082241F06E
:102DF0000041484605F04AFD051E2FDA0023032155
:102E000006A8CDE90633FFF769FF634B01930DF187
:102E100018084FF0000A019A604912F8013B01922C
:102E2000DA0803F007038A5C22FA03F3DB071CD4F9
:102E30000AF10103022B08F104084FF0010AEAD15C
:102E40004FF000410022484605F020FD032106A86E
:102E5000FFF744FF0028D8D125F000450124002DBC
:102E600040F0848009B0BDE8F08F4D4B534402938D
:102E7000D8F80060002EDBD0029B96FAA6F61C78EC
:102E8000B6FA86F646EA44142046FFF71DFF0BEB20
:102E90004000F208818A18F802000594C1F3820309
:102EA0000393009306F00706012303FA06F620EACF
:102EB000060008F8020005A8FFF7F6FE059A039B36
:102EC00002F5E07211F0100F50F82260C6F30146CF
:102ED00033D0009A3846214605F080FC05A80594B9
:102EE000FFF7E2FE059B03F5E073F6B250F82330DE
:102EF000C3F301439E4207D10021204605F03FFC69
:102F00003146204605F03BFC05A80594FFF7CCFEB2
:102F1000059B012202FA03F3C0F820354FF08053DD
:102F2000D3F83031082B01BFD0F82035D0F8203548
:102F3000D0F82035D0F820359AE7022E14BF0221B0
:102F400003212046039305F01AFC039B032B03D0B7
:102F5000022E07D1012BD7D1009A2146384605F021
:102F60003DFCD1E7032ECFD1022BF4E795FAA5F370
:102F7000B3FA83F304FA03F225EA020503F5A27219
:102F80000BEB430359F82220B3F87C10C2F3014243
:102F9000384605F023FC62E77ECE010018AA010046
:102FA0007ECE0100036803F01F025B09026004D0BB
:102FB000012B034818BF002070474FF0A040704716
:102FC0000003005007B5019001A8FFF7EBFF019B3C
:102FD00000EB8300054BD0F80027134043F00303B8
:102FE000C0F8003703B05DF804FB00BFF0F8FCFF49
:102FF000CB7B37B50446002B38D10B7B0878012BEF
:103000006ED805F051FE0B78019301A8FFF7CAFFB7
:10301000019B00EB8300384BD0F80027134043F0AE
:103020000103C0F800374878FF2804D005F03CFEC3
:103030004878FFF7C7FF8B78FF2B0FD001A88D7B57
:103040000193FFF7AFFF019B00EB83002A4BD0F801
:103050000027134043EA8503C0F80037C878FF28EB
:1030600004D005F014FEC878FFF7ACFFCB7884F8E5
:1030700022300B7C9BB94B7820680D78FF2B18BF52
:103080001A468B78C0F8085508BF4FF0FF32FF2B67
:1030900008BF4FF0FF33C0F80C25C0F81035236887
:1030A0008A68C3F824254B7B0A7B2068003B18BF45
:1030B0000123022A17D0032A18D0012A01D143F094
:1030C0000203C0F854354B7984F82330636883B128
:1030D000206840F3073003B0BDE83040F0F724BB70
:1030E00005F0D5FD8FE743F00403EAE743F006035C
:1030F000E7E703B030BD00BFF0F8FCFF07B5019073
:1031000001A8FFF74FFF019B00EB8300054BD0F8B0
:103110000027134043F00203C0F8003703B05DF806
:1031200004FB00BFF0F8FCFF036803F01F025B091B
:10313000026004D0012B034818BF002070474FF0F5
:10314000A04070470003005037B51446421C0546A6
:1031500018D0012902D1BBB105F012FF01A80195D9
:10316000FFF7E2FF019B0A4A00EB8300A300D0F8BF
:10317000005743EA41030B432A40134343F440738F
:10318000C0F8003703B030BD05F007FFE6E700BF29
:10319000F0F8FCFF104B98421BD011D80F4B98420F
:1031A00017D008D80E4A0F4B984218BF90420CBF58
:1031B0000120002070470C4BC31A584258417047F9
:1031C0000A4B984205D002D8094A0A4BECE70A4B51
:1031D000F2E70120704700BF80841E0020A1070095
:1031E00090D0030048E8010040420F000024F400A2
:1031F00000127A0000093D000048E8012DE9F84F6F
:1032000091F8213007460C46002B00F0968091F88B
:1032100022806569674B9D4200F0A88000F298808B
:10322000654B9D4200F0A58000F28A80634B9D4271
:1032300000F0A280624B9D4214BF4FF080454FF0DA
:10324000806594F8232097F8223062F3000387F812
:103250002230227CDBB262F3410387F8223094F8FB
:1032600023600EBB237E2068012B94BF0023012323
:1032700001213246FFF768FF606833463246FFF7A8
:1032800063FFA27EA06833463146FFF75DFF237CD3
:10329000E06883F0010332460121FFF755FFE06942
:1032A0000B463246FFF750FF94F82130002B6CD0CC
:1032B0004FF0FF337B6294F8211094F812E0207EE7
:1032C000627E00296BD0E668217C94F8249094F803
:1032D00020C03B68B9F1000F12D1D4E900BAD4F88C
:1032E0000890E469C3F808B5C3F80CA5C3F81095B5
:1032F000C3F86C45C3F81465C3F86815C3F8648552
:10330000003A18BF01220228C3F8C0E5C3F82455CB
:1033100048D0032849D0012801D142F00202C3F865
:103320005425C3F860C57B68002B41D03868BDE8E0
:10333000F84F40F30730F0F7F7B94FF0020868E7AD
:10334000204B9D4214BF4FF080454FF0805578E7E9
:103350001D4B9D4213D01D4B9D4213D01C4B9D42D3
:1033600014BF4FF080454FF000456AE74FF000551D
:1033700067E74FF0006564E74FF0007561E74FF0D5
:1033800020655EE74FF0A0555BE7E3687B62227C37
:1033900097F8223062F3410387F822308BE74FF031
:1033A000FF3692E742F00402B9E742F00602B6E7C0
:1033B000BDE8F88F80841E0020A1070048E80100C6
:1033C00090D0030040420F000024F4000048E801C0
:1033D00000127A00431C07B50ED0019001A8FFF738
:1033E000A3FE019B00EB8300054BD0F800271340A0
:1033F00043F00203C0F8003703B05DF804FB00BFE0
:10340000F0F8FCFF38B50446006840F30730F0F7E9
:1034100099F9636843B121461A4A51F8043BC3F84D
:103420000823206805F0C6FD2368D3F80805D3F803
:103430000C15D3F8105594F82230DB0714D4FFF79D
:10344000C9FF2846FFF7C6FF0846FFF7C3FF606ABB
:10345000FFF7C0FF2368D3F86C05D3F81415FFF706
:10346000B9FF0846FFF7B6FF05F02AFD28B1064A66
:103470002368934204BF01225A60002384F820305D
:1034800038BD00BF5201080000F00240F0B590F8CE
:10349000213085B005460E461746002B40F0CF8000
:1034A00043682BB112F0140F04BF012380F82130C0
:1034B00096E80F0005F1100484E80F00686A441CC8
:1034C00005D095F82230990717D505F059FD3168D8
:1034D0002C6821B101F06043B3F1005F06D1B368FD
:1034E00073B103F06043B3F1005F09D0002385F8A6
:1034F00021306FF00C0005B0F0BD05F04EFDE6E7A1
:1035000005F0DEFC38B34F4B9C4224D14FF0804392
:103510007268D3F8000E4C4B1860E2B14B4821F4AE
:10352000FF5323F01F03834277D85018DFF820C1E0
:10353000C3F34F3101228A40002103F50053984222
:1035400041EA02014FEA420201D96345F5D34FF047
:103550008043C3F8001E17F0010318BF0123C4F80D
:10356000503517F0020318BF0123C4F84035D6E9DF
:1035700000C0D6E902120023C4F844C517F01C0F9E
:10358000C4F84805C4F83415C4F83825C4F818310F
:10359000D4F8183144D1D4F80035073B18BF0123C3
:1035A00095F8226063F3820685F82260072317F0FE
:1035B0000806C4F8003512D16B684FF0010EC4F84C
:1035C00010E063B9D4F81831002BFBD0CDE902121A
:1035D000CDE900C06A464021204605F093FC6B68A7
:1035E0001BBB05F06DFC40B1164B9C4201BF164B56
:1035F0001A684FF08043C3F8002E686A421C05D059
:1036000095F822309B070DD505F0C7FC1EB9291D82
:10361000204605F0CFFC00206DE74FF4807196E75F
:103620000123BDE705F0ACFCF0E717F0040F4FF005
:10363000400314BFC4F80833C4F80433EBE76FF059
:103640000F0058E700F0024070550020FFFF0020F7
:103650000020012070B50246044652F8105B40215C
:10366000284605F04FFC38B305F02AFC40B1134B57
:103670009D4201BF124B1A684FF08043C3F8002EE1
:10368000606A421C05D094F822309B0711D505F0E2
:1036900084FC94F821301BB1211D284605F08AFCDA
:1036A0002046002300F80C3FD4E90131BDE870400A
:1036B000184705F065FCECE770BD00BF00F0024064
:1036C000705500200368034A01F5C07143F82120BA
:1036D000704700BF3546526E10B50446EFF7B0F99B
:1036E0000348044A012102F0BEFE204605F058FDC1
:1036F000ACA0010057C901002DE9F843044600AF12
:103700000D46EFF31188202383F31288BFF36F8FE8
:1037100004282A4A98BF2A4B9668117C94BF53F814
:103720002030284BE9468AB06A462748CDE9073160
:1037300040F20133ADF82430244BCDE9050442F8C2
:10374000103F234800234FF43151EFF747FACD469D
:1037500045B1EB69C3F3080323B11E4A1C4801219C
:1037600002F081FE2EB1304605F0C1FE08B10378AB
:1037700003B91948E9468AB06A46184B0790CDE963
:10378000053640F20133ADF82030154B42F8103FBA
:1037900000230F484FF41151EFF720FA2946CD4688
:1037A0002046FFF799FF88F31188BFF36F8F3046EB
:1037B000F0F796F8BD46BDE8F88300BF74550020C9
:1037C0001CAA0100A5BC010066C90100050000019A
:1037D000ACA001008EC9010010BB0100AFC90100FF
:1037E0000400000138B50A4B53F82040013053F86B
:1037F0002050A54200D838BD606830B1037EDB0799
:1038000001D405F0AAFC0834F3E723689847FAE7E7
:1038100030AA010070B52F4B2F4C304D86B00122DD
:1038200003201A70FFF7DEFF01F01AFCAC4219D139
:103830000420FFF7D7FF2A4C2A4D2646AE4204F15A
:10384000300415D300F0F2FE254CAC422CD300F02E
:1038500001FFEDF7F1F8244A938923F001039381E6
:1038600006B070BD54F8043B002BE1D09847DDE76B
:1038700054F80C3C059354F8103C049354F8143C51
:10388000039354F8183C029354F81C3C019354F8E9
:10389000203C009354E90A2354E90C0100F098FC01
:1038A00054F8303C5E65C8E7D4E90A23B3F1FF3F22
:1038B00008BFB2F1FF3F05D052EA0301206803D1EF
:1038C00005F0F4FE3034C0E70849183001F0F8F88C
:1038D000F8E700BF7D5D0020D89F0100EC9F01004C
:1038E000309F0100309F010088100020CB9501001F
:1038F00070B5174E174D184986B0B82303FB006604
:10390000164B059301220F23CDE903320023CDE9A5
:103910000133142303FB005504464FF4C07000FB31
:1039200004110F4B00954FF4A072304600F050FC8C
:10393000337C0C4AEE6023F0040333744FF40463C9
:1039400004FB033313442C746B6006B070BD00BFDE
:10395000D00F00207455002080BC002011CA010047
:10396000FD91010040B400207FB50020FFF73AFF31
:10397000294B83F30888294C636943F4007363611E
:103980000025E02384F82230E57725766576A57654
:1039900084F82050636A43F4E023636284F8235080
:1039A000EFF77EFEEFF786FF4FF0FF33A362E3628F
:1039B000F0F7BAF8F0F700F8EEF79CFF1848194C4A
:1039C00000F0A8FC0120FFF70DFF0220FFF70AFF1F
:1039D00000F06AFE144B15495C61154B05930123F9
:1039E0004FF48062CDE90353CDE90155114B0095A9
:1039F000204600F0EDFB237C064623F0040320461E
:103A0000237405F0AEFD2846FFF772FF094A3146E0
:103A10002046EFF72FFF00BF80BC002000ED00E044
:103A200040110020881000207455002000BE0020A6
:103A300016CA01001538010038B5064C064DAC42D7
:103A400001D3002038BDD4E90112204605F0B0FBB7
:103A50001834F4E76005002060050020F7B50E4635
:103A600004469DF82010EFF31187202080F3128880
:103A7000BFF36F8F656A2069854245D22568AC42E5
:103A800019D0C5B1284605F0C4FB05F1180005F0B2
:103A900067FEE2686869314606F006F80023C5F85B
:103AA000B030284605F05DFD04F10800394605F008
:103AB000BAFD002036E0E268D9B1206A314605F04F
:103AC000F3FF236AE2681344A2692362934201D19F
:103AD00063692362636A01336362102104F1280081
:103AE00005F0BCFF0028DFD187F31188BFF36F8F8B
:103AF00018E0E0696369984208BFA069801AE06134
:103B0000314605F0D1FFE5E752EA03010CD0084940
:103B1000896804F108004E61CDE900233946224648
:103B200000F0E2FC03B0F0BD6FF02200DCE700BF64
:103B300074550020F7B504460846EFF3118620219E
:103B400081F31288BFF36F8F616A00293BD0E2686E
:103B5000E16905F0A9FFE369E26825681344A269F9
:103B6000E361934204BF6369E361636AAC4203F1BA
:103B7000FF33636236D02846002D34D005F049FB70
:103B800005F1180005F0ECFD6969E268206A05F0AE
:103B90008BFF236AE2681344A2692362934204BF45
:103BA00063692362636A0027013363622846C5F8AC
:103BB000B07005F0D6FC04F10800314605F033FD85
:103BC000384603B0F0BD52EA030111D00A498968B2
:103BD0004861CDE900233146224604F1080000F097
:103BE00083FCEEE7002086F31188BFF36F8FE8E7D0
:103BF0006FF02200F7E700BF745500202DE9F34174
:103C0000044617461E46EFF31188202383F31288DB
:103C1000BFF36F8F304BC2689B6872B18068984267
:103C200017D057EA060216D188F31188BFF36F8FB9
:103C30006FF00F0002B0BDE8F08193F90E10216122
:103C40000132C4E9023288F31188BFF36F8F00207C
:103C5000F0E72169F3E793F90E1090F90E309942DD
:103C600030DA9942A8BF194605F0FBFA0546CDE9BE
:103C700000761A482246414600F036FC0028E6D07D
:103C8000EFF31186202383F31288BFF36F8FA068B0
:103C9000D0B1236821699C420AD04BB193F90E3010
:103CA0009942A8BF19466FF07F039942B8BF1946E1
:103CB00005F0D7FA40B10948314605F0B4FC6FF081
:103CC0000A00B7E70025D2E7002DF4D186F311886A
:103CD000BFF36F8FF3E700BF745500207E5D0020B7
:103CE000F8B583680546002B40D0234A926893427A
:103CF0003FD1C368012B03D9013BC3600020F8BD4D
:103D0000EFF31187202383F31288BFF36F8F0169CC
:103D1000806805F0A6FA2C68A54207D10023C5E902
:103D2000023387F31188BFF36F8FE7E7002CF5D0DC
:103D3000D4E9003213605A60237C002623F002038A
:103D40002374C4E90066A66004F1180005F008FDBC
:103D5000AC6094F90E302B612046C4F8B06005F0D9
:103D600000FC0648394605F05EFCC7E76FF0150019
:103D7000C5E74FF0FF30C2E7745500207E5D00209C
:103D800037B5EFF31185202181F31288BFF36F8FD0
:103D900004689CB12368426823F0030394420360E3
:103DA00008BF43600121204605F0E6FA044685F38A
:103DB0001188BFF36F8F204603B030BD52EA030174
:103DC000F5D0CDE90023294600F10C02083000F0BF
:103DD0008BFB0028EFD1024B9B685C69EBE700BFCF
:103DE0007455002070B5EFF31186202383F31288F9
:103DF000BFF36F8F0468A0421BD0D4B1D4E9003266
:103E000013605A60237C002523F00203C4E90055A7
:103E10002374A56004F1180005F0A2FCC4F8B050AA
:103E2000204605F09EFB31460A48BDE8704005F08B
:103E3000FABBD0E902329A4218BF013383600221F3
:103E4000103005F00BFE0028EDD186F31188BFF38A
:103E50006F8F70BD7F5D002013B5EFF311812024BB
:103E600084F31288BFF36F8F846844B1013C84608F
:103E700081F31188BFF36F8F002002B010BD52EAAA
:103E8000030406D181F31188BFF36F8F6FF00F0029
:103E9000F3E7CDE900230246014800F025FBECE7FB
:103EA0007F5D0020F8B50546EFF31186202383F3EC
:103EB0001288BFF36F8F00272C68A54219D0C4B1B8
:103EC000D4E9003213605A60227C002322F00202FF
:103ED000C4E900332274A36004F1180005F040FC2B
:103EE0006FF00A03C4F8B030204605F03AFB012712
:103EF000E2E70023AB60022105F1100005F0AEFD02
:103F000028B927B986F31188BFF36F8FF8BD314602
:103F10000248BDE8F84005F086BB00BF7F5D002089
:103F20002DE9FF41544E04462027EFF3118887F313
:103F30001288BFF36F8FD4F8BC50F5B9022104F199
:103F4000D40005F08AFA002870D004F1CC050022D4
:103F50000121284605F0CAFB0028F8D1002302936E
:103F60004FF0FF324FF0FF33CDE90023414604F11B
:103F7000C402424800F0C6FCD7E7D4F8C0202B6842
:103F8000C4F8BC30954208BFC4F8C030D4F8D4306F
:103F900043F00203C4F8D430EB6823F0040343F089
:103FA0000103EB606B6888F31188BFF36F8F2846BD
:103FB0009847EFF3118887F31288BFF36F8FEB6890
:103FC000D80623F001023ED4EA60EB689A0717D5C1
:103FD000306823F00203EB6090B10368002178B1F0
:103FE000426895423DD10368002934D1726833603C
:103FF000904200D17360002340F8083BFFF7F2FEC7
:10400000D4F8D43023F00203C4F8D430DB0530D424
:10401000D4F8BC30003B18BF012388F31188BFF3EC
:104020006F8F002B81D000F047FB7EE7D4F8D430AF
:10403000D90693D5C4F8D40088F31188BFF36F8FE5
:1040400004B0BDE8F08123F01103EB6005F110002E
:10405000FFF7C8FEB9E70B607368984208BF71604C
:10406000C9E701461BB11A6818461346B7E71A4656
:10407000FAE70023D1E700BF98550020805D0020BB
:10408000F8B5C3689A0704460E46C3F3400542D408
:104090005F0742D40B680BB983680B60E368D807ED
:1040A00044BFA368336037684CBF0225012557B36E
:1040B0001B4B9A68D7F8B8309A421ED105F011FA16
:1040C00080F00100C0B2D7F8D430D907C3F3800222
:1040D0001CD5F2B1F8B100232360D7F8C03073B912
:1040E000C7E92F44384605F0C3F9E36843F00403F9
:1040F000E3603368A3602846F8BD0020E3E71C6056
:10410000C7F8C040EEE76FF0150506E06FF0120546
:1041100003E01B07DFD56FF00F0500233360EAE7EC
:10412000745500200146014805F0C5B91812002059
:10413000F0B589B004460020C4E92F000E9D04F1BB
:10414000C400C4E9310004F1CC00C4E9330055B324
:104150002879002840F2011008BF0120C4F8D400DB
:1041600000204FF0FF364FF0FF37CDE90330CDE9A7
:104170000100CDE906670D4B0094204600F09EF843
:1041800055B1296811B1204600F012F86B791BB1C6
:10419000A38943F00103A381204605F087FAC4F800
:1041A000B84009B0F0BD0120D8E700BF213F0100B1
:1041B00010B5044608B9054B9C681F2204F178002D
:1041C00005F098FC002084F8970010BD745500207D
:1041D0002DE9F04F073285B022F0070204461E4653
:1041E0007F3200F15803C0E9163322F03F02129BE0
:1041F000A38100200D46119BDDF838A0139FA0601D
:1042000004213F2AC4E906002174A373E07305F179
:104210004009A2F1400B05D880F31188BFF36F8FDE
:10422000084602DF05EB020841462046EEF7ECFFA8
:104230000730109B20F00700C4E9269BC4F8A000BB
:1042400002930F9BA8EB000BCDE900A35A4633461F
:1042500029462046EFF7DAFA0F9BE3664FF0000895
:10426000109BC4F85480C4E9196A2367EFF31182E4
:10427000202181F31288BFF36F8F0F4D296A616788
:104280002C6282F31188BFF36F8F8FB11F223946E2
:1042900004F1780005F02EFC84F89780AB680BB130
:1042A000D3F8A430C4F8A430584605B0BDE8F08F68
:1042B00084F87870F2E700BF74550020F0B587B03D
:1042C00000250595109D04950F9D03950E9D029563
:1042D000DDE912760D9D01950C9D00950446FFF7D2
:1042E00077FFB6F1FF3F08BFB7F1FF3F05D056EAB1
:1042F000070305D1204605F0D9F9204607B0F0BDE7
:104300003A46334604F11800014900F0D9FBF4E7BE
:10431000CB9501000123037483810023C0E9263378
:10432000C0F8A430014B9860704700BF745500205E
:104330000A4A93686FF00A01C3F8B0100849C3F83D
:10434000AC004B6843F080534B60002383F311882B
:10435000BFF36F8F9368D3F8B00070477455002097
:1043600000ED00E070B590F91020037C002A2FDBEF
:10437000D9062DD11A4C63F07F032246037452F8FC
:10438000183FE169934207D1C0E900210860E0616C
:104390000FE09942F8D01B68002BF5D093F90E601E
:1043A00090F90E50AE42F4DD5968C0E90031086062
:1043B0005860A569954200D005B9E568A3681A7CE4
:1043C000D20606D1DA897F2A03D9AA690AB96361BC
:1043D00070BDAB4202D0284600F0D6FA6561F7E71F
:1043E0007455002038B590F91020037C002A01464E
:1043F00004DA03F07F03037405F07BF80D4D2A46C1
:10440000AB6852F8184F944200D004B9EC688B4264
:1044100007D01A7CD20604D1DA897F2A01D9A26991
:104420002AB1A34202D0204600F0AEFA23466B61C7
:1044300038BD00BF74550020B3F1FF3F08BFB2F193
:10444000FF3F03D00249183000F03ABB704700BF6D
:10445000CB950100034648B9EFF3058232B9064A0D
:1044600051699268914201D0FFF762BF83F31188CE
:10447000BFF36F8F704700BF7455002038B5184CDC
:10448000A168E0690B68814214BF1A46002249689E
:104490000B605960A368E1692AB9124AC3E9002197
:1044A0000B60E3610AE092F90E5093F90E00854229
:1044B00012DD5168C3E900210B605360A569094B07
:1044C0009D4200D005B9E568A3689D4202D0284608
:1044D00000F05AFA656138BD8A42DED01268DBE727
:1044E000745500208C550020F8B50E4B0C46114633
:1044F0000D4A98681060DDE90667EFF3118220220B
:1045000082F31288BFF36F8F9D68284605F003F889
:10451000284632463B46FFF78FFF2046BDE8F8406D
:10452000FFF706BF74550020A0550020F8B50446DB
:10453000EFF31187202383F31288BFF36F8F037C7F
:1045400003F01F02002A0CBF0126002649B235D114
:1045500003F07F03037404F0CCFF294D037C8173C7
:1045600063F07F032A46037452F8183FE8699342C8
:1045700007D1C4E900200460EC610DE09842F8D056
:104580001B68002BF5D093F90EC08C45F6DD5968F9
:10459000C4E900310C605C60AC69944200D004B99D
:1045A000EC68AB689C4202D0204600F0EDF96C61EB
:1045B00087F31188BFF36F8F3046F8BD9B071CD57A
:1045C000856804F096FF81732B689D4209D16B6862
:1045D000C4E900531C606C60EAE76A689A42F6D04E
:1045E0001B68002BF3D093F90E208A42F5DD5A6840
:1045F000C4E9003214605C60DAE78173D8E700BF79
:1046000074550020034648B9EFF3058232B9064AD3
:1046100051699268914201D0FFF78ABE83F31188F5
:10462000BFF36F8F704700BF74550020EFF3118107
:10463000202383F31288BFF36F8F054B9A68D37BD7
:10464000013BD37381F31188BFF36F8F704700BFB5
:104650007455002070B5EFF31186202383F3128880
:10466000BFF36F8F0F4DAB68DA7B0132DA732A46E6
:1046700052F8184F944200D004B9EC681A7CD20664
:1046800004D1DA897F2A01D9A2692AB19C4202D0D9
:10469000204600F079F923466B613046BDE8704052
:1046A000FFF7D8BE74550020024B03F11802C3E98E
:1046B000062270477455002070B5EFF31186202351
:1046C00083F31288BFF36F8F1A4CA168E0690B68FF
:1046D000814214BF1A46002249680B605960A368E2
:1046E000E1692AB9144AC3E900210B60E3610AE0D9
:1046F00092F90E5093F90E00854216DD5168C3E918
:1047000000210B605360A5690B4B9D4200D005B999
:10471000E568A3689D4202D0284600F035F965613E
:104720003046BDE87040FFF703BE8A42DAD0126817
:10473000D7E700BF745500208C550020F8B550EA2B
:10474000010306460C4603D1FFF7B6FF0020F8BD73
:10475000EFF31187202383F31288BFF36F8F124D7D
:10476000124BA8681860FFF73DFEA8681049234661
:104770003246183000F0A4F9AA68137C43F0040311
:10478000137404463846FFF7D3FDAB68D3E90A2318
:10479000B3F1004F08BF002AD8D105F016F8201A4F
:1047A00020EAE070D3E700BF74550020A055002038
:1047B000CB950100014B9868704700BF74550020ED
:1047C0002DE9F84304468789EFF31186202383F30C
:1047D0001288BFF36F8F037C190705D586F3118804
:1047E000BFF36F8FBDE8F883D90943F0080272D197
:1047F0000274A36813B1204604F083FE04F118008C
:1048000004F0AEFFA56D04F15808A84511D04FF093
:10481000000975B1284604F074FE05F1180004F093
:104820009FFFC5F8B0902846FFF79CFDA56DA845F1
:10483000EFD1DFF8C480D8F808309C4253D1EFF3B1
:104840000589B9F1000918BF4FF00109D8F81850CF
:104850002A4A954200D00DB9D8F80C50AB4202D08C
:10486000284600F091F82046C8F8145001F0E4FE04
:10487000204600F0D9F8B9F1000F02D02048FFF728
:1048800049FDD8F808309C4230D1EFF305836BBB6B
:10489000A289D20711D586F31188BFF36F8F83F3F6
:1048A0001188BFF36F8F0423184602DFEFF31186E0
:1048B000202383F31288BFF36F8F3046FFF738FD54
:1048C000FB078FD5002383F31188BFF36F8F042379
:1048D000184602DF86E703F07F0343F00803037402
:1048E00004F007FE85E74FF00009AFE786F3118873
:1048F000BFF36F8FE4E700BF745500208C55002094
:1049000040110020D3B5DDE90667089CCDE90067BA
:10491000FFF7EAFD1CB1034B9B685B69236002B0A3
:10492000D0BD00BF74550020027C12F01F02034668
:1049300010D10A4988420DD00949086868B1D9895F
:104940007F2909D893F90E20064B1B689A42B8BFFD
:10495000002070470020704710467047D00F00209D
:104960009C040020A4550020044BC01A044BC01026
:104970005843044B01221A54704700BFF81100201D
:10498000ABAAAAAA815D002070B50C4B0C4D1E7C11
:10499000FFF7CAFF182303FB06550446284604F018
:1049A000DFFE084B00229A553CB1621E284606499C
:1049B000BDE87040D31700F083B870BD7455002077
:1049C000F8110020815D00206949010038B5EFF33E
:1049D0001185202383F31288BFF36F8F0F4B104A8A
:1049E0009C681068A04206D1FFF7CEFF85F31188BE
:1049F000BFF36F8F38BD00211B7C1160094AD35C67
:104A0000002BF3D02046FFF78FFF0028EED0237C49
:104A1000DB0601D1FFF732FD2046E5E774550020A3
:104A2000A0550020815D0020EFF31181202383F346
:104A30001288BFF36F8F0A4A136A834207D15B6FF4
:104A4000136281F31188BFF36F8F70471346002BF9
:104A5000F7D05A6F8242F9D1426F5A67F1E700BF2F
:104A600074550020024B1868984208BF0020704718
:104A7000A0040020034B1B680BB9FDF771BE00209A
:104A8000704700BFA855002030B570B10B4B5B6874
:104A900098420AD0036843B1D3E90421D0E9044520
:104AA000121941EB0501C3E90421D0E9003213607A
:104AB0005A600023C0E9003330BD00BFA0040020CD
:104AC000B3F1FF3F08BFB2F1FF3F2DE9F84F0446B5
:104AD000994615461F467AD08160EFF3118820234E
:104AE00083F31288BFF36F8FB9F1000FDFF8E4A0F2
:104AF00020DBFFF7BFFFDAE90027013549F10009A4
:104B00002D1849EBE073C4E90453AD18064643EB96
:104B100007074FF00109FFF7A5FFDFF8BCE0DEF85B
:104B200004A00346EBB9C4E900EACAF80040CEF895
:104B3000044028E0DAE900126FF001035B1A4FF03D
:104B4000FF3161EB02025B1B62EB0902012B72F188
:104B50000001BCBF01230022C0E904324FF000096C
:104B6000D9E7D3E9041CD4E904208A4270EB0C0B8A
:104B700024DA891A5A686CEB0000C3E90410C4E90E
:104B8000003214605C60FFF76DFF84420ED1134B5E
:104B90001B685BB9B9F1000F02D1FFF76BFF064646
:104BA000304604F0C6FD0021FDF7ACFD88F3118806
:104BB000BFF36F8F28463946BDE8F88F521A60EB75
:104BC0000C005345C4E90420ADD01B68AAE70025BA
:104BD0002F46EFE710120020A0040020A855002067
:104BE0002DE9F047DFF8A890DFF8A880C9F80000A9
:104BF0000246FFF737FF0D4600260027D8E90013CD
:104C00004FEAE27E50B1D0E9044CA2427EEB0C0A9E
:104C10001BDAA41A6CEB0E06C0E9044652184FF0DA
:104C2000000443EB0E032046C8E90023C9F8004006
:104C300004F07FFD2146FDF765FD85F31188BFF384
:104C40006F8FBDE8F047FFF7C1BE611843EBE47317
:104C5000C0E90467C8E90013FFF716FF01224FF00F
:104C60000043C0E9042385F31188BFF36F8F836885
:104C70009847EFF31185202383F31288BFF36F8FDA
:104C8000D9F80020121BC9F80020FFF7EBFEB5E7AA
:104C9000A85500201012002010B5EFF31184202336
:104CA00083F31288BFF36F8FFFF7E4FE054A0346D4
:104CB000D2E90001181841EBE37184F31188BFF3C6
:104CC0006F8F10BD10120020F8B50446EFF3118766
:104CD000202383F31288BFF36F8FD0E90423B3F14D
:104CE000004F08BF012A04D087F31188BFF36F8FEC
:104CF000F8BDD0E90A566A1C46F10003022A73F196
:104D0000000334D3013D46F1FF36002EBCBF002521
:104D10002E4604F05EFD013041F10001401946EBE2
:104D20000101012871F1000148DB04F052FD01305E
:104D300041F100016FF00203401946EB010183428B
:104D40006FF000438B413EDB04F043FD013041F145
:104D500000016FF00102401946EB0103121A4FF0F7
:104D6000FF3161EB03031A492046FFF7A9FE236BCD
:104D700001332363236A63B187F31188BFF36F8F15
:104D800020469847EFF31187202383F31288BFF35F
:104D90006F8F54F8185FA542A6D0002DA4D02846E6
:104DA00004F0EEFB0023C5F8B03087F31188BFF3A1
:104DB0006F8F2846BDE8F84004F0D3BB6FF00102C6
:104DC0004FF0FF33CFE700224FF00043CBE700BFA7
:104DD000C94C01002DE9F04105461C4690461F468E
:104DE000EFF31186202383F31288BFF36F8FB4F1A2
:104DF000FF3F08BFB2F1FF3F05D186F31188BFF333
:104E00006F8FBDE8F081002C09DB012A74F10003EB
:104E1000BCBF0122002412F1FF3844F1FF372846BD
:104E200004F09EFCDDE906010023C5E90A012B63BD
:104E300042463B4628460249FFF742FEDDE700BFF7
:104E4000C94C010070B50546EFF31184202686F3A6
:104E50001288BFF36F8F04F083FC20B184F31188B4
:104E6000BFF36F8F70BD6B6A63B184F31188BFF3BA
:104E70006F8F6B6A28469847EFF3118486F3128888
:104E8000BFF36F8F05F1180004F0AFFB0028E5D0E9
:104E900004F067FB21460248BDE8704004F0C3BB44
:104EA000825D0020F0B51423154E03FB01000024A1
:104EB000202701B9F0BD10F8073C40F80C4C03F076
:104EC0003F03102BA0F1140C0CD826FA03F3DB07D8
:104ED00008D550F8143C2BB150F8105C2B605D6085
:104EE00040E9054482F31188BFF36F8FEFF311821D
:104EF00087F31288BFF36F8F01396046D9E700BF8F
:104F0000160101002DE9F74F1D46274B9F6801232D
:104F100087F8603087F8613052EA050316460CBF07
:104F20000123002307F16002804604F0CDFC814696
:104F3000EFF3118B4FF0200A8AF31288BFF36F8FC3
:104F400097F860404CB901465A464046FFF7AAFF21
:104F50008BF31188BFF36F8F0BE0002387F860306D
:104F600056EA050309D18BF31188BFF36F8F6FF0F9
:104F70000A04204603B0BDE8F08FCDE900650B4A76
:104F80000B485946FFF7B0FA0446EFF311858AF350
:104F90001288BFF36F8F2A4649464046FFF782FFCB
:104FA00085F31188D6E700BF74550020A8040020BF
:104FB000835D002010B50346EFF31184202282F3B5
:104FC0001288BFF36F8FC160012181600068834246
:104FD00005D184F31188BFF36F8F002010BDD0E995
:104FE000003213605A600023C0E9003304F0F3FC80
:104FF0000248214604F017FBEFE700BF835D002065
:10500000F8B507460C46164604F06BFA08B10020C6
:10501000F8BD0E4B9B68D3F8A450002DF7D0221D8D
:10502000F5D2EFF31184202383F31288BFF36F8F3F
:1050300047F004012846B04784F31188BFF36F8F0F
:105040000028E4D040F8045BE2E700BF745500207C
:105050000146024A0020FFF7D3BF00BF7F5A01007C
:10506000014800F0A2BD00BF1BCA010007B5074BF5
:105070000093074907484FF0FF334FF40062FFF7F2
:1050800057F8002003B05DF804FB00BF48AA0100F8
:1050900040C20020181200200CB430B58BB004467A
:1050A0000D462022002102A804F00CFD02238DF8F9
:1050B0000A30002D0C4B0393069412DB01D06B1EBB
:1050C0001C440FAA0E99079402A8019200F00EF852
:1050D00015B1069B00221A700BB0BDE8304002B03B
:1050E00070470024EDE700BFE19B01002DE9F04F80
:1050F0008BB04368009383789C078046924640F1CA
:10510000F98000250878002800F0F68025280AD0CC
:105110004B1C019301354146009B98470028C0F283
:10512000E3800199EEE74E788B1C252E0193F1D098
:105130000027B9463C460A221F2C22D8A6F120039C
:10514000102B20D8DFE803F0141F1F1A1F1F1F0B9E
:105150001F1F1F121F171F1F090044F00104019B8E
:1051600013F8016B0193002EE6D13AE044F00204FB
:1051700044F00404F3E744F00804F0E744F01004BA
:10518000EDE77F2C24D8A6F13003092B08D8600660
:105190004EBF02FB073702FB093944F02004DEE76B
:1051A0002A2E0DD161065AF8043B53D4002BA7BF19
:1051B00044F020049946C3F1000944F02804CEE7E6
:1051C0002E2E05D1630600F1978044F04004C6E717
:1051D0006C2E2ED028D8682E32D06A2E37D04C2E86
:1051E00035D0002F46F02003B8BF24F04004A3F1CF
:1051F0006502BCBFA4B20027022A01D9612B2BD1C2
:105200000AF1070A2AF0070A9C4E0AF1080A072742
:10521000210760D506EB070B34465C455DD1AE1B1C
:10522000A219A9EB070959E1742E98D07A2E96D0CD
:10523000D7E7260648BF44F4007444F080048EE7A4
:10524000E00548BF44F4007444F4807487E744F4F4
:10525000207484E71F4682E7A6F16302122A00F257
:10526000D880DFE812F013004D00D600D600D6003B
:10527000D6004D00D600D600D600D600D600E800F5
:10528000D100D600D6001A00D600A0005AF8043B80
:105290008DF81030012704AEBAE75AF8046B784B4A
:1052A000002E08BF1E4614F0400F14BF39464FF0C1
:1052B000FF31304604F031FC0746A9E7009B414628
:1052C0002020984700280FDB013CA742F6D34D442D
:1052D0002D1BA1469EE74C46F7E714F8010B009BF7
:1052E00041469847002898DA98F8023043F00403C2
:1052F00088F802304FF0FF3528460BB0BDE8F08F3C
:10530000220630D5A3052AD50AF1070A2AF0070399
:105310009A4659685AF8080B24F0100B00291FFA16
:105320008BFB2FDA404261EB41014BF4806B04AC04
:105330000A23224604F0FDFB1BF0400FA0EB040201
:1053400000F08E802BF001049742A4B240F38F80CE
:10535000002E40F08E802BF01104A4B21DE05AF80C
:10536000040BC117D8E7E0055AF8041B01D408461E
:10537000F7E7A2054BBF48B208B241F3C01141F3B1
:10538000C031C9E750EA0103D1D16306CFD5002F60
:10539000CDD124F01104A4B23A463B4640F2064176
:1053A0000C4262D124E024F01004A4B20A2314F0C9
:1053B000800243D014F400711FBF0AF1070A2AF0DB
:1053C00007029246516814BF5AF8080B5AF8040BAA
:1053D00050EA01023ED124F0160B62061FFA8BFB45
:1053E0003CD5002F3AD124F01704A4B23A463B46EC
:1053F00021075AD4E10705D5994572DDA9EB0303CE
:105400009F184B469B464AE044F010041023782630
:10541000CDE7782B04D1C6F1780343F01003C6E73B
:10542000009B4146252098470028FFF65DAF0235D6
:105430004146304670E608230026B8E714F4807130
:105440005AF8040BC4D014F400711ABFC0B211464C
:1054500080B2BDE724F006041FFA84FB04AC68E7C1
:1054600013465C46E10699D52EB90133C0E71346D1
:10547000F8E73B46F6E70233BAE700BF59CA010036
:1054800052CA0100CDE902324146009B20209847D4
:105490000028FFF629AFDDE902320BF1010BD945F7
:1054A000F0DCEB1A03EB0B055B46E10627D5CDE9F3
:1054B00002324146009B302098470028FFF614AF87
:1054C000DDE902327EB901352F44791B8A4229DB9E
:1054D000144604AE9CBB2A44A9EB0309154691442B
:1054E00042E017468EE7CDE90232023541463046AA
:1054F000009B98470028DDE90232E5DAF4E640F245
:1055000006410C42E0D014F0020F14BF2B202020E3
:1055100014F4806FCDE9023205F10105414618BF50
:105520002D20E5E7CDE902324146009B3020984727
:105530000028DDE9023205F10105C6DAD4E6013CB6
:10554000CDE90232305D009B414698470028DDE9F5
:105550000232BFDAC8E6009B414620209847002867
:1055600005F10105FFF6C0AEA9EB0503002BF2DC47
:10557000D7E500BF38B5C0F3C7537F3B162B0146B4
:1055800020F0004519DC002B024608DA00281BDA5F
:10559000002D0E4908BF4FF00041084638BD0C48A9
:1055A00018410842F9D00029BEBF4FF4000141FA6A
:1055B00003F3D21822EA0001EFE7B5F1FF4FECD375
:1055C000EAF7A4FD0146E8E70021E6E7000080BF16
:1055D000FFFF7F00704738B50C461546EBF70AFB16
:1055E0002A462146BDE8384000F07BB87047704736
:1055F000072908B50AD008290CD005290ED1EBF7E8
:10560000F9FA0221BDE80840EBF7A6BAEBF7F2FA87
:105610000321F7E7EBF7EEFA0421F3E708BD704743
:10562000072908B50AD008290CD006290ED1EBF7B6
:10563000E1FA0121BDE80840EBF78EBAEBF7DAFAA0
:105640000321F7E7EBF7D6FA0421F3E708BD0220C0
:10565000EBF792BE08B5EBF7CDFABDE808400421A0
:10566000EBF77ABA70470220EBF786BE1FB500F160
:10567000C00401A9204600F08AF80028F9D001985A
:105680000028F6D00368DDE902121B689847F0E7AE
:1056900070B5044604F1C00500F05EF804F58076AC
:1056A000284600F061F8F0220021304604F00AFAA2
:1056B000284614230C22314600F05EF8204670BDC7
:1056C00010B5036804461B689847E3681BB1C4E93A
:1056D00001330023E36060680368BDE810401B6885
:1056E0001847406810B103689B681847704770B549
:1056F0000446406803685B680D4698476368C4E9E0
:1057000001532B6828461B68BDE870401847C160EC
:10571000704743689868704710B1036C03B118472D
:10572000704708B590F84C3081641BB100F051F817
:10573000002008BD00F036F8FAE708B5816CFFF7E5
:10574000F0FF002008BD00F059B8436B1BB11A6888
:105750000AB158681047704710B5C02204460021AE
:1057600004F0B0F9204610BD10B5402204460021D7
:1057700004F0A8F9204610BD03F058BD08B500227A
:10578000002303F067FDB0FA80F0400908BD08B5BA
:105790004FF0FF324FF0FF33FEF7CCF9B0FA80F054
:1057A000400908BD13B5044640F2E7304FF47A7261
:1057B000002300EBC130490CEAF726FE02460B46F7
:1057C00000210020CDE900012046FFF703FB02B0D5
:1057D00010BD13B5044640F2E7304FF47A7200234F
:1057E00000EBC130490CEAF70FFE02460B46CDE94B
:1057F00000012046FFF7EEFA02B010BDFFF722BB12
:1058000013B50024019401A802F03AFC60B9019894
:10581000C4060BD441070BD482070BD4C3070BD4A7
:10582000C0F3C00002B010BD2046FBE70420F9E73A
:105830000520F7E70320F5E70220F3E708B503F0BA
:10584000C8FF4FF47A72A0FB020302FB0131C00BC8
:105850004FF47A72002340EA4140C90BEAF784FD15
:1058600008BD012303FA01F103691B68194218BF3F
:1058700082F0010212B18368DB68184783681B69F4
:10588000FBE7002202210320EBF74CBB0B6803600F
:105890007047002201210420EBF744BB01607047F0
:1058A000FEE700EBC100408840087047F8B50346AA
:1058B000FFF7F7FFB0FA80F0C0F11F0003EB800C98
:1058C000CA00DCF81060171D0C4606328DB256B9BE
:1058D000012101FA00F0D9680143D960CCF81040E9
:1058E000DD539D52F8BDF1000431585AD85303EBF3
:1058F000C0009E52C5805D52F4E710B500EBC104B4
:10590000E3888B4202F104010AD1012303FA02F277
:10591000C36823EA0203C360002340F8213010BDAE
:10592000A28840F8213000EBC20100EBC300CB801D
:105930008280F4E708B50346FFF7B3FFB0FA80F2C0
:10594000C2F11F021846BDE80840FFF7D6BF2DE997
:10595000F843B1FA81F3C3F11F0200EB8209064656
:10596000D9F810700D4687B9C3F120034FF0FF340A
:105970009C40F3681C4014D094FAA4F2B2FA82F26C
:10598000131D56F82340214608E03C464FF003081B
:1059900021463046FFF785FF854205D83046FFF7A0
:1059A000ACFF2046BDE8F88306EBC404B8F101085B
:1059B000E488C9F81040D7D0BC42E9D1D4E738B563
:1059C0000446FFF76EFF0D46034611462046FFF7DB
:1059D00068FF03449BB204EBC5055A006A80204669
:1059E000FFF75FFF014424F8313038BD70B504463D
:1059F000FFF757FF0B4604EBC305511A9B1A89B2F8
:105A000003444E009BB204EBC2006E805D004580F3
:105A100024F8321020461146FFF743FF014424F8D2
:105A2000313070BD70B509B9002070BD056801F056
:105A300007030B33CC0804EBD304AB689C4228BFAC
:105A40001C4621462846FFF782FF06460028EBD079
:105A500001462846FFF725FFA04207D932192846FC
:105A6000FFF7C4FF11462846FFF720FF05EBC602EB
:105A70001046538843F0010353800430D5E71146A4
:105A8000FFF7D0BF043A2DE9F843CC1D114424F0B0
:105A9000070421F00706A6EB04084FEAD807B7FA77
:105AA00087F2C2F12405AD004FF000090735C2F1BD
:105AB0002002ED0804604946A760C4F80C909200EB
:105AC00004F1100003F0FEFFAAB2530043F00103FB
:105AD00063807B1B9BB204EBC5015800A4F80090C7
:105AE000488024F83520A6F8029024F8083004EB0A
:105AF000C70329465A8842F001025A802046BDE871
:105B0000F843FFF7D3BE2DE9F04706460D4617468A
:105B100098462BB398F8004093F80190DB78A400E6
:105B200004EB430498F802301C4444444FF0000A4C
:105B3000CA4509D3D8F8042008F10803394630468D
:105B4000AC46BDE8F047604714F8013B48F82340F5
:105B50002046EAF77BFC013004440AF1010AE7E73A
:105B60006FF01500BDE8F08730B502460024002034
:105B700012F8013B43B178B18C4207D1702B04D0AD
:105B8000A3F140053A2D07D8002030BDA3F1400510
:105B90003A2D01D80134EAE7252B08BF80F0010037
:105BA000E6E70020704700F0DBBB0FB407B504A99F
:105BB00051F8040B019100F0D3FB03B05DF804EB46
:105BC00004B070470FB407B504A951F8040B019154
:105BD000FFF7E9FF03B05DF804EB04B0704710B5C0
:105BE0000369024613F0080009D11368D4689C4287
:105BF00097BF526AE31AD31A01200B6010BD00232D
:105C00001846FAE713B501A90446FFF7E8FF20B1EB
:105C1000019BE268013B13440193606A019BC01A37
:105C2000013802B010BD10B5044650182269636AED
:105C3000D20702D5013B184010BD984228BFC01AB8
:105C4000FAE710B504460A46C168FFF7ECFF23697E
:105C5000E06023F00803236110BD38B50D46026AE9
:105C60008B00016843F0020342F8213004460168CA
:105C70002A46FFF7D8FFE36861682060984202BFB8
:105C8000236943F0080323612A462046FFF7CBFF30
:105C9000606038BD2DE9F74FD0F80CB0066A00926D
:105CA00016F82B2002F00302022A08BF56F82B2018
:105CB0009A4606EB8B030F4601934FF00001009BC1
:105CC0000CBFC2F39D09894619600446CAF800104A
:105CD000B9F1000F07D04946FFF7B3FFE368A360AF
:105CE0004FF0010804E001698A0705D44FF000086D
:105CF000404603B0BDE8F08FC16906EB8B008847D2
:105D000016F82B1011F001080546EFD08B071DD5B2
:105D10001FB139462046FFF7A0FF61682A4620469A
:105D2000FFF781FFD4E902138B42606007D12A4656
:105D30002046FFF778FF4FF000080146A060236976
:105D4000216043F00803E1602361D1E7014620466A
:105D5000FFF777FFE168A1601FB12068216A41F871
:105D60002090EA19CAF8002021682046FFF75BFF5F
:105D70002269206042F00802226116F82B2022F0EE
:105D8000010206F82B20DDE900321A60A8E770B5A1
:105D900004461546FFF747FF2368834205D1236970
:105DA000216023F00803236170BD226AAB0043F039
:105DB000020342F82130204661682A46FFF733FF8C
:105DC0006060F1E738B503695B07044606D5856A6C
:105DD000FFF718FF85422CBFA562A06238BD38B519
:105DE0000D4604462022002103F06CFEEB68E361BF
:105DF000AB68A3612B6823626B6863620022A262B6
:105E00002A6923B1591E194208BF42F001022261DA
:105E1000012204F12C000021BDE8384003F00DBB45
:105E20002DE9F04F9846436A87B000258B4204461F
:105E30000E46934603950595AA4638D3EFF311898C
:105E4000202383F31288BFF36F8F059A2AB1294666
:105E50002046FFF79CFF0023059304A92046FFF787
:105E6000BEFE0499B14207462AD32268236A13F87A
:105E7000221021F0030103F8221003EB820A2168AB
:105E800032462046FFF7CFFEE3682060984212D0EA
:105E9000002789F31188BFF36F8F039929B1A26995
:105EA0000AB12046904700230393002FC6D15046E5
:105EB00007B0BDE8F08F236943F008032361E7E7EB
:105EC00018B12046FFF7C9FEE3E75BEA08031CD0E0
:105ED000019103F006FB0199B8B9B9F1000F14D193
:105EE00089F31188BFF36F8F5A46434604F12C00A3
:105EF000FDF7B2FFEFF31189202383F31288BFF37C
:105F00006F8FB0FA80F77F09C3E705AB03AA20467D
:105F10002568FFF7BFFE0746BBE770B50446C369B7
:105F200008460D4698470246EFF31186202383F377
:105F30001288BFF36F8F2B7843F001032B706168D9
:105F40002046FFF770FE60602046FFF73BFF86F3B8
:105F50001188BFF36F8F70BD2DE9F8430446002709
:105F60002026EFF3118586F31288BFF36F8F236924
:105F7000A268190702D46368934200D2636A9B1A2D
:105F8000002B42D0206A10F8221011F0030300EB1E
:105F900082093AD0022B04D150F822305FEA9308EC
:105FA00005D1CB0720D4E369484698478046A168CD
:105FB00042462046FFF737FE0127A06041462046B3
:105FC000FFF73FFE3B4685F31188BFF36F8F002B31
:105FD000C7D137B1B9F1000F03D104F12C00FDF79F
:105FE00001FF4846BDE8F88341F0020100F82210A5
:105FF0004846E369D4F8088098474146024620465F
:10600000FFF711FE0023A060DDE79946DBE7F8B556
:106010000446C36908460D4698470646EFF31187C4
:10602000202383F31288BFF36F8F2B7823F00103B3
:106030002B7023699B0705D5E268236A03EB820373
:106040009D421AD12B7823F002032B70D4E9023140
:10605000994204D132462046FFF7E5FDA060314663
:106060002046FFF7EEFD87F31188BFF36F8F04F131
:106070002C00BDE8F840FDF7B5BE2B6860F39F0328
:106080002B60F0E7EFF31181202383F31288BFF335
:106090006F8F02698368120702D442689A4200D265
:1060A000426AD31A81F31188BFF36F8F181E18BF8D
:1060B00001207047036800220BB9184670478B42D5
:1060C00010D10B6842B942680360914200D143602D
:1060D00000230B600120704713604368994208BF9A
:1060E0004260F5E71A461B68E6E7838B13F0070367
:1060F00006D10368002B18BF032008BF002070479B
:10610000022B05D1C08BB0FA80F0400980007047A7
:10611000012B04D10368002B18BF0520EDE70020F8
:10612000704710B50C4600B111B96FF0150010BDE5
:10613000081D00F0C6F80028F9D1A368032BF6D992
:10614000F3E72DE9F0410D4607461946281D904614
:106150001E4600F0CAF8044638B133464246294686
:106160003846A446BDE8F0416047BDE8F08110B470
:10617000EFF31182202484F31288BFF36F8F8161C3
:1061800010BC0121ECF796B938B50C46054658B15C
:1061900051B10B6843B14B6833B12022002103F0A9
:1061A00091FC2C61002038BD6FF01500FBE7F8B5BD
:1061B00004460E46FFF7B5FF051E3BDBEFF31182E9
:1061C000202383F31288BFF36F8FE38BA78B4FF6E7
:1061D000FF718B4207F007072ED0062F2FD8DFE87C
:1061E00007F0182E082E180418006FF085050023FC
:1061F00003E00133E3830225012382F31188BFF317
:106200006F8FBBB100233A4631462046FFF799FF16
:1062100010E000233360636823B9C4E9006627B146
:106220003D46E4E71E606660F9E702212046ECF790
:1062300041F93D462846F8BD6FF00A05D7E76FF0F3
:106240000405D4E710B5EFF31182202383F31288FD
:10625000BFF36F8F848B04F00704022C0AD0012C4B
:106260000CBF6FF004006FF0850082F31188BFF35C
:106270006F8F08E0C38B013B9BB2C38323B92146D8
:10628000ECF718F9204610BD2046EEE738B5A8B166
:10629000A1B1EFF31185202282F31288BFF36F8F33
:1062A000848BFFF707FF30B104F0070085F31188F6
:1062B000BFF36F8F38BD6FF07700F7E76FF0150011
:1062C000F8E7034640B1426802F00302022A06D012
:1062D000032A04D0012A05D06FF0150070471A6810
:1062E000002AF9D000209860704710B5426881609C
:1062F00002F00302022A03460AD0032A0BD10468E3
:10630000002000225A6008B1FEF754FE204610BD5E
:1063100000680024F5E700242046F2E77047037880
:106320005B075FBF03684288C3F34A2303EB121085
:106330005DBF173020F00700800800207047002064
:10634000704702F0F2B80346BFF35B8F53E8000FCB
:10635000421C43E800210029F8D1BFF35B8F70474E
:106360001FB50023CDE90201CDE900331A461946D5
:106370001846ECF7B3FC05B05DF804FB0120ECF720
:106380005FBA002070474368DA7143681960436858
:1063900001225A71ECF746BA70B515460C4669B140
:1063A000D2E901369B1B99420AD813680A46014676
:1063B000981903F079FBAB682344AB60204670BDAD
:1063C0006FF01B00FBE770B50E46154619460446F4
:1063D00018B9BDE87040ECF733BA33B1C2F34A23C1
:1063E0001030120D184403F05FFBC4E9005620463C
:1063F000BDE87040ECF7D2BB2DE9F3415F1C4FEADA
:106400008708064608F1170020F0070080080C46B0
:106410001546ECF797FA0023ADF805308DF80730F4
:106420008DF8047068B10346019A43F8102FA8F163
:1064300004012A46294452F8045B43F8045F8A4267
:10644000F9D1A20102F4E07242EA482222F07F422E
:1064500022F47002002322F03F02314602B0BDE870
:10646000F041FFF7B0BF07B50123019201AAFFF782
:10647000C3FF03B05DF804FB07B5CDE90023022399
:106480006A46FFF7B9FF03B05DF804FB1FB5CDE91D
:106490000123069B039301AA0323FFF7ADFF05B079
:1064A0005DF804FBF8B506460D4614461F4604B9D0
:1064B000F8BD214628463A46B047241A0544F6E777
:1064C00010B5426881680446D2E900230068FFF7EE
:1064D000E9FF636800221A6010BD38B54B681A687E
:1064E000CB689A4205460C4602D10846FFF7E8FF02
:1064F0006368BFF35B8F53E8002F511C43E8001023
:106500000028F8D1BFF35B8FA3689D54002038BDED
:106510000A2838B504460D4602D10D20FFF7DDFFED
:1065200029462046FFF7D9FF002038BD2DE9F0436A
:10653000054689B008460E8891F80090D1F8088089
:106540000C461746ECF71CFC011EC6F38216C9F375
:10655000C2091FDB4846ECF733FB0346214660883F
:1065600051F8102B0296C2F34A22002A01EB0204D2
:10657000C0F30B1008BF00210022CDE90507CDE9CB
:106580000314CDE9002241462846ECF725FC09B06A
:10659000BDE8F0830023E1E743681B685B680020E7
:1065A0009961704743681B681A6852685360704766
:1065B0002DE9F04143681B685A68012111771D6875
:1065C000D5E90136D3E900482F681CB96B681C6017
:1065D000BDE8F081214630464246B847241A0644B9
:1065E000F3E743681B681868ECF72CBD70B5436887
:1065F0001D686B6898690C46ECF7FEF82146034667
:106600000F222868BDE87040184703F05BBA03F01A
:106610004BBA01460068ECF797BD08B5ECF7F0FD02
:10662000BDE80840EDF74CB90A460121FFF71BBF52
:1066300000210120ECF788BD6FF08500704761B63E
:1066400062B680F31188BFF36F8F704772B6002374
:1066500083F31188BFF36F8FBFF34F8F30BF62B6E4
:10666000BFF36F8F704772B6002383F31188BFF3B7
:106670006F8FBFF34F8F20BF80F31188BFF36F8FF1
:1066800062B67047202809D9B0F1004F08D8013808
:10669000B0FA80F0C0F11F0040007047082070473A
:1066A0003E20704708B5D1E904319847002008BD65
:1066B00008B5EDF71FFB002008BD704700230382DB
:1066C0004369C3607047816A8968EDF781BBEFF366
:1066D0001182202383F31288BFF36F8F00230B6096
:1066E000436833B9C0E9001182F31188BFF36F8F9B
:1066F000704719604160F7E710B50346EFF3118169
:10670000202282F31288BFF36F8F006828B15C6883
:1067100002681A60A04208BF5A6081F31188BFF373
:106720006F8F10BD027A01320272704710B508B146
:106730004B6843604C68002308464B60EDF7C8FB8C
:10674000204610BD83680B4403607047838802684D
:1067500019448180D018704730B484880568A31824
:106760008380281930BC03F09FB910B58388026874
:106770005C1C8480D154D01810BD034600689A88F0
:10678000401A11441860998070470268531E0360D4
:1067900083880133838002F8011C70478288521A73
:1067A000034682800068084418607047034600680A
:1067B0009A88521A01449A801960704710B503688C
:1067C0001C780121FFF7EAFF204610BD7047F2F761
:1067D000BFBB0023ECF702BA704737B505460C463D
:1067E000002001A9F1F71CFE9DF804302B709DF8E4
:1067F0000530237003B030BDEEF726BC08B502F0BB
:10680000E8FF4FF47A72A0FB020302FB0133C00BD6
:1068100040EA434008BD38B5054602F0DAFF4FF4C0
:106820007A72A0FB024302FB0131E40B44EA4140CF
:106830004FF47A720023C90BE9F796FD2A8038BD20
:10684000FFF7DCBF01207047014640F2E73008B592
:106850004FF47A72002300EBC130490CE9F7D4FD04
:10686000BDE8084002F009BF70477047EFF311839D
:10687000202282F31288BFF36F8F03607047036892
:1068800083F31188BFF36F8F7047EDF73DBE012092
:1068900070470020704770477047704708B5012067
:1068A000EEF792F90021212002F0E7FE0020EEF73A
:1068B0008BF9C520BDE80840002102F0DEBE10B50E
:1068C0000446C0B2EEF742FA002804DA2046BDE8DA
:1068D0001040EEF76FB910BD10B50446C0B2EEF728
:1068E000B9FA002804DA2046BDE81040EEF780B976
:1068F00010BD38B505460C46EEF732FB611B013181
:1069000090FBF1F303FB1100284438BD01380A4421
:10691000914200D1704711F8013B00F8013FF7E7C1
:1069200010440A44914200D1704711F8013B00F82D
:10693000013DF7E70244904200D1704700F8011B87
:10694000F9E782B082B00DF1080C0CE906000B44A7
:10695000BDF80420BDF810100A4491B212B2B2F58D
:106960007A7FA2BFA1F57A72013312B203608280EE
:1069700002B002B0704782B082B00DF1080C0CE991
:106980000600CB1ABDF80420BDF81010521A91B2BF
:1069900012B2002ABEBF01F57A7203F1FF3312B2C0
:1069A0000360828002B002B070471FB50023CDE9BA
:1069B000000103A80293ADF80C30FFF72CFF009BF9
:1069C000BDF804100290181ABDF80C30C91A8BB229
:1069D00009B20029BEBF03F57A7300F1FF3019B286
:1069E000EDF74CFD05B05DF804FB1FB50446002330
:1069F00003A80293ADF80C30FFF70DFF01A9029038
:106A00006846EDF741FD029B009ABDF80C101A4450
:106A1000019B0B4499B21BB2B3F57A7FA2BFA1F5DB
:106A20007A7301321BB220462260A38004B010BDED
:106A300037B50023044601A80093ADF80430FFF7F2
:106A4000EAFE0090DDE9000184E80300204603B07F
:106A500030BD70B50446FFF7F5FE0123637226686A
:106A60000546EDF719FD2844864203D2EDF714FDE3
:106A7000054425602068BDE87040EDF71DBD00238A
:106A8000C0E90033C0E9031303814361704738B59F
:106A900005460846FFF7E8FE04462846EEF712FBD7
:106AA000FFF7D0FEA04238BF2046C5E9000038BD40
:106AB00008B5FFF7C5FEBDE80840FFF7D6BE38B5FC
:106AC000044650B1FFF7BCFE05462046FFF7CCFE5A
:106AD000281ABDE83840FFF7C8BE38BDFFF7B4BE7E
:106AE00007B501228DF807100DF10701FFF7F4FE3D
:106AF00003B05DF804FB07B501220DF10701FFF7B4
:106B0000DEFE9DF8070003B05DF804FB10B50446F7
:106B1000012064B9FFF7BFFE0120FFF7ECFF00F092
:106B2000F80121430120BDE81040FFF7D9BFFFF76E
:106B3000B3FE0020FFF7AFFE2046FFF7AEFEEBE707
:106B4000F8B516461D460C460746EEF73DFE0020FA
:106B5000EFF76AF83846EEF77DFB2046EEF7E0FAED
:106B6000044601461220FFF7BBFF21461320FFF722
:106B7000B7FF0520FFF7CAFF0120FFF7AFFFFFF7C0
:106B800097FF04462046FFF79AFFA84204D301244A
:106B9000EEF71AFE2046F8BD0020EFF721F8B042CC
:106BA000F0DD0024F4E738B50120EFF73DF8FF21D0
:106BB0001120FFF795FF0520FFF7A8FF00242546C9
:106BC0000120FFF78BFF2C20FFF795FF00F001005D
:106BD000A0400134202C45EA0005F1D1EEF7F4FD88
:106BE000284638BD08B5FFF754FE013008BD10B582
:106BF000102204460021F130FFF79CFE0021C4F86A
:106C000014112046F022BDE81040FFF793BE024663
:106C100008461021EFF7C0BB2DE9FF41D0F8143131
:106C200004460E4615469BB3C3F1100890454746EF
:106C300000F2011028BF17461844BAB2FFF766FEEB
:106C4000D4F814313B440F2BC4F814312ED9A84585
:106C50002CD204F1F00304F5807113F8012F187C95
:106C60008B4282EA00021A70F7D104F1F108102277
:106C700041466846FFF74AFE224669466846EFF7F6
:106C800007FC102269464046FFF740FE3E44ED1BDC
:106C900004F5807804F1F107102D0AD8AAB2314624
:106CA00004F20110FFF732FEC4F8145104B0BDE83D
:106CB000F08104F1F003711E13F8012F11F8010F98
:106CC000434582EA00021A70F6D11022394668461E
:106CD000FFF71CFE224669466846EFF7D9FB1022F3
:106CE00069463846FFF712FE1036103DD4E770B5FE
:106CF00088B00C461022002105466846FFF71AFEB0
:106D0000224669466846EFF7C3FB9DF90030002B29
:106D10006A464FF0000143DA137812F8010F01318F
:106D20005B0043EAD0130F2902F8013CF4D19DF82F
:106D30000F305B0083F08703D4F81421DBB2102AF4
:106D40008DF80F303BD104F58073694604F58870E7
:106D500013F8016F11F8012B984282EA06021A70AB
:106D6000F6D104F1F00304F5807113F8012F187CBB
:106D7000994282EA00021A70F7D110220DEB02004C
:106D800004F1F101FFF7C2FD2246294604A8EFF7FE
:106D90007FFB102200216846FFF7CCFD08B070BDD4
:106DA000137812F8010F01315B0043EAD0130F2969
:106DB00002F8013CF4D19DF80F305B00BCE79DF96F
:106DC0000030002B69464FF0000039DA0B7811F8DB
:106DD000016F01305B0043EAD6130F2801F8013C34
:106DE000F4D19DF80F305B0083F08703DBB28DF8A0
:106DF0000F30A318802183F8011102F20113C4F1AE
:106E0000FF21234401F57F010026C8180F2826D949
:106E1000531C102BC2F10F0288BF00221A44C4F881
:106E2000142104F58073694604F5887013F8016F26
:106E300011F8012B834282EA06021A70F6D190E71C
:106E40000B7811F8016F01305B0043EAD6130F286D
:106E500001F8013CF4D19DF80F305B00C6E703F860
:106E6000016FD2E77E2B01D8EFF7CCBC032070472F
:106E700030B50D4685B01446014668B103AA00201E
:106E800000922A460390EFF7BDFC18B90398001B47
:106E900018BF012005B030BD0220FBE709B1EFF7B4
:106EA0008FBD022070477FB50E4614460546A8B137
:106EB00010220021684602F005FE7F2C01D1082E29
:106EC0000ED16B46324610212846EFF73BFD18B92C
:106ED00069462046EFF774FD04B070BD0220FBE761
:106EE0000320F9E72DE9F04F93B0DDE91D649DF82B
:106EF00070500191814617469846002B6CD0002EA9
:106F00006AD0002C68D0212D68D8FF2819462A465F
:106F1000304614BF4FF0030B4FF0010BFFF7F6FCA8
:106F2000691E5A46731C89B208F10100EFF70AFD89
:106F30008346002854D196F80B8073194FEAD8186D
:106F400084F8008013F8024C13F8031C13F8042C87
:106F500013F8013C240444EA0124144344EA036482
:106F6000B8F1000F0CD1291F0123224689B2304607
:106F7000FFF77EFF003818BF012013B0BDE8F08F87
:106F8000CDE903000199059008220DF10D000DF1E6
:106F90000C0A8DF80C90FFF7C3FC8DF815702D22AC
:106FA00059463F0A06A88DF8167002F08BFD0C2298
:106FB000514606A8FFF7AAFC2A4631460DF12300E8
:106FC000FFF7A4FC02232246E91D06A8FFF750FFA5
:106FD000002818BF4046D0E70220CEE70520CCE7C6
:106FE0000720CAE7FFF7F8BBC0B1B9B1037B13F0C4
:106FF0000F0306D090F820201AB100230B70002058
:10700000704790F828200AB90123F7E743B990F8B0
:1070100020300BB90223F1E70323EFE70320704789
:10702000172070472DE9F04F8BB08A460093149BD0
:10703000416890F90C8090F90D6090F80EB01960DD
:10704000477804469146002F58D002238DF810301F
:1070500004A9C37B007C8DF8123000F04CFBB4F81F
:1070600008C0618943B26068984545466144B8BF2D
:107070001D46604534BF00270127884209D30A21F5
:107080008DF81010207C019304A900F034FB019BC3
:1070900046B2B4F808C0608961680CEB400E7145D7
:1070A00019D3A1EB0C01B1FBF0FC00FB1C1191B951
:1070B000984503DC2378CBB94FF0010B20238DF8E2
:1070C0001030207CE37B8DF8115004A98DF812302C
:1070D00000F011FB45B2009B8AF80050384689F851
:1070E000006083F800B00BB0BDE8F08F0223207C75
:1070F0008DF8243006A900F00EFBDDE74546EAE7EF
:10710000704770477047704700207047704770475E
:107110007047002070470020704700207047002013
:1071200070470020704770477047704702207047D3
:107130000220704702207047704700207047704758
:1071400070470020704700207047704770477047B5
:107150002DE9F043054685B00C46994690467AB332
:10716000062806D0072806D0052827D001260127A3
:1071700003E00426FBE702260027102200216846D0
:1071800002F0A0FC230A8DF801400822414601A824
:10719000240C8DF802308DF800608DF80340FFF765
:1071A000BFFB2A4639466846ADF80C90FFF77BFED8
:1071B000002818BF0E2005B0BDE8F0830326D6E7EF
:1071C0000920F8E7F0B585B007460C4616460021C1
:1071D000102268461D4602F075FC072F0CBF0223E3
:1071E00001238DF800308DF80140230AADF80460CA
:1071F0008DF80750240C360C2D0A3A4601216846BA
:107200008DF802308DF803408DF806608DF8085037
:10721000FFF749FE002818BF0E2005B0F0BD2DE98C
:10722000F04188B00C46DDF83C8016461D46074606
:10723000002850D010220021684602F043FC1022A2
:1072400000210DEB020002F03DFC01238DF810300F
:107250009DF838308DF815302B0CADF816508DF8A0
:1072600018302D0E4FEA1843ADF81A804FEA18680F
:107270008DF81D808DF819508DF81C304FF00008E6
:107280005FFA88F31D01002CEDB203DC002008B08A
:10729000BDE8F081013310218DF81F3032466B4676
:1072A0000DEB0100EFF74EFB0346B0B9102C204662
:1072B0003D44A8BF102069462A7811F801CB01335C
:1072C00082EA0C02984205F8012BF5DC103C24B24E
:1072D00008F10108D4E70920D9E70E20D7E71FB548
:1072E00010220021684602F0EDFB7F22082168464B
:1072F000FFF7D9FD002818BF0E2005B05DF804FB8C
:1073000013B500230C460193D2B101A9F2F7EEFEAA
:1073100018B9019B591C02D1146002B010BD99B27A
:10732000611A002902DD0B441360F6E702D11360F5
:107330000720F2E76FF30F0303F580332344F3E7ED
:107340000920EAE71FB50446A9B91022684602F0F1
:10735000B9FB012C08BF20234FF008024FF00001B9
:10736000684608BF8DF80030FFF79DFD002818BF64
:107370000E2004B010BD0A20FBE710B5044600281B
:1073800045D00168002942D011F8013B4371032226
:107390000630FFF7BBFA2046032250F8091B0431E0
:1073A000FFF7B4FA2168CB79E3600A7A43EA022353
:1073B000E3604A7A43EA0243E3608A7A43EA02637B
:1073C000E360CB7A23740B7B63742379212B1AD16E
:1073D00010220D3104F11200FFF798FA1D222168E6
:1073E000501C8B5C6362085C43EA0023901C636260
:1073F000085C033243EA004363628A5C43EA026347
:107400006362002010BD112B03DC0D22E7E7022090
:10741000F8E70120F6E710B50446002854D00168CB
:10742000002951D00B7843714B7883608A7843EA06
:1074300002238360CA7843EA024383600A7943EAFD
:10744000026383604B7903738B79C381CA7943EA02
:107450000223027BC38102F00F0208311030FFF7D4
:1074600055FA237B002203F00F0384F8202084F8D0
:107470002820227903F10800111A04290DDD216862
:107480000933043AD21A085C84F82000D2B2606A48
:1074900084F828201944FFF739FA237922681A441E
:1074A000002012F8043CE36212F8031C43EA0123B3
:1074B000E36212F8021C43EA0143E36212F8012C72
:1074C00043EA0263E36210BD0220FCE710B5044604
:1074D00060B3036853B30279162A29D942791A7026
:1074E0000146082251F8060B0130FFF719FA214630
:1074F000082251F80E0B0930FFF712FA2368E28ACE
:107500005A74E38A22681B0A93742368A269DA74A6
:10751000A36922681B0A13752368628B5A75236856
:10752000E27E9A7517232371002010BD0120FCE72D
:107530000220FAE710B5044600282FD003686BB389
:107540000279172A2CD942791A70036882795A7005
:107550000146082251F8070B0230FFF7E1F92146F6
:10756000082251F80F0B0A30FFF7DAF92368228B53
:107570009A74238B22681B0AD3742368E2691A75F4
:10758000E36922681B0A53752368E28B9A752368A6
:10759000E27FDA7518232371002010BD0120FCE77B
:1075A0000220FAE710B5044600282FD003686BB319
:1075B0000279122A2CD942791A70036882795A709A
:1075C0000146032251F8070B0230FFF79FF92146CD
:1075D000082251F80A0B0530FFF7A2F92368628AE6
:1075E0005A73638A22681B0A937323686269DA7389
:1075F000636922681B0A13742368E28A5A74236839
:10760000E27D9A7413232371002010BD0120FCE752
:107610000220FAE738B50446002863D00168002943
:1076200060D0037B90F8282003F00F03002A57D185
:107630000833207904321344984255D363790B7090
:107640002368A2685A70A36822681B0A9370236893
:107650006289DA702368E27A1A712368227B5A7190
:107660002368E2899A71E38922681B0A2146D37153
:10767000227B51F8100B02F00F020830FFF746F999
:10768000237B94F8282003F00F0303F108052AB1A7
:10769000226894F82010515503F10905206894F8E8
:1076A0002820616A2844FFF731F994F828302268CD
:1076B000E16A2B44D1545A1CE16A206892B2090A4B
:1076C00081549A1C2168E08D92B28854DA1C21689A
:1076D00094F82F0092B2043388542371002038BDEF
:1076E0000933A6E70120FAE70220F8E7A0F1080332
:1076F000584258417047082882B003D1084602B06A
:10770000F3F7DAB9002002B07047082802D1084622
:10771000F3F76EBA7047082802D10846F3F782BA29
:1077200070470346082B0846114601D100F0B9BA4C
:1077300000207047082802D10846F3F7FDBA7047C9
:10774000082802D10846F3F725BB0020704710B483
:107750000446082C084611461A46019B02D110BC6B
:10776000F3F754BB10BC70470346082B084611467C
:1077700001D1F3F777BB0020704710B40446082C02
:10778000084611461A4602D110BCF3F7B7BB0020D9
:1077900010BC704730B40546082D084611461A46FD
:1077A000DDE9023403D1029430BCF3F723BC00209E
:1077B00030BC7047082802D1084600F095BA002076
:1077C0007047082802D1084600F0B7BA0020704779
:1077D000082802D1084600F0B3BA002070470828F4
:1077E00002D1084600F0AFBA002070470346082BCC
:1077F0000846114601D1F3F7F9BC0020704710B4D8
:107800000446082C084611461A46019B02D110BCBA
:10781000F3F702BD092010BC704710B40446082CD1
:10782000084611461A4602D110BCF3F797BDC8B2FC
:1078300010BC70472DE9F0419A42079E03DB9DF989
:1078400018309A421FDD0020BDE8F08131F814E0C5
:107850000CFB036300254EFA05F7FF0707D51F7AD7
:1078600007F00F08904502DCB2EB171F0FDD013562
:10787000102D03F10C03EED10134E4B22301DBB28D
:107880009842E3D8DFE700244FF00C0CF6E7012024
:10789000DAE7884204DB9042CCBF00200120704729
:1078A0000020704703461009B0EB111F10B54FEAD6
:1078B00011140DD391420BD233F8142001F00F01B3
:1078C000012000FA01F122EA010223F8142010BD80
:1078D0000020FCE7F0B528B100EB410501270020AE
:1078E000914200D3F0BD002435F802CB234607FABD
:1078F00004F636EA0C0608BF013304F1010408BFA0
:10790000DBB2102CF3D118440131C0B2C9B2E7E7A1
:1079100010B500B149B910BD31F8134020F813403B
:107920000133DCB2A242F7D8F5E70023F9E7038878
:1079300082B05AB9642B38BF6423C26859438A4263
:107940008CBF521A0022C26002B07047012B38BFB0
:107950000123F2E70378032B14D1437803F00F02DD
:107960001B098A704B7083788B80C27843EA0223AC
:107970008B800379C3F3021203F00F03CA700B70FC
:1079800005207047002070472DE9F347984643795A
:10799000057904468A469146A3B190F9062090F9EC
:1079A000076090F9087075B30F2A12D194F9092075
:1079B0000F2E1ED194F90A60072D24D1002F08BF85
:1079C000012720E090F90B7090F9092090F90A60E6
:1079D000E9E7A369019394F91530009394F9143001
:1079E0002169207BFFF726FF0028E1D105F0FD0586
:1079F000DEE794F91D30B3420FDC94F91C30B3423A
:107A0000DADA05F0FB0528468AF8002089F80060DC
:107A100088F8007002B0BDE8F0871E46CCE730B5AC
:107A20004FF47A750C1F6A4300FB042252001EBFFC
:107A300000F1FF341219B2FBF0F2914238BF114647
:107A4000039A1160820048431CBF013040084FF484
:107A50007A71121A01FB1323002BCABF03F2E7331A
:107A600093FBF1F1B3FBF1F1049B196030BD38B524
:107A7000400014460D46E8F7F9FB01462846E8F7B2
:107A800043FB2146E8F740FBFDF774FDE8F746FCB1
:107A900040B238BD2DE9F04F85B0CDE90112039316
:107AA00000231C461E464FF00C084FF01809028AAE
:107AB0001D01EDB2AA4206D8029B1E70039B1C70EA
:107AC00005B0BDE8F08F4FEA430E08FB05F7002232
:107AD000416831F80E101141C90725D5816801EBC5
:107AE000070AC95901B3017831B9416921B131F8A7
:107AF0000E101141C90717D59AF8081090F901B076
:107B000041F3030C4FFA8CFCDC450DDC41F303110F
:107B100049B2594508DB9AF809C0C16809FB0C1144
:107B2000097D49B90134E4B20132102A07F10C078A
:107B3000CED10133DBB2BAE7DDF804A0711C05EB4E
:107B4000020C0AF806C0CEB2EEE72DE9FF47044664
:107B50004068DDE90C671D468A469146FEF7AFFF97
:107B600023681B1A3B604FF000080123337085F82F
:107B70000080636813B12368834224D8CAF8008068
:107B8000D4F81CC0A3699CF800E00393D4E9030176
:107B900001AB83E80300237D0093DCF80C10237A0B
:107BA000627A7046F2F7C6FE38603346E0692A46CC
:107BB0004946FFF76FFF2B782BB1C7F800800020F4
:107BC00004B0BDE8F0873378002B0CBF0C200B20ED
:107BD000F6E737B590F9002090F902509542044637
:107BE0000FD0013A52B295420BD0A368019394F999
:107BF000013000936168E0782B46FFF71BFE0028F8
:107C0000EFD0104603B030BD8842B8BF0846704779
:107C10002DE9F3410023CDE900330E469046074697
:107C200018B9032002B0BDE8F0810029F9D0002A7C
:107C3000F7D00C786308E00737F813104FF0000313
:107C400054BFC9B2090A1D4641FA03F2D20706D54C
:107C500005F108026A44013502F8083CEDB201332F
:107C6000082BF1D16DB1691E0020FEF742FE00F134
:107C700008030DEB030010F8083C03EBC40388F87D
:107C800000300134E4B2082C28BF00241DB9337839
:107C9000A342CFD1C5E734700020C3E702FB001038
:107CA000704708B50A291DD8DFE801F0061C1C1C26
:107CB0001C0B0E101C1A1A00BDE808400068F2F7F1
:107CC000DBBE0422002103E00522FBE70D22082190
:107CD00090F90000FFF7DDFD003818BF012008BD56
:107CE0000E22EFE70020FAE738B505464068F2F7C4
:107CF000C3FE0D22841D082195F90000E4B2FFF7B0
:107D0000C8FD08B904F0FD0495F90000072205211B
:107D1000FFF7BFFD012803D095F900300D2B01DDE1
:107D200004F0FD0495F9010003220021FFF7B1FDE5
:107D300008B904F0FB04204638BD4FF0FF3070470F
:107D40004FF0FF3070474FF0FF307047012310B500
:107D50000621044600F8013BF7F7F2FA18B9A379B7
:107D600063F03F03A37110BD0B6803608B888380B1
:107D70008B798371037823F00203037070470078D6
:107D8000C0F34000704738B50446807AEBF7F4FF43
:107D90006169054649B1637ADB0704D4836A1B68CD
:107DA00020469B6898470023636121462846BDE82A
:107DB000384001F038BBFEF75FBB10B50346BFF398
:107DC0005B8F53E8000F40EA010243E80024002CD7
:107DD000F7D1BFF35B8F10BD0023EAF7FFBE38B5C4
:107DE00004460D46F3F7E0FB5F3005D129462046F7
:107DF000BDE83840F3F7B4BB38BDBFF35B8F50E844
:107E0000003F0B4040E80032002AF8D1BFF35B8FFF
:107E10007047033138B5C9B205460E20F4F72CFB84
:107E2000032104460C30FEF791FC01230370A0F8F7
:107E30000150204638BD70B505460E460F2004217E
:107E4000F4F71AFB042104460C30FEF77FFC0122F4
:107E5000067042704580204670BD08B5072201F0CB
:107E600039FEB0FA80F0400908BDFEF7FCBA0028E0
:107E70000CBF08460020704707B580B90621684648
:107E8000F7F75EFA40B99DF80530684603F03F0306
:107E90008DF80530F4F730FB03B05DF804FB6FF0AC
:107EA0001500F9E70120704710B50C4631B10020EC
:107EB000FFF7E2FF08B90123237010BD6FF0150032
:107EC000FBE7BFF35B8F0068BFF35B8F704703284E
:107ED00008B501D0F4F710FDBDE80840F4F724BD63
:107EE0000369C9B20C2202FB0133986C00F0070051
:107EF000704770B50346C9B20069EFF311862024BC
:107F000084F31288BFF36F8F0C2505FB0104A46C6A
:107F100014F0C00401D0A24211D105FB01000122DE
:107F20008264002086F31188BFF36F8F30B95B68DD
:107F30000C2202FB01335B689847002070BD4FF0B4
:107F4000FF30EFE78022FFF7D4BFF8B5069F046942
:107F50000546C9B2EFF3118C202080F31288BFF3DD
:107F60006F8F0C2606FB0146B06C00F0070EBEF1C9
:107F7000010F10D1B76400268CF31188BFF36F8F07
:107F80003EB90C2041430C44C4E910236B685B5894
:107F900098473046F8BD00F0C00087420CBF6FF034
:107FA00077064FF0FF36E7E713B580240094FFF71C
:107FB000CCFF02B010BD0069CBB200EB4310002132
:107FC00010471046FBF70EBF00F08EBBFAF7F4BD6A
:107FD00043685B68D3F810350B6000207047436836
:107FE0005B6802EA010021EA0201C3F80805C3F850
:107FF0000C150020704743685B680020C3F8081523
:10800000704743685B680020C3F80C1570474368ED
:108010005B68D3F8042521EA02001140C3F8080583
:10802000C3F80C150020704730B50369586800B3D9
:108030000024884219D108688CB99C685860A14214
:1080400000D19860002008602AB15A680A609A68D6
:10805000596002B9996000200FE02846E9E72060E6
:108060009868814208BF9C60ECE705680446002DD3
:10807000F3D1002AE9D16FF0150030BDFAF7ACBE9C
:108080004FF08043D3F8002402F00103910748BF6A
:1080900043F01003110748BF43F48073D10348BF76
:1080A00043F08003510348BF43F02003510748BF0A
:1080B00043F00203910348BF43F08003110348BF1C
:1080C00043F08003D20248BF43F00803036000205E
:1080D000704730B543681360057A446804EBC50403
:1080E000A34202D36FF0010030BD5C798C4203F1F2
:1080F0000803F0D10020F7E743681B68D3F8800439
:10810000C3F88004704742681368D3F8100150B177
:10811000D269002012780A70C3F81001D3F8102138
:1081200001221A6070474FF0FF3070470268034623
:10813000D2F8580140B95B68DB0706D4D2F82001B9
:10814000003818BF012070470120704743681B6842
:10815000D3F80423D20517D5D3F82021A2B1EFF329
:108160001182202181F31288BFF36F8FD3F8201181
:1081700031B10021C3F82011D3F820110121D960B9
:1081800082F31188BFF36F8FD3F85831704713B55E
:1081900001AA0446FFF79DFF002805DB019B22682A
:1081A00019791868F9F78CF902B010BDFEF75BB9C0
:1081B000002201210420EBF7E7BA10B50B6813B9D0
:1081C0001360184605E003685C681CB1146003681E
:1081D000186810BD083303600B68013B0B60EDE7C6
:1081E00030B504460069C56FD0F8843085B05DB9FC
:1081F00053BB2469636604F14C00FBF7F3FD0023D5
:1082000084F8903005B030BD03B3AB421A4628BFA6
:108210002A46816FC0F88C20009119B1002D14BF3F
:10822000114600210191D0F88010029181B1002BFC
:1082300008BF002203926946002200F0C2FD002818
:10824000E0D06FF00403D4E71A46E2E72A46E0E7FD
:108250000A46EFE708B50069C36A8B420AD190F875
:10826000903053B9C36B1BB903633430FBF7BAFDCD
:10827000002008BD6FF01500FBE76FF00F00F8E776
:10828000F0B587B001238DF8023002238DF8043059
:108290006B4403930E4601AB0DF103010027054625
:1082A000029104930597FAF78BFD041E0BDB03AADA
:1082B0003146284600F034FB041E07DA9DF803100F
:1082C0002846FAF777FD204607B0F0BD3C46FAE7AE
:1082D000F8B50C46054600F0D8FC002221460646BB
:1082E000284600F07FFC03212046F9F7FBFC00F054
:1082F0001CF907462B689B5953B100262146284696
:1083000000F0C1FC20460121F9F7ECFC3046F8BD35
:1083100000F00BF9C01B0628ECD96FF07306EDE7EF
:10832000FEF7A1B8002201212F20EBF72DBA10B5DE
:108330000B6813B91360184605E003685C681CB14C
:1083400014600368186810BD083303600B68013BB4
:108350000B60EDE713B501AA0446FFF7BAFE00284B
:1083600005DB019B226819791868F9F7A9F802B0B2
:1083700010BD03460A4600681979012303FA01F18A
:1083800003691B68194218BF82F0010212B18368A9
:10839000DB68184783681B69FBE710B50446006873
:1083A000D0B1037DC3B149B101210830FFF7E1FF2E
:1083B00023681869BDE8104000F0CBBE12B983886D
:1083C000DB0409D4006900F0C4FE20680021BDE888
:1083D00010400830FFF7CDBF10BD10B501220021BD
:1083E0000446FFF7DAFFA36933B9636004F11000B4
:1083F000BDE81040FBF7F6BC10BD10B50069C36ABC
:108400008B420AD1826A93420AD190F8944054B9BF
:108410002830FFF7E2FF204610BD6FF07700FBE742
:108420006FF01500F8E76FF00F00F5E738B5056954
:108430000446A96605F15000FBF7D4FC002285F83C
:10844000942020691146BDE838402830FFF7A5BFC9
:10845000F0B50469D4F88020D4F8883085B0064699
:108460003AB95BB91946304605B0BDE8F040FFF7B0
:10847000DDBF002B49D0934228BF13467068E16FDF
:10848000058ED4F884709D4228BF1D4679B172B123
:1084900001F06043B3F1005F09D0082D28BF082523
:1084A000D4F898002A4601F0FFFAD4F89810D4F8CE
:1084B000842062B1D4F888304BB107F06043B3F147
:1084C000005F04D0082DD4F89C7028BF0825E36F06
:1084D000C4F890502BB1D4F88030002B14BF2B4639
:1084E000002301939AB1D4F88830002B08BF0025EF
:1084F000009100226946204603950297FAF7C6FFCD
:1085000001460028AFD105B0F0BD1346B6E71546C9
:10851000EEE700F150039B009BB203F1804303F5AB
:10852000883300221A601B68704708B5F9F780FF8E
:1085300008BD4FF0FF30704708B5006990F834303F
:10854000994207D290F835303BB1C9B2FBF7BAF87F
:10855000002008BD6FF01500FBE76FF00A00F8E798
:108560001FB5046900230193CA070393236B029389
:108570005CBF012301938B0758BF019B01A958BF22
:1085800043F00803204658BF019300F09CFD0028EB
:1085900006DB204600F0A6FD012384F835300020DC
:1085A00004B010BD4FF08053D3F83021082A03BF28
:1085B000D3F83401B0FA80F0400900207047034638
:1085C0000020184700F0C5BD10B502461168B1B1D2
:1085D000BFF35B8FB1FA81F3C3F11F000123834026
:1085E00021EA030352E8004F8C4204D142E8003CE8
:1085F000BCF1000FF6D1BFF35B8FE7D110BD6FF078
:108600000B00FBE710B50368CB40DB0714D4012354
:108610008B400268BFF35B8F43EA020150E8004FD2
:10862000944204D140E8001CBCF1000FF6D1BFF326
:108630005B8FEED1002010BD6FF01500FBE770B529
:108640000C460021054608461646FAF7DBF948B9FC
:108650003378DB0003F1804303F5F833C3F810559A
:10866000C3F8144570BD10B1012802D07047FAF765
:10867000A3BAFAF753BA18B1012803D100F019B818
:1086800000F032B8704708B5FAF764FABDE8084060
:10869000FAF7D2BA4FF08053D3F83021082A06D126
:1086A000D3F8340102288CBF00200120704700203D
:1086B0007047FAF7F9B938B54FF080440223C4F88F
:1086C00008330123E3600023C4F80431D4F80431F3
:1086D00042F21075D4F81834DB0304D50120FFF7FB
:1086E00071FF013DF6D138BDFFF7E5BFF7B5019049
:1086F00001A8DDE9084716461D46FAF7D5FA019BA1
:10870000B6F1000C18BF4FF0010C00EB83000B1EFC
:1087100018BF0123002D43EA4C030CBF4FF0000C9F
:108720004FF00C0C002C43EA0C030CBF4FF0000C74
:108730004FF4E06C002F43EA0C03D0F800270CBF85
:108740004FF0000C4FF4403C43EA0C0322EA0303D1
:1087500001B109780EB13678760019430DB12D7844
:10876000AD0031430CB12478240229430FB13F7886
:108770003F040C433C43C0F8004703B0F0BD1FB5B5
:108780000DF10F03019300238DF80F1000931A468B
:108790001946FFF7ABFF05B05DF804FB10B50446C2
:1087A0000846FAF791FA04EB4004207DC0F340102C
:1087B00010BD10B504460846FAF786FA04EB4004EB
:1087C000207DC0F3400010BD10B504460846FAF7FE
:1087D0007BFA04EB4004A08A400B10BD70B5044640
:1087E00008461646FAF770FA08300D4634F810308D
:1087F000DA0509D5C3F3432304EBC302314654F829
:108800003330526828469847A3682BB1E268314656
:108810002846BDE87040184770BD10B504460846AC
:10882000FAF752FA04EB4000838ADA051DD5C3F348
:10883000432123F4F853838204F1120204F17200FD
:1088400032F8023F13F4807F03D0C3F343239942ED
:108850000BD08242F4D104EBC10300225A6004F130
:108860007800BDE81040FFF7CDBE10BD10B504463E
:10887000FFF794FF38B12046FFF7A6FF800000F510
:10888000807080B210BD4FF4BE70FBE7F0B50346B8
:1088900000F58074002005460127844695420AD1E0
:1088A000D3F87C2132B10022C3F87C21D3F87C318B
:1088B00040F00040F0BD25F0404607FA06F6314290
:1088C00009D0D4F800E0BEF1000F04D0C4F800C015
:1088D000D4F800E0304301350434DFE738B504460E
:1088E0000D46FFF75BFFA8B12046FFF762FF88B98E
:1088F0002046FFF769FF226801238340C2F808334E
:10890000236803EB8000D0F8103523F00303C0F890
:10891000103538BD28460021BDE83840FFF72FBF8D
:108920002DE9F043174685B004460846FAF7CCF91E
:10893000D7F800800E460546B8F1000F1ED020463D
:10894000FFF737FF18B12046FFF728FF20BB0023B1
:10895000CDE900338DF80E308DF80F300DF10F0298
:1089600043460DF10E013046FFF7C0FE04EB450211
:10897000938A23F0020343F0010393827B689BB345
:108980003146204693F80080D3F80490FFF711FF9A
:1089900028B1B9F1000F1FD06FF0150027E004EBEC
:1089A0004500838A23F4604323F020038382B9F1D6
:1089B000000F11D0B8F1030FEED87B6821685B6817
:1089C00093F800C04FEA8C031944B8F1000F11D19D
:1089D000C1F81085C1F8108504EB4502938A23F095
:1089E0001C0343EA88039382BB6843BB002005B0A5
:1089F000BDE8F083D1F8102522F00302C1F810255C
:108A000022681344D3F8102522F44F3222F4407226
:108A1000C3F810253202D3F8101502F47C5242EA52
:108A200008420A43C3F8102504EB4C03A3F87C600A
:108A3000838A43EA4C3343F020038382CCE7D3E9B3
:108A4000007831462046FFF7E8FE002FCED063685D
:108A50009F4206D004F17800FFF7B6FD002804DA43
:108A6000C5E7A3689845F5D1002004EBC003C3E92E
:108A7000017804EB4505C0B2AB8A43EA402343F4D6
:108A80008073AB82B2E72DE9F043054685B0084616
:108A900016461F46FAF718F90C46804626B32846B4
:108AA000FFF787FE18B92846FFF778FE18BB05EBDD
:108AB0004809B9F8143003F01C0313B17378012B83
:108AC00019D001238DF80F300023CDE90063721C0B
:108AD000B31C0DF10F012046FFF708FEB9F8143062
:108AE00043F00303A9F81430002F3FD02146284655
:108AF000FFF75FFE20B96FF0150005B0BDE8F08309
:108B00003E782B6803EB86030022C3F81025C3F8D8
:108B1000102505EB48024FEA860C938A23F4604344
:108B200023F020039382787800B32968BF786144EA
:108B30000004D1F8103523F4991323F4F853C1F845
:108B40001035230200F4403003F47C53034338050E
:108B5000D1F8105500F4801003432B43C1F81035B1
:108B6000938A43EA463343F0200393820020C4E70C
:108B7000C0E90312704770B504461546FFF70EFEB4
:108B800048B10846FAF7A0F804EB40040020A38A95
:108B90005B0B2B7070BD6FF01500FBE738B590F8DC
:108BA0008C4005469CB960222146143000F08AFFB3
:108BB0002868C0F87C41D0F87C3140F30730EAF7F0
:108BC000B3FD012385F88C30AB67204638BD6FF0CC
:108BD0007700FBE790F88C00003818BF0120704741
:108BE000FAF7ACB82DE9F34104461746FFF7D6FD76
:108BF0000D462668F0B12046FFF7DBFD8046C8B978
:108C00002046FFF7E1FD820002F5807346F80380FD
:108C1000F35823681344D3F8102542F00102C3F837
:108C2000102527B1226801238340C2F8043302B023
:108C3000BDE8F081D6F80433002BA4BF4FF0004309
:108C4000C6F804332846FAF73FF804EB4004A38A39
:108C5000C3F38203042B12D0052B12D001A8019577
:108C6000FAF722F8019BD0F81015D94001F0010164
:108C70000231284602B0BDE8F041FFF780BD032174
:108C8000F7E70221F5E7FFF729BEFFF7EFBD07B5CC
:108C9000019001A8FAF786F9019A01239340C0F8E0
:108CA000083503B05DF804FB07B5019001A8FAF799
:108CB00079F9019A01239340C0F80C3503B05DF8AF
:108CC00004FB37B5D0F818358A69DBB28DF8073068
:108CD0000B6A93423EBF4A699DF80740D4540B6A21
:108CE00091F824405A1C0A6202333CB10C69A34239
:108CF0008C6938BF0B619C4288BF8B610C699C42B8
:108D000006D9CA68D35CC0F81C35012003B030BD59
:108D10008D699D4201D9CB7FF5E7AC4238BF2C4627
:108D2000A2422CBF00200120F0E770B590F820602F
:108D30000446BEB9C0E9012351B1CB7B80F829308C
:108D4000CB7880F822304B7980F82330FAF750F94D
:108D5000226801230020C2F8003584F8210084F83D
:108D6000203070BD6FF07700FBE738B5D0E90053D5
:108D7000044633B145F30730EAF7E4FC0423C5F8B1
:108D800008330023C5F8003594F82930ABB9D5F87D
:108D90000805FAF7B3F9D5F81005421C01D0FAF727
:108DA000ADF9D5F80C05431C01D0FAF7A7F994F8F2
:108DB0002200FF2801D0FAF7A1F9002384F820301F
:108DC00038BDF8B590F8213004460E461746002B02
:108DD00055D1436813B1012380F8213096E80F0084
:108DE00004F1100585E80F0094F822000023FF2805
:108DF00084F8283001D0FFF757FF2FB1002384F803
:108E000021306FF08500F8BD256867620423C5F83E
:108E10000833C5F80871D5F8083173688BB1336829
:108E20001B78C5F81C357368012B0DD933685B7846
:108E3000C5F81C3566686EB10423C5F804330020FC
:108E4000E1E794F82330ECE7F368012BF2D994F8CA
:108E50002330EDE7211DD5F80831002BFBD0C5F8F4
:108E600008612846D5F80831FFF72BFF0028F2D11A
:108E700094F82200FF28E2D0FFF709FFDFE76FF048
:108E80000F00C0E770B50146044651F8040B0025F9
:108E9000C0F80851D0F80831FFF713FF78B994F8FB
:108EA0002200FF2801D0FFF7F2FE204684F821506F
:108EB00000F80C5FD4E90131BDE87040184770BD7F
:108EC0004FF08053D3F83021082A05D1D3F834016C
:108ED000003818BF012070470020704730B50546A4
:108EE000900840380124844014EA010009D0A858B1
:108EF00038B10021A950AA5813B11A6822431A6048
:108F0000012030BD2DE9F341002304460D460193B5
:108F1000904601AB4FF4A672FFF7E0FF4FF4827268
:108F200029462046FFF7DAFF4FF48C7207462946A0
:108F30002046FFF7D3FF064630B1B8F1000F1DD031
:108F400017B1D4F83C353E4601AB4FF48872294640
:108F50002046FFF7C3FF30B1B8F1000F03D016B9B8
:108F60000FB1D4F83C3501AB4FF49072294620463E
:108F7000FFF7B4FF019802B0BDE8F0814646E3E791
:108F800007B5019001A8FAF7CFF8019A01239340A1
:108F9000C0F8083503B05DF804FB07B5019001A8DF
:108FA000FAF7C2F8019A01239340C0F80C3503B0D8
:108FB0005DF804FB70B54B7F04460D467BB1012381
:108FC00043616426002202212046FFF79BFF20B95F
:108FD0000120FFF7F7FA013EF4D100236B77AB7F56
:108FE0005B071DD54FF08053D3F83021082A18D1E4
:108FF000D3F83431ABB94FF0FF32D4F80805D4F8C8
:109000000C15C4F80035C4F80825C4F80C2509224D
:10901000C4F80025C4F80035C4F80805C4F80C15D8
:1090200070BD0023C4F80035FAE770B51D4690F80E
:109030002030044616468BB919B14869FAF7AAF8E8
:1090400078B1C4E9016511B12046FAF7D7F80020DC
:10905000012384F8210084F8203070BD6FF0770080
:10906000FBE76FF01500F8E738B5D1E90051044689
:109070000023C8034FF47A72490CE7F7C5F9236857
:10908000C3F80C55C3F80405A36863B12468002332
:10909000C4F8003144F30730D4F80031EAF744FB58
:1090A0000123C4F8043338BD38B5C0E9022343793D
:1090B00033B90123437109B1FFF7D6FF002038BD52
:1090C0006FF07700FBE708B543792BB1022B06D090
:1090D000FFF7CAFF002008BD6FF07600FBE76FF0D6
:1090E0000F00F8E7036801221A60022343717047FA
:1090F00010B5EFF31184202383F31288BFF36F8F31
:109100000379072B11D80B700133037102680978BA
:10911000D2F8080501238B400343C2F8083500202C
:1091200084F31188BFF36F8F10BD6FF00B00F7E76A
:109130000368D3F80414D3F800214AB10022C3F81D
:109140000021D3F80031D0E902324FF48070184783
:10915000704708B1EAF7F6BE704710B54369044698
:109160003BB90020E268537843F00103537040425A
:1091700010BD98470028F4D00028B8BF4042E368EB
:10918000FF28A8BFFF201870ECE740B1C3685878EB
:1091900010F001001EBF1878B0FA80F04009704747
:1091A000EFF31183202383F31288BFF36F8FFEE761
:1091B00010B400F10C04C0E903440024047510BC91
:1091C000FCF760BC38B50446EFF31185202383F328
:1091D0001288BFF36F8FE8F731FD04F10C0000F047
:1091E0003DFA30B1294604F11400BDE8384000F0E2
:1091F0001ABA85F31188BFF36F8F38BD08B52024E4
:10920000EFF3118384F31288BFF36F8FFDF71EFA1B
:10921000F6E7D0E9003213605A60027C002322F0A6
:109220000202C0E90033027483607047C0E903237F
:1092300003FB02120023436280F83030037200F116
:109240002803C0E90621C0E90000C0E90A334161F2
:109250000162704713B501240094FAF7FFFB02B0D6
:1092600010BD90F90E308B4201D0FBF75FB90020A2
:10927000704703460020C3E90200C3E9003370478A
:10928000D0E9003213605A60027C002322F002020F
:10929000C0E900330274836070472DE9F0419046C5
:1092A00004469DF818200D46EFF31186202181F326
:1092B0001288BFF36F8F02B14568224652F80C7FC7
:1092C000974217D0B7B13846FFF7DAFF07F1180019
:1092D00000F046FA0023C7F8B030C7F814803846CB
:1092E00000F03FF904F10800314600F09CF900203D
:1092F000BDE8F081A3B10820FBF7AAFE002838D012
:109300000122C0F804800260016801F003015DB928
:1093100022680A430260626820606AB960600BE0FC
:10932000C8F800304046EFE72A68032A16D80160E3
:10933000616869B9C4E90000042104F1140000F077
:109340008DFB0028CED186F31188BFF36F8FCFE756
:109350000A6802F0030202430A60DFE722F0030218
:109360000A4302602A6802F0030240EA02032B600B
:10937000E2E76FF00B00E6E710B5044630B1026893
:10938000930703D0446809B100F087FB204610BD65
:109390000023C0E90033037200F10C03C0E903337A
:1093A00000F11403C0E90533704770B50546EFF3CB
:1093B0001186202383F31288BFF36F8F034653F87F
:1093C0000C4F9C421BD074B12046FFF759FF04F1AB
:1093D000180000F0C5F90023C4F8B03063612046DE
:1093E00000F0BFF80124082105F1140000F036FB5D
:1093F00038B934B986F31188BFF36F8F70BD00247C
:10940000F1E7314605F10800BDE8704000F00BB906
:1094100007B50123009300230A461946FFF73DFFD5
:1094200003B05DF804FB07B500230A460093194614
:10943000FFF733FF03B05DF804FB5AB18A4209D34A
:1094400000F11003C0E90212C0E90000C0E90433D2
:10945000002070476FF015007047026801238B40B1
:1094600022EA0303036022FA01F000F001007047D2
:1094700020B100221146C43000F038B9704738B529
:1094800004460D461022002100F01CFB656038BD2B
:1094900013B501900846EFF31184202383F312885B
:1094A000BFF36F8F01A9FAF7EBFD84F31188BFF3C7
:1094B0006F8F02B010BD10B5FFF7EAFF041E08DD84
:1094C000EFF31180202383F31288BFF36F8FFBF734
:1094D00099F8204610BD08B5D822002100F0F2FA14
:1094E00008BDEFF30580003818BF012070477830C1
:1094F0007047D0E9003213605A600023C0E900339E
:10950000704708B5FFF7F5FF037C23F002030374EF
:109510000023836008BD38B504460D46FAF762FFA4
:10952000237C43F002032374D5B1A5602B689D42D0
:1095300009D16B68C4E900531C606C6010E06A6874
:109540009A42F6D01B68002BF3D093F90E1094F9D1
:109550000E209142F3DD5A68C4E9003214605C6069
:1095600038BD10B5EFF31184202383F31288BFF3C5
:109570006F8FFAF7F7FE84F31188BFF36F8F10BD7A
:1095800008B5EFF31181202282F31288BFF36F8FA9
:1095900083680BB1FFF7B5FF81F31188BFF36F8FBD
:1095A00008BD08B5037C13F0280F01460CD1836871
:1095B0000BB1FFF7A6FF0B7C23F004030B740846E6
:1095C000BDE80840FAF7CEBE08BD10B5EFF3118430
:1095D000202383F31288BFF36F8F1838FFF7E1FF62
:1095E00084F31188BFF36F8F10BD08B50346EFF306
:1095F0001181202282F31288BFF36F8F00688342AB
:1096000007D008B1FFF77DFF81F31188BFF36F8F9B
:1096100008BD0020F8E710B5FFF7B2FFBDE8104025
:10962000183000F09DB80846FAF714BF38B5046842
:109630000546AC424FF0000000D138BD002CFCD0F4
:109640002046FFF75EFF04F1180000F089F820467D
:10965000FAF788FE2C680120A542EDE710B5EFF37C
:109660001184202383F31288BFF36F8FFFF7DEFF8F
:1096700084F31188BFF36F8F10BD38B50C460546D3
:10968000FBF75CF8B4F1FF3F08BFB5F1FF3F1FBF28
:1096900047F6FF7300224FF47A71E0FB01321ABFE4
:1096A000D80B40EA42404FF0FF3038BD38B5044691
:1096B000EFF31185202383F31288BFF36F8F037CB0
:1096C0005B070ED5183000F04BF8237C23F0040321
:1096D00020462374FAF746FE2846BDE83840FAF7DC
:1096E000B9BE85F31188BFF36F8F38BD38B5EFF37E
:1096F0001185202383F31288BFF36F8F0468A04283
:1097000013D0A4B1C4F8B01062612046FFF7F9FE8F
:1097100004F1180000F024F82046FAF723FE012097
:1097200085F31188BFF36F8F38BD0020F8E720461E
:10973000F6E708B50246FBF795F970B1D0E90431B8
:109740009B1A61EBE272B3F1004F72F1000104DA8F
:10975000002AACBF1846002008BD6FF00040FBE7B0
:1097600038B50246EFF31185202383F31288BFF347
:109770006F8F0368D3B1FBF775F904461046FBF70A
:1097800083F900224FF000438442C0E9042305D04E
:10979000002085F31188BFF36F8F38BDFBF76AF99E
:1097A000FFF7C7FF0021F8F7ADFFF1E7D0E9041399
:1097B000B3F1004F08BF012904D100204FF0004150
:1097C000C2E904016FF01500E3E708B5FBF764FA9E
:1097D00008BDFBF761BAB3F1FF3F08BFB2F1FF3F2D
:1097E00070B506461D46144614D01A4316D0002BF9
:1097F00008DBFBF751FA041941EB0501C6E900410A
:10980000304670BD6FF001031C1B4FF0FF3363EB5C
:109810000501F3E74FF0FF342146EFE70024FBE7B3
:10982000B3F1FF3F08BFB2F1FF3FF8B50746164658
:109830001C4610D054EA020311D0FBF72DFAB042B7
:109840000A46A14103460AD2F31A64EB0204C7E9AF
:1098500000343846F8BD4FF0FF331C46F7E70023CD
:10986000FBE70023C0E9081200F11802C0E9062254
:10987000C0E9003303634363704730B5D0E9003477
:10988000984208D03CB1A568DDB112F9522C15F907
:10989000525CAA4207DDC1E90004216041600FE08B
:1098A000A342F8D01B68002BF5D09D684DB115F987
:1098B000525C9542F4DD5A68C1E90032116059608A
:1098C00030BD00239B7BFFDE2DE9F84F00250F46BE
:1098D0001446984601462E464FF0200AA946BD423E
:1098E00002DB3046BDE8F88FEFF3118B8AF3128864
:1098F000BFF36F8F4B7B03F03F03082B09D853B1A5
:10990000013B072B07D8DFE803F0281C06220606D8
:10991000062E102B2DD0B8F1000F3BD12378002B51
:1099200038D04B7B03F03F03082B3AD8002B3AD0BA
:10993000013B072B37D8DFE803F04339363F363693
:1099400036460B699B68002BE5D0022317E00B69B4
:109950001B68002BDFD0042311E00B699B68002BF0
:10996000D9D001230BE00B695B6A002BD3D0102305
:1099700005E00B69DA895B899A42CCD02023CA685A
:10998000C1F80890C2F38630034363F39432CA608F
:1099900084F800908BF31188BFF36F8F0135143179
:1099A0009DE7102B13D08C600136F3E7086922463F
:1099B0001030FFF762FFF6E7086922461430F8E737
:1099C00008692246F5E7086922462830F1E7086968
:1099D00022463030EDE72DE9F041846805460E4619
:1099E000D4B16378012B22D114F8503C9A0711D5D9
:1099F000A4F160073846FFF70EFE082E14BF0023BF
:109A00006FF00303236514F8503CDB0602D138469F
:109A1000FFF7A7FD002323700023AB60EB68C3F3BF
:109A20008632164366F39433EB60BDE8F081022B77
:109A3000F0D12378002BEDD054F8048CB8F1000F4E
:109A4000E8D004F11400FFF78BFEA4F11407002303
:109A5000E36239464046FFF71BFDDBE738B5EFF31D
:109A60001185202383F31288BFF36F8F0468A0420F
:109A700011D0D4E9003213605A600023C4E90033E6
:109A80002046FFF7A8FF85F31188BFF36F8F201ED4
:109A900018BF012038BD0024F5E720B1011F50F8A0
:109AA000040CFFF78FBB70470A44914200F1FF336B
:109AB00000D1704710B511F8014B03F8014F9142E6
:109AC000F9D110BD02440346934200D1704703F818
:109AD000011BF9E710B501390244904201D1002081
:109AE00005E0037811F8014FA34201D0181B10BD07
:109AF0000130F2E710B50139034632B111F8014FD8
:109B000003F8014B013A002CF7D11A44002193428B
:109B100000D110BD03F8011BF9E710B5024601445E
:109B20008A42134603D01C780132002CF8D1181A4F
:109B300010BDF0B5C3F137070446FFB203F01F03B1
:109B40001046082BE6B233D0102B3ED06508A4088F
:109B500044EA817445EAC1752D194FEA910242EB3E
:109B60005102290941EA02716D1842EB1212290AC9
:109B700041EA02616D1842EB1222290C41EA0241CE
:109B80006D1842EB1242AD1842F10002EC0844EAB3
:109B90004274D10804EB8402A6EB4205EDB2092D14
:109BA0000CD90134A5F10A0541F10001EDB212E032
:109BB000E40844EA417406F00705C908303554EA60
:109BC000010200F8015BBCD1F0BD240944EA017434
:109BD00006F00F050909092D84BFED19EDB2EDE777
:109BE000D1E9043293421EBF5A1C0A6118707047B3
:089BF0006C68FE7F010000001B
:109BF800693F0000000000000D3F00000000000069
:109C080000000000989C0100393A010000000000A3
:109C180000000000D09C010000000000B49C01007E
:109C280000000000EC9C010000000000089D0100FD
:109C380000000000249D0100A10E010000000000AA
:109C4800A525010000000000FD260000000000001E
:109C5800993F0000000000001D3D000000000000CA
:109C68006D50010000000000000000005C9D010034
:109C780000000000409D010000000000789D0100E8
:109C880000000000949D0100F1B4000000000000F5
:109C9800BBC60100E0A80100889F0100CC04002099
:109CA80074540020910B010000000000F4C601006C
:109CB800F8A80100389F0100D00400202455002096
:109CC800691301000000000002C701000CA901008F
:109CD800389F0100D204002030550020691301008C
:109CE80000000000E4C6010000000000309F0100F1
:109CF800CE040020D0540020B51001000000000060
:109D08002FC7010020A90100CC9F0100D404002026
:109D18003C55002021170100000000003CC901004B
:109D2800000000006C9F0100DA0400205C040020A1
:109D3800E52701000000000020A701000000000046
:109D48007C9F0100CA0400202C5200200000000063
:109D580000000000E3C8010064A901005C9F010045
:109D6800D60400202803002011180100000000007C
:109D780021C90100A8A90100649F0100D80400209E
:109D8800BC030020251D01000000000074BE010076
:109D980000000000A49F0100C8040020000000008B
:089DA800054E00000000000060
:109DB00087860100BF8501000000000031660100B8
:109DC000089D01004D810100000000003166010086
:109DD00028030020858E010000000000316601008C
:109DE0006C0100207D800100000000003166010050
:109DF0000000000031660100000000003166010033
:109E000000000000316601000000000061F3000066
:109E10000000000031660100D0540020251101002F
:109E2000000000009D0A01000000000031660100F2
:109E30005C04002031910100000000003526010083
:109E400000000000316601000000000031660100E2
:109E500000000000316601000000000031660100D2
:109E600000000000316601000000000031660100C2
:109E70000000000091F300000000000031660100C6
:109E800000000000316601000000000031660100A2
:109E90000000000031660100000000003166010092
:109EA0000000000031660100000000003166010082
:109EB0000000000031660100000000003166010072
:109EC0000000000031660100000000003166010062
:109ED0000000000031660100000000003166010052
:109EE0000000000031660100000000003166010042
:109EF0000000000031660100000000003166010032
:109F00000000000031660100000000003166010021
:109F10000000000031660100000000003166010011
:109F20000000000031660100BC030020553601002E
:089F300061100100B10F0100F6
:109F380099110100D17F0100DF7F0100F77F010047
:109F4800038001000F800100A51301002980010092
:049F58000000000005
:109F5C005519010055820100351F0100FB830100DA
:109F6C0061850100338501007527010039850100E9
:0C9F7C00B5E7000085E60000EDE5000000
:109F8800E90B0100457F0100A97F010000000000E6
:0C9F9800E17E010000000000000000005D
:109FA400BD49000045470000DD470000914700001F
:109FB4009148000065490000000000000000000016
:089FC40000000000C14A00008A
:0C9FCC000781010069160100F980010006
:109FD800050B0000FD0B0000AD150000B51A0000D0
:049FE800F91B000061
:109FEC00C3AA01000300000030BF01000300000001
:109FFC0030A801000300000094A70100030000003A
:10A00C0034A701000300000037BF0100030000006B
:10A01C002DC501000300000094C6010003000000E0
:10A02C00B3C601000300000057B301000300000099
:10A03C00D6C601000300000086AC0100030000003E
:10A04C003AAD010003000000BBAE010003000000AC
:10A05C004DAE01000300000084AE010003000000BF
:10A06C0039AF0100030000007BB3010003000000C6
:10A07C007FB30100030000007FB401000300000067
:10A08C0013BA01000300000074B8010003000000C3
:10A09C00D3B8010003000000DBB80100030000008E
:10A0AC0088AE010003000000ACB201000300000008
:10A0BC00EAB8010003000000F0C801000300000032
:10A0CC002EC901000300000085AF01000300000051
:10A0DC0087B1010003000000E7AF0100030000009E
:10A0EC0023B20100030000007BBE0100030000004E
:10A0FC0040BD01000300000068B301000300000034
:10A10C003DC70100030000004EC901000300000020
:10A11C00C0A20100540100206EB401000100000037
:10A1300018C401001DC4010021C4010025C4010090
:10A1400029C401002DC4010031C4010035C401003F
:10A1500039C401003DC4010041C4010045C40100EF
:10A1600049C401004DC4010051C4010055C401009F
:10A1700059C40100000103FF04FF020000010008B0
:10A1800012000000000000000000000000000000BD
:10A190000338FDD8704700000000000000000000F8
:10A1A000D75501000000000000000000290B00004E
:10A1B0000000000000000000490C0000ED55010007
:10A1C000710C00000000000000000000D50C000031
:10A1D000EF550100F15501000000000000000000F3
:10A1E000110D00001F560100215601000000000063
:10A1F00000000000650D00004F560100390D000001
:10A200000000000000000000C50D000067560100BE
:10A21000655601000000000000000000A158010088
:10A22000D09C01000D000100D09C01000E00010037
:10A23000D09C01000F0001000000000000000000A1
:10A24000B91400000000000000000000C517000065
:10A250000000000000000000811B0000000800203A
:10A26000000100007D6301001F6301000200000087
:10A270002D6501000000000000000000000000004B
:10A28000000000004EB4010056B4010000000000C0
:10A2900000000000000000005EB4010062B4010094
:10A2A00066B401006AB40100B0A201005838002071
:10A2B000C930000078380020BC5B0020010000009D
:10A2C000ED650100E3650100B1650100A5650100D0
:10A2D000000000009965010000000000000000205F
:10A2E0000000000000000B0602000000F0A20100C8
:10A2F00000000000C4B80100260002060000002093
:10A30000CCB8010022000B11AD3D000000000000A0
:10A31000BB66010000000000EAFFFFFF8CFFFFFFAB
:10A320008CFFFFFF8CFFFFFFEAFFFFFFEAFFFFFF4D
:10A33000EAFFFFFF98FFFFFF86FFFFFFF3FFFFFF2E
:10A34000F3FFFFFFEAFFFFFFEAFFFFFFEAFFFFFF68
:10A35000EAFFFFFF00000000F0FFFFFF93FFFFFF99
:10A36000EAFFFFFFEAFFFFFFEAFFFFFFEAFFFFFF51
:10A3700080FFFFFF86FFFFFFA0FFFFFF86FFFFFFBD
:10A3800091FFFFFF80FFFFFF80FFFFFFF0FFFFFF58
:10A39000F0FFFFFFF0FFFFFFEAFFFFFFEAFFFFFF15
:10A3A000EAFFFFFFEAFFFFFFEAFFFFFFEAFFFFFF11
:10A3B0003ABA01003DBA010043BA01004EBA0100A9
:10A3C0005BBA010068BA010072BA01007CBA0100F0
:10A3D00088BA01009ABA0100B3BA0100C0BA0100FC
:10A3E000C9BA0100D8BA0100E6BA0100F2BA010008
:10A3F0003ABA010003BB010008BB010018BB010011
:10A400002ABB01003CBB01004DBB01006BBB01003E
:10A410007DBB01008ABB01009FBB0100B0BB0100F6
:10A42000C6BB0100D7BB0100EDBB010007BC0100AA
:10A4300022BC010038BC010045BC010058BC010031
:10A440006ABC010077BC01008BBC0100A5BC010007
:10A450009D5C000069510000295C0000555200001D
:10A46000416B0100A76B01001D5D0000BD5F000096
:10A470008F6801007551000039580000C95700006D
:10A4800005580000CD59000000000000F5610000F3
:10A4900000000000E16A0100F76A0100D9680100CC
:10A4A000BF68010075620000A9620000E56B010051
:10A4B000000000000000000000000000789D010086
:10A4C00040420F0000010000B49C01000C0001009C
:10A4D000000000000100000000000000B49C01002A
:10A4E0000B000100B49C010003000000B49C0100BB
:10A4F00004000000B49C01000500000048E80100D1
:10A5000090D0030020A10700280A000017000000D7
:10A510001C0C00000F0000003C0F000007000000B2
:10A5200050140000160000009C1800000E000000EF
:10A53000781E000006000000A028000015000000A2
:10A54000D43000000D000000F03C000005000000C9
:10A550004051000014000000A86100000C00000041
:10A56000447A000004000000E4A200001300000090
:10A5700050C300000B00000024F4000003000000A2
:10A580008545010012000000A08601000A000000BD
:10A5900048E80100020000002C8B020011000000BE
:10A5A000400D03000900000090D0030001000000EE
:10A5B000E09304000000000048E8010048E80100C2
:10A5C00048E8010048E8010020A107000000000061
:10A5D000000000000000000020A1070020A10700EB
:10A5E00020A1070020A1070020A1070020A107004B
:10A5F000000000000000000008A3010008A6010000
:10A60000470000000000000080CA002008A30100ED
:10A610001CA601002E0000000000000060CE0020FB
:10A6200008A3010030A601000201000000000000A4
:10A6300034CF00205DC401007BC4010096C401003A
:10A64000A6C40100B3C40100BCC40100C3C401001E
:10A65000CAC40100D1C40100D9C40100B3C40100BF
:10A66000E1C40100F3C4010008C501001BC50100DD
:10A670000E03000019C300000F040000E5C2000033
:10A680003E010000F9B50000FF01000039B60000EE
:10A690003E01000019B6000010010000CDB400001A
:10A6A0000201000045CB000008A30100B8A601008C
:10A6B000470000000000000050D00020456D70747D
:10A6C0007920484349207061636B65740000000085
:10A6D000556E6B6E6F776E204843492074797065B4
:10A6E000202575004C4C20696E697469616C697A2B
:10A6F0006174696F6E206661696C65643A202564D7
:10A700000000000042542043544C52205258207004
:10A710007269000042542043544C522052580000A9
:10A7200062745F6863695F636F6E74726F6C6C658F
:10A730007200000062745F63746C725F6863695FCB
:10A7400064726976657200005A6570687972204F8C
:10A75000532076342E342E31000000004E6F2048F6
:10A76000434920436F6D6D616E6420686561646567
:10A7700072000000496E76616C696420484349208C
:10A78000434D44207061636B6574206C656E677423
:10A790006800000062745F63746C725F68636900D4
:10A7A000574553545F544F504449522F7A6570684F
:10A7B00079722F7375627379732F626C7565746F1C
:10A7C0006F74682F636F6E74726F6C6C65722F6C30
:10A7D0006C5F73772F756C6C5F7363616E2E6300B3
:10A7E000657272203D3D2030207C7C206572722095
:10A7F0003D3D202D31323000415353455254494F95
:10A800004E204641494C205B25735D204020257336
:10A810003A25640A0000000009706172616D313AE6
:10A8200020257520706172616D323A2025750A000D
:10A8300062745F63746C725F63727970746F00002E
:10A84000574553545F544F504449522F7A657068AE
:10A8500079722F7375627379732F626C7565746F7B
:10A860006F74682F636F6E74726F6C6C65722F6C8F
:10A870006C5F73772F6E6F726469632F6C6C6C2FD3
:10A880006C6C6C5F7363616E2E63000030000000BF
:10A890000925733A2041637475616C204556454E15
:10A8A000545F4F564552484541445F5354415254BA
:10A8B0005F5553203D2025750A000000636F6D6DC4
:10A8C0006F6E5F707265706172655F636200000039
:10A8D00001030405550B01002D0B010000000000D1
:10A8E000A10C0100210C0100CAC60100CD7F0100AE
:10A8F000C97F0100D0C60100FFFF00000003005027
:10A900006C0100200000000001000000BCF801FF05
:10A91000000000506C01002000000000000000005A
:10A9200000200040010000000000000040A90100DC
:10A930000000D601000000006C5D00206B5D00206F
:10A94000002000404CA901000100000054A90100B2
:10A9500004000000060000000500000208060001D7
:10A9600007060003000000FF00FF000000000000D9
:10A970000000000101000000B181010088A9010070
:10A9800000000000FFFFFFFF0040004094A901000D
:10A99000010000009CA90100030000001F0000044A
:10A9A0001E000005280000060048E8010000000025
:10A9B0000000000000000000FFFFFFFF0000FF009C
:10A9C0000000000000000000FFFFFFFF0200000188
:10A9D0000100000025830100FFFF0000ECA9010039
:10A9E00000000000FFFFFFFF0000000000F0024039
:10A9F000F8A901000100000000AA01000300000006
:10AA00002F1800042E1800062D180005B49C010014
:10AA10000C0001000800000003000000C7C901008D
:10AA2000D5C90100E9C90100F8C9010004CA010043
:10AA3000F89B0100009C0100489C0100509C010013
:10AA4000989C0100989C010049CA01000001000087
:10AA500000000000696E697469616C697A617469EB
:10AA60006F6E206661696C656400626173655F701A
:10AA70006C6174666F726D5F7A65706879725F621F
:10AA80006C655F636F6E63656E747261746F722064
:10AA90007374617274696E67004C45447320756EFF
:10AAA000617661696C61626C652C20636F6E74699C
:10AAB0006E75696E6720776974686F757420746845
:10AAC000656D0061707000616371756973697469A7
:10AAD0006F6E2073657276696365206661696C6567
:10AAE0006420746F20696E697469616C697A6500AD
:10AAF000636F6D6D7320736572766963652066613F
:10AB0000696C656420746F20696E697469616C6931
:10AB10007A650073797374656D20646961676E6F1F
:10AB20007374696373206661696C656420746F2057
:10AB3000696E697469616C697A65007472616E73BB
:10AB40006974696F6E20746F20756E6B6E6F776EAF
:10AB500020737461746520257500737461746520B9
:10AB60002D3E20257300737461727475702C2072F1
:10AB70006573657420726561736F6E202575006E54
:10AB80006574776F726B206A6F696E206661696C9D
:10AB9000656400612073657276696365206661692A
:10ABA0006C656420746F20696E697469616C697A80
:10ABB000650053544152545550006C697374656E6E
:10ABC000696E6720666F7220656E64706F696E745F
:10ABD000206164766572746973656D656E74730067
:10ABE0004C495354454E494E470064697370617433
:10ABF0006368696E672075706C696E6B00444953B9
:10AC00005041544348494E4700736F667420657243
:10AC1000726F72202575206F6620257500534F4690
:10AC2000545F4552524F52006861726420657272DF
:10AC30006F723A2074686520646576696365206880
:10AC400061732073746F70706564206F70657261DA
:10AC500074696E6700484152445F4552524F52003A
:10AC60006576656E742071756575652066756C6CAA
:10AC70002C2064726F70706564206576656E745FF9
:10AC800069643D2575006564610073656E645F6588
:10AC900076656E7420746F20756E72656769737463
:10ACA0006572656420706F72742025750062745F30
:10ACB000656E61626C65206661696C65642028253B
:10ACC000642900424C452073756273797374656D15
:10ACD0002072656164790062745F6C655F736361A3
:10ACE0006E5F7374617274206661696C656420289C
:10ACF0002564290070617373697665207363616EE2
:10AD000020737461727465640062745F6C655F7354
:10AD100063616E5F73746F70206661696C65642037
:10AD200028256429007061737369766520736361F7
:10AD30006E2073746F707065640068616C5F626C24
:10AD400065004C6F526120646576696365206E6FA3
:10AD5000742072656164793B20636865636B20745D
:10AD600068652053504920776972696E6720616E6B
:10AD7000642074686520626F617264206F7665720A
:10AD80006C6179006C6F726177616E5F7374617270
:10AD900074206661696C65642028256429004C6F05
:10ADA000526120726164696F207265616479004C40
:10ADB0006F526157414E206A6F696E206E6F74202A
:10ADC000636F6E66696775726564207965743A2091
:10ADD0006E6F206A6F696E206D6F6465206F7220E0
:10ADE00063726564656E7469616C73206465636920
:10ADF000646564007061796C6F6164206F66202502
:10AE00007520627974657320657863656564732065
:10AE10007468652025752062797465206C696D6998
:10AE20007420617420746869732064617461207295
:10AE3000617465006C6F726177616E5F73656E64DB
:10AE4000206661696C656420282564290068616C4E
:10AE50005F6C6F72610068616C3A3A6F732074685E
:10AE60007265616420737461636B20706F6F6C2016
:10AE70006578686175737465640069646C655F68A2
:10AE80006F6F6B0068616C5F6F73004C45442047C7
:10AE900050494F206E6F742072656164790066615D
:10AEA000696C656420746F20636F6E666967757284
:10AEB00065204C4544204750494F0068616C5F6CE9
:10AEC0006564007761746368646F672064657669A0
:10AED0006365206E6F7420726561647900776474B5
:10AEE0005F696E7374616C6C5F74696D656F7574A6
:10AEF000206661696C656420282564290077647484
:10AF00005F7365747570206661696C6564202825BF
:10AF10006429007761746368646F67207374617279
:10AF200074656420776974682061202575206D73CD
:10AF30002074696D656F75740068616C5F7761740A
:10AF40006368646F6700756E68616E646C65642029
:10AF50006576656E7420696420257500616371757E
:10AF600069736974696F6E207365727669636520B1
:10AF700072656164792C20706F6F6C2064657074E9
:10AF800068202575007376635F6163717569736905
:10AF900074696F6E00646576696365207461626CC4
:10AFA000652072656164792C2063617061636974E6
:10AFB00079202575007461626C652066756C6C2C57
:10AFC000206576696374696E6720746865206465BE
:10AFD00076696365206C617374207365656E2061AA
:10AFE000742025752073007376635F6465766963EA
:10AFF000655F7461626C6500646973706174636835
:10B0000020736B69707065643A206E6F74206A6F8C
:10B01000696E656420746F2061206E6574776F724D
:10B020006B00646973706174636820736B6970701E
:10B0300065643A2025752062797465207061796CA9
:10B040006F61642063616E6E6F7420686F6C642042
:10B050006120257520627974652068656164657278
:10B0600020706C75732061207265636F7264006478
:10B070006973706174636820736B69707065643A9A
:10B08000206E6F20726F6F6D20666F72206120736B
:10B09000696E676C65207265636F726420617420ED
:10B0A00074686973206461746120726174650064FE
:10B0B0006973706174636820736B69707065643A5A
:10B0C000206E6F20646576696365732068656172C0
:10B0D000642066726F6D2074686973206379636C95
:10B0E000650064697370617463682025753A202572
:10B0F00075207265636F72647320696E20257520F8
:10B10000667261676D656E747300667261676D6506
:10B110006E742025752F2575206661696C65642025
:10B12000746F2073656E640073656E74206672615F
:10B13000676D656E742025752F25753A202575205D
:10B140007265636F7264732C202575206279746553
:10B150007300636F6D6D732073657276696365202C
:10B1600072656164792C206469737061746368200E
:10B17000706572696F64202575206D696E00646961
:10B18000737061746368007376635F636F6D6D7372
:10B19000006865616C74683A20257520646576697D
:10B1A00063657320747261636B65642C2025752060
:10B1B0007265706F7274732064726F707065642C46
:10B1C00020257520646576696365732065766963FB
:10B1D000746564007761746368646F6720756E617D
:10B1E0007661696C61626C652C20636F6E74696E48
:10B1F00075696E6720776974686F7574206974006B
:10B2000073797374656D20646961676E6F737469B7
:10B210006373207265616479006865617274626548
:10B220006174007376635F73797374656D5F6469CD
:10B2300061676E6F73746963730068656170206322
:10B240006F7272757074696F6E20286E6F742069EA
:10B250006E207573653F2920617420257000686534
:10B26000617020636F7272757074696F6E202862EE
:10B270007566666572206F766572666C6F773F29BA
:10B28000206174202570006865617020636F7272A0
:10B29000757074696F6E2028646F75626C652066C6
:10B2A0007265653F29206174202570006F735F68A7
:10B2B0006561700028756E7369676E656429206327
:10B2C000686172202A207573656420666F7220257C
:10B2D000257020617267756D656E742E2049742724
:10B2E00073207265636F6D6D656E64656420746F45
:10B2F000206361737420697420746F20766F6964B1
:10B30000202A2062656361757365206974206D6110
:10B3100079206361757365206D6973626568617614
:10B32000696F7220696E206365727461696E206353
:10B330006F6E66696775726174696F6E732E2053E4
:10B340007472696E673A2225732220617267756D87
:10B35000656E743A25640063627072696E74665F2C
:10B360007061636B616765007379735F6765746FA4
:10B370007074006C6F6767696E67006C6F67006C54
:10B380006F675F6D676D74004D65737361676520EE
:10B390002822257322292064726F707065642062F0
:10B3A000656361757365206974206578636565649C
:10B3B000732073697A65206C696D69746174696F53
:10B3C0006E2028257529004D6573736167652064BB
:10B3D000726F707065642062656361757365206962
:10B3E0007420657863656564732073697A65206C81
:10B3F000696D69746174696F6E2028257529000D67
:10B400000A001B5B306D00257320005B2530386C13
:10B41000755D20005B253032753A253032753A254E
:10B420003032752E253033752C253033755D200074
:10B430003C25733E200025732F0025733A200025FC
:10B440003032782000202020007C002563001B5B28
:10B45000313B33316D001B5B313B33336D00657223
:10B46000720077726E00696E6600646267006C6FCE
:10B47000675F6261636B656E645F75617274006CB7
:10B480006F675F756172740072302F61313A2020EE
:10B49000307825303878202072312F61323A2020E0
:10B4A000307825303878202072322F61333A2020CE
:10B4B0003078253038780072332F61343A202030CC
:10B4C0007825303878207231322F69703A20203058
:10B4D0007825303878207231342F6C723A20203041
:10B4E00078253038780020787073723A20203078D0
:10B4F00025303878004661756C74696E6720696E16
:10B50000737472756374696F6E20616464726573BD
:10B510007320287231352F7063293A203078253016
:10B52000387800556E68616E646C656420495251CC
:10B530006E3A202564002A2A2A2A2A205553414798
:10B5400045204641554C54202A2A2A2A2A002020E8
:10B550004469766973696F6E206279207A65726FCB
:10B56000002020556E616C69676E6564206D656DA5
:10B570006F7279206163636573730020204E6F20C2
:10B58000636F70726F636573736F7220696E73742B
:10B5900072756374696F6E73002020496C6C656707
:10B5A000616C206C6F6164206F66204558435F5268
:10B5B000455455524E20696E746F20504300202030
:10B5C000496C6C6567616C20757365206F662074CB
:10B5D00068652045505352002020417474656D7099
:10B5E0007420746F206578656375746520756E646A
:10B5F0006566696E656420696E73747275637469DB
:10B600006F6E002A2A2A2A2A204255532046415585
:10B610004C54202A2A2A2A2A002020537461636B62
:10B62000696E67206572726F72002020556E7374A8
:10B6300061636B696E67206572726F7200202050C3
:10B64000726563697365206461746120627573203B
:10B650006572726F7200202042464152204164643C
:10B66000726573733A2030782578002020496D7018
:10B67000726563697365206461746120627573200B
:10B680006572726F72002020496E737472756374F4
:10B69000696F6E20627573206572726F7200202070
:10B6A000466C6F6174696E672D706F696E74206C83
:10B6B000617A792073746174652070726573657244
:10B6C000766174696F6E206572726F72002A2A2A21
:10B6D0002A2A204D5055204641554C54202A2A2ACA
:10B6E0002A2A002020537461636B696E672065729B
:10B6F000726F722028636F6E746578742061726552
:10B7000061206D69676874206265206E6F742076B1
:10B71000616C696429002020446174612041636385
:10B720006573732056696F6C6174696F6E002020B9
:10B730004D4D46415220416464726573733A203026
:10B74000782578002020496E737472756374696F70
:10B750006E204163636573732056696F6C61746911
:10B760006F6E005265736572766564204578636517
:10B770007074696F6E20280053707572696F7573ED
:10B7800020696E7465727275707420284952512058
:10B7900000535053454C20696E2074687265616493
:10B7A000206D6F646520646F6573206E6F7420690F
:10B7B0006E64696361746520505350002A2A2A2AF6
:10B7C0002A2048415244204641554C54202A2A2AD6
:10B7D0002A2A002020427573206661756C74206FE0
:10B7E0006E20766563746F72207461626C6520727E
:10B7F0006561640020204465627567206576656E2A
:10B80000740020204661756C7420657363616C61FF
:10B8100074696F6E20287365652062656C6F772987
:10B8200000415243485F455843455054207769745E
:10B830006820726561736F6E2025780A002A2A2AB3
:10B840002A2A204465627567206D6F6E69746F7275
:10B8500020657863657074696F6E202A2A2A2A2A07
:10B86000002A2A2A2A2A20257320256429202A2A08
:10B870002A2A2A006D7075004661696C656420741F
:10B880006F20616C6C6F63617465206E6577204D0D
:10B89000505520726567696F6E2025750A005061EA
:10B8A00072746974696F6E2025753A20636F6865DC
:10B8B00072656E636520636865636B206661696CA1
:10B8C00065642E00464C4153485F30005352414D51
:10B8D0005F30006E65745F627566006E65745F62EE
:10B8E00075665F73696D706C6500736F63004461AA
:10B8F000746172617465206368616E6765643A2083
:10B9000044525F2564004D637073496E64696361DE
:10B9100074696F6E206661696C6564203A202573D6
:10B92000004D63707352657175657374206661694B
:10B930006C6564203A202573004D6C6D65436F6E15
:10B940006669726D206661696C6564203A202573B2
:10B95000004A6F696E6564206E6574776F726B2143
:10B9600020446576416464723A2025303878004C72
:10B97000696E6B20636865636B20646F6E6500445D
:10B98000657654696D6552657120646F6E65004C13
:10B990006F526157414E205175657279205478205D
:10B9A000506F737369626C65204661696C65643AB7
:10B9B000202573004C6F526157414E2053656E64D1
:10B9C000206661696C65643A202573004C6F526192
:10B9D0004D6163496E697469616C697A6174696FFC
:10B9E0006E206661696C65643A2025730046616962
:10B9F0006C656420746F2073746172742074686560
:10BA0000204C6F52614D414320737461636B3A2047
:10BA10002573006C6F726177616E00556E6B6E6F8F
:10BA2000776E207374617475732100556E6B6E6F41
:10BA3000776E206576656E7421004F4B00457272FB
:10BA40006F720054782074696D656F757400527858
:10BA500020312074696D656F757400527820322032
:10BA600074696D656F757400527831206572726FFC
:10BA70007200527832206572726F72004A6F696E7E
:10BA8000206661696C656400446F776E6C696E6BEB
:10BA9000207265706561746564005478204452209A
:10BAA0007061796C6F61642073697A652065727268
:10BAB0006F720041646472657373206661696C0023
:10BAC0004D4943206661696C004D756C7469636112
:10BAD0007374206661696C00426561636F6E206CEF
:10BAE0006F636B656400426561636F6E206C6F739A
:10BAF0007400426561636F6E206E6F7420666F75AF
:10BB00006E640042757379005365727669636520CF
:10BB1000756E6B6E6F776E00506172616D657465E6
:10BB20007220696E76616C69640046726571756534
:10BB30006E637920696E76616C696400446174613A
:10BB40007261746520696E76616C69640046726525
:10BB50007175656E6379206F7220646174617261C2
:10BB6000746520696E76616C6964004E6F206E6545
:10BB700074776F726B206A6F696E6564004C656ED6
:10BB8000677468206572726F7200526567696F6EC4
:10BB9000206E6F7420737570706F727465640053DB
:10BBA0006B6970706564204150502064617461005D
:10BBB000447574792D6379636C6520726573747252
:10BBC0006963746564004E6F206368616E6E656CB6
:10BBD00020666F756E64004E6F2066726565206327
:10BBE00068616E6E656C20666F756E640042757379
:10BBF0007920626561636F6E207265736572766528
:10BC0000642074696D6500427573792070696E6790
:10BC10002D736C6F742077696E646F772074696D13
:10BC20006500427573792075706C696E6B20636F67
:10BC30006C6C6973696F6E0043727970746F206504
:10BC400072726F720046436E742068616E646C6538
:10BC500072206572726F72004D414320636F6D6D8B
:10BC6000616E64206572726F7200436C617373421F
:10BC7000206572726F7200436F6E6669726D20711B
:10BC800075657565206572726F72004D756C7469AB
:10BC9000636173742067726F757020756E6465667A
:10BCA000696E656400556E6B6E6F776E206572729B
:10BCB0006F72004750494F20646576696365206E56
:10BCC0006F742072656164792025730043616E6E24
:10BCD0006F7420636F6E666967757265206770693F
:10BCE0006F2025732025643A202564005061636B22
:10BCF0006574207472616E736D697373696F6E2001
:10BD00006661696C656421005265636569766520CA
:10BD100074696D656F757400526563656976652039
:10BD20006572726F7200556E737570706F727465A4
:10BD3000642062616E6477696474683A20256400E7
:10BD40007378313278785F636F6D6D6F6E00556E0A
:10BD500061626C6520746F20726561642061646447
:10BD6000726573733A203078257800556E61626C85
:10BD70006520746F207772697465206164647265F0
:10BD800073733A2030782578004750494F20706F00
:10BD90007274202573206E6F74207265616479005F
:10BDA000436F756C64206E6F7420736574206770C8
:10BDB000696F2063616C6C6261636B2E00556E610C
:10BDC000626C6520746F20726561642076657273A1
:10BDD000696F6E20696E666F005358313237782074
:10BDE00076657273696F6E20307825303278206600
:10BDF0006F756E64004661696C656420746F2069BC
:10BE00006E697469616C697A65205358313278784B
:10BE100020636F6D6D6F6E005350492064657669C5
:10BE20006365206E6F7420726561647900556E6180
:10BE3000626C6520746F20726561642050412064DB
:10BE4000616300556E61626C6520746F2077726962
:10BE5000746520504120636F6E66696700556E619E
:10BE6000626C6520746F2077726974652050412080
:10BE7000646163006C6F72614030007378313237F7
:10BE800078002B7E151628AED2A6ABF7158809CF01
:10BE90004F3C012B7E151628AED2A6ABF7158809AC
:10BEA000CF4F3C0200042B7E151628AED2A6ABF76E
:10BEB000158809CF4F3C052B7E151628AED2A6ABB0
:10BEC000F7158809CF4F3C062B7E151628AED2A653
:10BED000ABF7158809CF4F3C072B7E151628AED23D
:10BEE000A6ABF7158809CF4F3C08007075626C69E6
:10BEF000630072616E646F6D007075626C69632DB2
:10BF000069640072616E646F6D2D69640025303262
:10BF1000583A253032583A253032583A253032587E
:10BF20003A253032583A25303258202825732900D6
:10BF300062745F6275660062745F64617461004878
:10BF400061726477617265206572726F722C20680D
:10BF50006172647761726520636F64653A2025645D
:10BF60000062745F74785F70726F636573736F7271
:10BF700000436F756C64206E6F74207375626D6919
:10BF8000742072785F776F726B3A20256400556E6B
:10BF900068616E646C6564206576656E74203078C7
:10BFA00025303278206C656E2025753A2025730087
:10BFB000546F6F20736D616C6C2028257520627939
:10BFC00074657329206576656E742030782530326B
:10BFD0007800556E68616E646C65642076656E6489
:10BFE0006F722D7370656369666963206576656E2F
:10BFF0007420307825303278206C656E2025753AB3
:10C00000202573004E6F20636F6D6D616E64207329
:10C01000656E7420666F7220636D6420636F6D704F
:10C020006C65746520307825303478004F70436F2C
:10C0300064652030782530347820636F6D706C65CE
:10C0400074656420696E7374656164206F66206531
:10C0500078706563746564203078253034780049E1
:10C060006E76616C696420484349206576656E741C
:10C070002073697A65202825752900496E76616CE0
:10C080006964204C45206D657461206576656E7429
:10C090002073697A65202825752900574553545F18
:10C0A000544F504449522F7A65706879722F7375D6
:10C0B000627379732F626C7565746F6F74682F6823
:10C0C0006F73742F6863695F636F72652E630065B9
:10C0D00076745F666C6167732026202831554C208A
:10C0E0003C3C202830292900415353455254494FA4
:10C0F0004E204641494C205B25735D20402025732E
:10C100003A25640A00496E76616C6964206275663E
:10C1100020747970652025750062745F6863695FBB
:10C120006576745F6765745F666C616773286864C1
:10C13000722D3E657674292026202831554C203CEE
:10C140003C202831292900556E6B6E6F776E206276
:10C1500075662074797065202575005B305D004838
:10C160004349207472616E73706F72743A20257344
:10C1700000436F6E74726F6C6C6572004964656E1B
:10C180007469747925733A202573004964656E7467
:10C190006974795B25645D3A202573004843493A08
:10C1A0002076657273696F6E20257320283078259C
:10C1B00030327829207265766973696F6E20307825
:10C1C000253034782C206D616E75666163747572EC
:10C1D000657220307825303478004C4D503A207606
:10C1E000657273696F6E2025732028307825303290
:10C1F000782920737562766572203078253034781E
:10C2000000556E61626C6520746F2073656E6420EA
:10C21000746F2064726976657220286572722025B9
:10C22000642900657272203D3D20300009436F6E25
:10C2300074726F6C6C657220756E726573706F6E60
:10C24000736976652C20636F6D6D616E64206F700D
:10C25000636F6465203078253034782074696D65AB
:10C260006F75742077697468206572722025640A7E
:10C27000006F70636F6465203078253034782073E8
:10C2800074617475732030782530327820257300FE
:10C290004E6F6E2D4C452063617061626C6520634A
:10C2A0006F6E74726F6C6C65722064657465637414
:10C2B0006564210056656E646F72204843492065AD
:10C2C0007874656E73696F6E73206E6F742061761B
:10C2D00061696C61626C6500485720506C617466DE
:10C2E0006F726D3A202573202830782530347829F4
:10C2F0000048572056617269616E743A2025732098
:10C300002830782530347829004669726D7761725B
:10C31000653A202573202830782530327829205638
:10C32000657273696F6E2025752E257520427569BB
:10C330006C64202575004661696C656420746F200B
:10C340007265616420737570706F727465642076B5
:10C35000656E646F7220636F6D6D616E647300460D
:10C3600061696C656420746F207265616420737507
:10C3700070706F727465642076656E646F7220668B
:10C38000656174757265730048434920647269760B
:10C390006572206973206E6F742072656164790024
:10C3A0004254205258205751004843492064726932
:10C3B000766572206F70656E206661696C656420B9
:10C3C0002825642900556E6578706563746564205E
:10C3D000484F53545F4E554D5F434F4D504C45545D
:10C3E00045445F5041434B4554532C207374617452
:10C3F00075732030782530327820257300556E63B0
:10C400006C65617265642070656E64696E67207327
:10C41000656E745F636D6400312E306200312E31C1
:10C4200000312E3200322E3000322E3100332E30C9
:10C4300000342E3000342E3100342E3200352E30B0
:10C4400000352E3100352E3200352E3300352E3496
:10C4500000362E3000362E3100362E3200537461F5
:10C460006E6461726420426C7565746F6F746820CD
:10C47000636F6E74726F6C6C65720056656E646F7C
:10C480007220737065636966696320636F6E74728E
:10C490006F6C6C6572004669726D77617265206CB5
:10C4A0006F616465720052657363756520696D61C3
:10C4B0006765007265736572766564006E52463515
:10C4C0003178006E5246353278006E5246353378F8
:10C4D000006E524635344878006E524635344C78FA
:10C4E00000496E74656C20436F72706F726174697D
:10C4F0006F6E004E6F726469632053656D69636F80
:10C500006E647563746F72004E58502053656D6988
:10C51000636F6E647563746F7273004573707265D8
:10C52000737369662053797374656D730062745F09
:10C530006863695F636F726500574553545F544F7A
:10C54000504449522F7A65706879722F73756273FF
:10C5500079732F626C7565746F6F74682F686F7371
:10C56000742F6863695F636F6D6D6F6E2E63006318
:10C570006D6420646973616C6C6F776564004F6EE5
:10C580006C792072616E646F6D207374617469637D
:10C59000206964656E74697479206164647265737E
:10C5A0007320737570706F7274656400496E766184
:10C5B0006C696420696E70757420706172616D655C
:10C5C00074657273004661696C656420746F2072D3
:10C5D000656164207075626C696320616464726572
:10C5E0007373005265616420537461746963204100
:10C5F000646472657373657320636F6D6D616E64DF
:10C60000206E6F7420617661696C61626C650046B2
:10C6100061696C656420746F207265616420737455
:10C620006174696320616464726573736573004E3D
:10C630006F207374617469632061646472657373DD
:10C6400065732073746F72656420696E20636F6E0A
:10C6500074726F6C6C657200556E61626C652074EB
:10C660006F20736574206964656E746974792061E4
:10C6700064647265737300556E61626C6520746FDB
:10C68000207365742072616E646F6D2061646472E2
:10C690006573730062745F696400556E65787065D8
:10C6A0006374656420656E64206F662062756666DB
:10C6B00065720062745F7363616E00636C6F636BBD
:10C6C000403430303030303030006866636C6B009E
:10C6D0006C66636C6B00636C6F636B5F636F6E742F
:10C6E000726F6C0072616E646F6D40343030306414
:10C6F000303030006770696F403530303030333063
:10C7000030006770696F4035303030303030300085
:10C710004661696C656420746F20616C6C6F636145
:10C72000746520505049204368616E6E656C0075D9
:10C7300061727440343030303230303000756172A4
:10C74000745F6E7266785F756172746500466169C8
:10C750006C656420746F20616C6C6F63617465201C
:10C760004750494F5445206368616E6E656C206682
:10C770006F722057414B45004661696C65642074B7
:10C780006F20636F6E6669677572652057414B4510
:10C790002070696E0055706461746520657863650A
:10C7A0006564732063757272656E74206275666667
:10C7B00065720048616C662D6475706C6578206EDA
:10C7C0006F7420737570706F7274656400536C6160
:10C7D0007665206D6F6465206973206E6F742073B9
:10C7E0007570706F72746564206F6E202573004CD5
:10C7F0006F6F706261636B206D6F64652069732079
:10C800006E6F7420737570706F7274656400576F0B
:10C8100072642073697A6573206F7468657220741E
:10C8200068616E2038206269747320617265206EC1
:10C830006F7420737570706F7274656400467265F2
:10C840007175656E63696573206C6F7765722074AE
:10C8500068616E20313235206B487A206172652024
:10C860006E6F7420737570706F72746564004661CA
:10C87000696C656420746F20696E697469616C69A4
:10C880007A65206E726678206472697665723A20E5
:10C8900025640057616974696E6720666F7220575E
:10C8A000414B452061636B6E6F776C6564676D65A6
:10C8B0006E742074696D6564206F75740054696DC1
:10C8C000656F75742077616974696E6720666F7231
:10C8D000207472616E7366657220636F6D706C6533
:10C8E000746500737069403430303034303030005B
:10C8F0007370695F6E7266785F737069004353206E
:10C900004750494F20706F72742025732070696EF4
:10C91000202564206973206E6F74207265616479CC
:10C9200000737069403430303266303030007370DC
:10C93000695F6E7266785F7370696D0077617463AA
:10C9400068646F67403430303130303030007764A5
:10C95000745F6E7266780048616C74696E672073EC
:10C96000797374656D003E3E3E205A4550485952D9
:10C9700020464154414C204552524F522025643AA2
:10C98000202573206F6E204350552025640046619A
:10C99000756C7420647572696E6720696E74657257
:10C9A000727570742068616E646C696E670A00430A
:10C9B000757272656E74207468726561643A2025C0
:10C9C00070202825732900435055206578636570D1
:10C9D00074696F6E00556E68616E646C6564206981
:10C9E0006E7465727275707400537461636B206F3E
:10C9F000766572666C6F77004B65726E656C206F42
:10CA00006F7073004B65726E656C2070616E696348
:10CA10000069646C65006D61696E002A2A2A2042F3
:10CA20006F6F74696E67205A6570687972204F5312
:10CA3000206275696C64203166363438356563610F
:10CA4000323534202A2A2A0A00737973776F726B81
:10CA50007100286E756C6C29002A666C6F61742AEF
:10CA600000206D657373616765732064726F707009
:10CA70006564202D2D2D0D0A1B5B306D001B5B3175
:10CA80003B33316D2D2D2D2000000C23000D1E0099
:10CA90000ED2001A01001FAA002407002712002846
:10CAA000C1002994002AC10030D800359F003B0204
:10CAB000004000004130012340A584998D0DBDB197
:10CAC000545003A97D1962E69A459D408715EBC92C
:10CAD0000BEC67FDEABFF7965BC21CAE6A5A4102D7
:10CAE0004F5CF434089373533F0C52655E28A10FDA
:10CAF000B509369B3D2669CD9F1B9E742E2DB2EE47
:10CB0000FBF64D61CE7B3E7197F568002C601FC827
:10CB1000EDBE46D94BDED4E84A6B2AE516C5D7559B
:10CB200094CF100681F044BAE3F3FEC08AADBC484E
:10CB300004DFC17563301A0E6D4C14352FE1A2CCA1
:10CB40003957F28247ACE72B95A098D17F667EAB30
:10CB500083CA29D33C79E21D763B564E1EDB0A6C14
:10CB6000E45D6EEFA6A8A4378B324359B78C64D22C
:10CB7000E0B4FA0725AF8EE918D5886F7224F1C7A3
:10CB800051237C9C21DDDC86859042C4AAD8050116
:10CB900012A35FF9D0915827B93813B333BB70890A
:10CBA000A7B622922049FF787A8FF88017DA31C62B
:10CBB000B8C3B07711CBFCD63AC6F8EEF6FFD6DE96
:10CBC000916002CE56E7B54DEC8F1F89FAEFB28E19
:10CBD000FB41B35F452353E49B75E13D4C6C7EF50F
:10CBE000836851D1F9E2AB622A0895469D30370A35
:10CBF0002F0E241BDFCD4E7FEA121D583436DCB4D5
:10CC00005BA476B77D52DD5E13A6B900C140E3791F
:10CC1000B6D48D67729498B085BBC54FED869A6681
:10CC2000118AE904FEA078254BA25D80053F2170A2
:10CC3000F16377AF4220E5FDBF811826C3BE35887A
:10CC40002E9355FC7AC8BA32E6C0199EA344543BD1
:10CC50000B8CC76B28A7BC16ADDB647414920C4810
:10CC6000B89FBD43C43931D3F2D58B6EDA01B19C84
:10CC700049D8ACF3CFCAF447106FF04A5C38577309
:10CC800097CBA1E83E96610D0FE07C71CC9006F742
:10CC90001CC26AAE6917993A27D9EB2B22D2A90791
:10CCA000332D3C15C987AA50A50359091A65D784A5
:10CCB000D082295A1E7BA86D2C637C777BF26B6F28
:10CCC000C53001672BFED7AB76CA82C97DFA5947BA
:10CCD000F0ADD4A2AF9CA472C0B7FD9326363FF747
:10CCE000CC34A5E5F171D8311504C723C3189605D6
:10CCF0009A071280E2EB27B27509832C1A1B6E5A31
:10CD0000A0523BD6B329E32F8453D100ED20FCB1D0
:10CD10005B6ACBBE394A4C58CFD0EFAAFB434D33A8
:10CD20008545F9027F503C9FA851A3408F929D38C2
:10CD3000F5BCB6DA2110FFF3D2CD0C13EC5F9744AB
:10CD400017C4A77E3D645D197360814FDC222A9071
:10CD50008846EEB814DE5E0BDBE0323A0A49062460
:10CD60005CC2D3AC629195E479E7C8376D8DD54E3E
:10CD7000A96C56F4EA657AAE08BA78252E1CA6B4DA
:10CD8000C6E8DD741F4BBD8B8A703EB5664803F65E
:10CD90000E613557B986C11D9EE1F8981169D98E8B
:10CDA000949B1E87E9CE5528DF8CA1890DBFE642F2
:10CDB0006841992D0FB054BB16080A0C0D0E1012C5
:10CDC0001415181A1B1D1E21240203050205010655
:10CDD000020205020206030201050404000000002D
:10CDE0000000000000000000020B357DF2F20000A0
:10CDF000003581F2F2F2F200000A0908080B0A0974
:10CE0000080C0B0A090D0C0B0A0D0D0C0B0A090876
:10CE100007080000000C0B0A0908070000000000CA
:10CE200000000000FFFFFFFFFFFF00000000000008
:10CE30003031323334353637383961626364656690
:10CE400000010400020000000200000000000000D9
:10CE500005000000000000000000000000000000CD
:10CE600005030502000A000102030405060700206D
:10CE70003030303030303030303030303030000111
:10CE800000000000000000000000000000000000A2
:10CE90000000000000000000000000000000000092
:10CEA0000000000000000000000000000000000082
:10CEB0000000000000000000000000000000000072
:10CEC0000000000000000000000000000000000062
:10CED0000000000000000000000000000000000052
:10CEE0000000000000000000000000000000000042
:10CEF0000000000000000000000000000000000032
:10CF00000000000000000000000000000000000021
:10CF10000000000000000000000000000000000011
:10CF20000000000000000000000000000000000001
:10CF300000000000000000000000000000000000F1
:10CF40000000000000000000C1C20000000000005E
:10CF500000000000000000000000000000000000D1
:10CF600000000000000000000000000000000000C1
:10CF700000000000000000000000000000000000B1
:10CF800000000000000000000000000000000000A1
:10CF90000000000000000000000000000000000091
:10CFA0000000000000000000000000000000000081
:10CFB000409D0100000000001F0000000000000074
:10CFC000FFFFFFFFFF1F0000FFFFFFFFA35B01004C
:10CFD0003F630100A8A20100000000000000000063
:10CFE000B166010000000000000000000060004089
:10CFF0000000000000000000000000000000000031
:10D000000000000000000000000000000000000020
:10D010000000000000000000000000000000000010
:10D020000000000000000000000000000000000000
:10D0300000000000000000000000000000000000F0
:10D0400000000000000000000000000000000000E0
:10D0500000000000000000000000000000000000D0
:10D0600000000000000000000000000000000000C0
:10D0700000000000000000000000000000000000B0
:10D08000F96701000000000000000000010000003E
:10D09000D9540000C1530000ED5200009D52000021
:10D0A0004D510000000000000000000095C300008A
:10D0B0000000000000000000000000005DB900005A
:10D0C000000000000000000000000000304C0020C4
:10D0D00000000000C5E5000000000000384C002002
:10D0E0000000000065DE000000000000404C002051
:10D0F00000000000E9F7000000000000484C00209C
:10D1000000000000A9DD000000000000EC5200203B
:10D11000000000009500010000000000F452002013
:10D120000000000055F5000000000000145300202E
:10D1300000000000E9F70000000000001C53002080
:10D1400000000000E9F70000000000005854002033
:10D1500000000000FDD50000000000005054002039
:10D1600000000000FDD50000000000004854002031
:10D170000000000075D300000000000040540020B3
:10D1800000000000FDD50000000000003854002021
:10D190000000000075D300000000000030540020A3
:10D1A00000000000FDD5000000400040000000002D
:10D1B000000000000000000000000000000000006F
:10D1C000000000000000000000000000000000005F
:10D1D0000000000000000000000000005C030020D0
:10D1E0005C03002000000000010000006C03002030
:10D1F0006C03002074030020740300200000000072
:10D2000001000000840300208403002000000000CF
:10D21000000000000000000000000000000000000E
:10D2200000000000000000000000000000000000FE
:10D230005C9D0100000000000000000000F00240C2
:10D2400000000000000000000000000000000000DE
:10D2500000000000000000000000000000000000CE
:10D260000000000000000000000000000CAA010007
:10D2700001000000F4030020F4030020000000007F
:10D280000100000004040020040400200C0400201D
:10D290000C04002000000000010000001C0400201D
:10D2A0001C0400200000000000000000000000003E
:10D2B000000000000000000000000000000000006E
:10D2C0000000000000000000789D01000000000048
:10D2D00000000000755D00206D5D00200000014031
:10D2E000000000000000000000000000000000003E
:10D2F000000000000000000000000000000000002E
:10D30000000000000000000000000000000000001D
:10D31000000000000090D003FF0000009002000019
:10D32000A0040020A0040020A8040020A8040020DD
:10D3300008008182800184858302878886038A8B26
:05D34000890407058DC2
:10D3450000000000000000000000000000000000D8
:07D3550000000000000000D1
:10D35C0000000000000000000000000000000000C1
:10D36C0000000000000000000000000000000000B1
:10D37C0000000000000000000000000000000000A1
:10D38C000000000000000000000000000000000091
:04D39C00000000008D
:04D3A0000000000089
:10D3A8000000000000000000C94C0100000000005F
:10D3B800000000000000000040050020400500209B
:10D3C80071440000000000000000000000000000A0
:08D3D80000000000000000004D
:10D3E0006005002060050020000000000000000033
:10D3F0000E000000740500207405002000000000ED
:08D40000000000000E00000016
:10D4080088050020880500200000000001000000B9
:10D418009805002098050020A0050020A005002000
:10D428000000000001000000B0050020B005002049
:10D43800B8050020B8050020000000000100000029
:08D44800C8050020C805002002
:10D45000000000000000000000000000DC050020CB
:10D46000DC050020E4050020E405002000000300A6
:10D4700003000000000000000CA60100ECCE00201C
:10D480000000000000000000000000000C0600206A
:10D490000C060020140600201406002000000100E5
:10D4A0000100000000000000A8A6010098D00020A4
:10D4B0000000000000000000000000003C0600200A
:10D4C0003C060020440600204406002000000A001C
:10D4D0000A00040031B40000F8A5010048CD002086
:10D4E0000000000000000000000000006C060020AA
:10D4F0006C06002074060020740600200000010065
:10D50000010000000000000020A6010038D000202B
:04D5100015E015E02D
:04000003000036CDF6
:00000001FF
